Entry	Gene Names	Glycosylation	Lipidation
P15514	AREG AREGB SDGF	CARBOHYD 30; /note="N-linked (GlcNAc...) asparagine"; /evidence="ECO:0000255"; CARBOHYD 113; /note="N-linked (GlcNAc...) asparagine"; /evidence="ECO:0000255"; CARBOHYD 119; /note="N-linked (GlcNAc...) asparagine"	
Q9UKQ2	ADAM28 ADAM23 MDCL	CARBOHYD 268; /note="N-linked (GlcNAc...) asparagine"; /evidence="ECO:0000255"; CARBOHYD 275; /note="N-linked (GlcNAc...) asparagine"; /evidence="ECO:0000255"; CARBOHYD 557; /note="N-linked (GlcNAc...) asparagine"; /evidence="ECO:0000255"; CARBOHYD 602; /note="N-linked (GlcNAc...) asparagine"; /evidence="ECO:0000255"; CARBOHYD 628; /note="N-linked (GlcNAc...) asparagine"; /evidence="ECO:0000255"	
O60241	ADGRB2 BAI2	CARBOHYD 106; /note="N-linked (GlcNAc...) asparagine"; /evidence="ECO:0000255"; CARBOHYD 191; /note="N-linked (GlcNAc...) asparagine"; /evidence="ECO:0000255"; CARBOHYD 192; /note="N-linked (GlcNAc...) asparagine"; /evidence="ECO:0000255"; CARBOHYD 266; /note="O-linked (Xyl...) (chondroitin sulfate) serine"; /evidence="ECO:0000269|PubMed:25326458"; CARBOHYD 356; /note="N-linked (GlcNAc...) asparagine"; /evidence="ECO:0000255"; CARBOHYD 437; /note="N-linked (GlcNAc...) asparagine"; /evidence="ECO:0000255"; CARBOHYD 560; /note="N-linked (GlcNAc...) asparagine"; /evidence="ECO:0000255"; CARBOHYD 645; /note="N-linked (GlcNAc...) asparagine"; /evidence="ECO:0000255"; CARBOHYD 867; /note="N-linked (GlcNAc...) asparagine"; /evidence="ECO:0000255"	
P52961	ART1	CARBOHYD 65; /note="N-linked (GlcNAc...) asparagine"; /evidence="ECO:0000255"; CARBOHYD 253; /note="N-linked (GlcNAc...) asparagine"; /evidence="ECO:0000255"	LIPID 295; /note="GPI-anchor amidated serine"; /evidence="ECO:0000255"
P02656	APOC3	CARBOHYD 94; /note="O-linked (GalNAc...) threonine"; /evidence="ECO:0000269|PubMed:19838169, ECO:0000269|PubMed:23527852, ECO:0000269|PubMed:3123586"; /id="CAR_000168"	
P02649	APOE	CARBOHYD 26; /note="O-linked (GalNAc...) threonine"; /evidence="ECO:0000269|PubMed:23234360"; CARBOHYD 36; /note="O-linked (GalNAc...) threonine"; /evidence="ECO:0000269|PubMed:23234360"; CARBOHYD 93; /note="N-linked (Glc) (glycation) lysine"; /evidence="ECO:0000269|PubMed:10452964"; CARBOHYD 212; /note="O-linked (GalNAc...) threonine"; /evidence="ECO:0000269|PubMed:19838169, ECO:0000269|PubMed:2498325"; CARBOHYD 307; /note="O-linked (GalNAc...) threonine"; /evidence="ECO:0000269|PubMed:19838169"; CARBOHYD 308; /note="O-linked (GalNAc...) serine"; /evidence="ECO:0000269|PubMed:19838169, ECO:0000269|PubMed:20511397"; CARBOHYD 314; /note="O-linked (GalNAc...) serine"; /evidence="ECO:0000269|PubMed:23234360"	
P50052	AGTR2	CARBOHYD 4; /note="N-linked (GlcNAc...) asparagine"; /evidence="ECO:0000255"; CARBOHYD 13; /note="N-linked (GlcNAc...) asparagine"; /evidence="ECO:0000255"; CARBOHYD 24; /note="N-linked (GlcNAc...) asparagine"; /evidence="ECO:0000255"; CARBOHYD 29; /note="N-linked (GlcNAc...) asparagine"; /evidence="ECO:0000255"; CARBOHYD 34; /note="N-linked (GlcNAc...) asparagine"; /evidence="ECO:0000255"	
P13637	ATP1A3		
P29275	ADORA2B	CARBOHYD 153; /note="N-linked (GlcNAc...) asparagine"; /evidence="ECO:0000255"; CARBOHYD 163; /note="N-linked (GlcNAc...) asparagine"; /evidence="ECO:0000255"	LIPID 311; /note="S-palmitoyl cysteine"; /evidence="ECO:0000255"
O15123	ANGPT2	CARBOHYD 89; /note="N-linked (GlcNAc...) asparagine"; /evidence="ECO:0000255"; CARBOHYD 119; /note="N-linked (GlcNAc...) asparagine"; /evidence="ECO:0000255"; CARBOHYD 133; /note="N-linked (GlcNAc...) asparagine"; /evidence="ECO:0000255"; CARBOHYD 151; /note="N-linked (GlcNAc...) asparagine"; /evidence="ECO:0000255"; CARBOHYD 240; /note="N-linked (GlcNAc...) asparagine"; /evidence="ECO:0000255"; CARBOHYD 304; /note="N-linked (GlcNAc...) asparagine"; /evidence="ECO:0000255"	
Q08828	ADCY1	CARBOHYD 704; /note="N-linked (GlcNAc...) asparagine"; /evidence="ECO:0000255"	
P30542	ADORA1	CARBOHYD 159; /note="N-linked (GlcNAc...) asparagine"; /evidence="ECO:0000255"	LIPID 309; /note="S-palmitoyl cysteine"; /evidence="ECO:0000255"
P04114	APOB	CARBOHYD 34; /note="N-linked (GlcNAc...) asparagine"; /evidence="ECO:0000255"; CARBOHYD 185; /note="N-linked (GlcNAc...) asparagine"; /evidence="ECO:0000269|PubMed:19159218"; CARBOHYD 983; /note="N-linked (GlcNAc...) asparagine"; /evidence="ECO:0000255"; CARBOHYD 1368; /note="N-linked (GlcNAc...) asparagine"; /evidence="ECO:0000255"; CARBOHYD 1377; /note="N-linked (GlcNAc...) asparagine"; /evidence="ECO:0000255"; CARBOHYD 1523; /note="N-linked (GlcNAc...) asparagine"; /evidence="ECO:0000269|PubMed:16335952, ECO:0000269|PubMed:19159218"; CARBOHYD 2239; /note="N-linked (GlcNAc...) asparagine"; /evidence="ECO:0000269|PubMed:19159218"; CARBOHYD 2560; /note="N-linked (GlcNAc...) asparagine"; /evidence="ECO:0000255"; CARBOHYD 2779; /note="N-linked (GlcNAc...) asparagine"; /evidence="ECO:0000269|PubMed:19159218"; CARBOHYD 2982; /note="N-linked (GlcNAc...) asparagine"; /evidence="ECO:0000269|PubMed:16335952, ECO:0000269|PubMed:19159218"; CARBOHYD 3101; /note="N-linked (GlcNAc...) asparagine"; /evidence="ECO:0000269|PubMed:19159218"; CARBOHYD 3224; /note="N-linked (GlcNAc...) asparagine"; /evidence="ECO:0000269|PubMed:19159218"; CARBOHYD 3336; /note="N-linked (GlcNAc...) asparagine"; /evidence="ECO:0000255"; CARBOHYD 3358; /note="N-linked (GlcNAc...) asparagine"; /evidence="ECO:0000269|PubMed:14760718"; CARBOHYD 3411; /note="N-linked (GlcNAc...) asparagine"; /evidence="ECO:0000269|PubMed:19159218"; CARBOHYD 3465; /note="N-linked (GlcNAc...) asparagine"; /evidence="ECO:0000269|PubMed:16335952, ECO:0000269|PubMed:19159218"; CARBOHYD 3895; /note="N-linked (GlcNAc...) asparagine"; /evidence="ECO:0000269|PubMed:16335952, ECO:0000269|PubMed:19159218"; CARBOHYD 4237; /note="N-linked (GlcNAc...) asparagine"; /evidence="ECO:0000255"; CARBOHYD 4431; /note="N-linked (GlcNAc...) asparagine"; /evidence="ECO:0000255"	LIPID 1112; /note="S-palmitoyl cysteine"; /evidence="ECO:0000269|PubMed:10679026"
P05090	APOD	CARBOHYD 65; /note="N-linked (GlcNAc...) (complex) asparagine"; /evidence="ECO:0000269|PubMed:19159218, ECO:0000269|PubMed:22171320, ECO:0000269|PubMed:7613477, ECO:0000269|PubMed:7918467"; CARBOHYD 98; /note="N-linked (GlcNAc...) (complex) asparagine"; /evidence="ECO:0000269|PubMed:14760718, ECO:0000269|PubMed:16335952, ECO:0000269|PubMed:19139490, ECO:0000269|PubMed:19159218, ECO:0000269|PubMed:19838169, ECO:0000269|PubMed:22171320, ECO:0000269|PubMed:7613477, ECO:0000269|PubMed:7918467"	
P07306	ASGR1 CLEC4H1	CARBOHYD 79; /note="N-linked (GlcNAc...) asparagine"; /evidence="ECO:0000269|PubMed:19159218"; CARBOHYD 147; /note="N-linked (GlcNAc...) asparagine"; /evidence="ECO:0000269|PubMed:19159218"	LIPID 36; /note="S-palmitoyl cysteine"; /evidence="ECO:0000269|PubMed:12171918, ECO:0000269|PubMed:8943311"
Q9ULZ1	APLN APEL		
P07307	ASGR2 CLEC4H2	CARBOHYD 102; /note="N-linked (GlcNAc...) asparagine"; /evidence="ECO:0000269|PubMed:16335952, ECO:0000269|PubMed:19159218"; CARBOHYD 170; /note="N-linked (GlcNAc...) asparagine"; /evidence="ECO:0000269|PubMed:19159218"; CARBOHYD 305; /note="N-linked (GlcNAc...) asparagine"	LIPID 54; /note="S-palmitoyl cysteine"; /evidence="ECO:0000250"
Q99965	ADAM2 FTNB	CARBOHYD 122; /note="N-linked (GlcNAc...) asparagine"; /evidence="ECO:0000255"; CARBOHYD 220; /note="N-linked (GlcNAc...) asparagine"; /evidence="ECO:0000255"; CARBOHYD 353; /note="N-linked (GlcNAc...) asparagine"; /evidence="ECO:0000255"; CARBOHYD 459; /note="N-linked (GlcNAc...) asparagine"; /evidence="ECO:0000255"; CARBOHYD 566; /note="N-linked (GlcNAc...) asparagine"; /evidence="ECO:0000255"	
P18509	ADCYAP1		
Q7Z4H4	ADM2 AM2		
P84077	ARF1		LIPID 2; /note="N-myristoyl glycine; alternate"; /evidence="ECO:0000269|PubMed:20213681, ECO:0000269|PubMed:23535599, ECO:0000269|PubMed:25255805, ECO:0000269|PubMed:25807930"
P40145	ADCY8	CARBOHYD 817; /note="N-linked (GlcNAc...) asparagine"; /evidence="ECO:0000255"; CARBOHYD 821; /note="N-linked (GlcNAc...) asparagine"; /evidence="ECO:0000255"; CARBOHYD 888; /note="N-linked (GlcNAc...) asparagine"; /evidence="ECO:0000255"	
Q9UM73	ALK	CARBOHYD 169; /note="N-linked (GlcNAc...) asparagine"; /evidence="ECO:0000255"; CARBOHYD 244; /note="N-linked (GlcNAc...) asparagine"; /evidence="ECO:0000255"; CARBOHYD 285; /note="N-linked (GlcNAc...) asparagine"; /evidence="ECO:0000255"; CARBOHYD 324; /note="N-linked (GlcNAc...) asparagine"; /evidence="ECO:0000255"; CARBOHYD 411; /note="N-linked (GlcNAc...) asparagine"; /evidence="ECO:0000255"; CARBOHYD 424; /note="N-linked (GlcNAc...) asparagine"; /evidence="ECO:0000255"; CARBOHYD 445; /note="N-linked (GlcNAc...) asparagine"; /evidence="ECO:0000255"; CARBOHYD 563; /note="N-linked (GlcNAc...) asparagine"; /evidence="ECO:0000255"; CARBOHYD 571; /note="N-linked (GlcNAc...) asparagine"; /evidence="ECO:0000255"; CARBOHYD 627; /note="N-linked (GlcNAc...) asparagine"; /evidence="ECO:0000255"; CARBOHYD 709; /note="N-linked (GlcNAc...) asparagine"; /evidence="ECO:0000255"; CARBOHYD 808; /note="N-linked (GlcNAc...) asparagine"; /evidence="ECO:0000255"; CARBOHYD 863; /note="N-linked (GlcNAc...) asparagine"; /evidence="ECO:0000255"; CARBOHYD 864; /note="N-linked (GlcNAc...) asparagine"; /evidence="ECO:0000255"; CARBOHYD 886; /note="N-linked (GlcNAc...) asparagine"; /evidence="ECO:0000255"; CARBOHYD 986; /note="N-linked (GlcNAc...) asparagine"; /evidence="ECO:0000255"	
P41586	ADCYAP1R1	CARBOHYD 48; /note="N-linked (GlcNAc...) asparagine"; /evidence="ECO:0000255"; CARBOHYD 60; /note="N-linked (GlcNAc...) asparagine"; /evidence="ECO:0000255"; CARBOHYD 117; /note="N-linked (GlcNAc...) asparagine"; /evidence="ECO:0000255"; CARBOHYD 300; /note="N-linked (GlcNAc...) asparagine"; /evidence="ECO:0000255"; CARBOHYD 375; /note="N-linked (GlcNAc...) asparagine"; /evidence="ECO:0000255"	
Q13705	ACVR2B	CARBOHYD 42; /note="N-linked (GlcNAc...) asparagine"; /evidence="ECO:0000269|PubMed:22718755"; CARBOHYD 65; /note="N-linked (GlcNAc...) asparagine"; /evidence="ECO:0000269|PubMed:22718755"	
Q5T4W7	ARTN EVN	CARBOHYD 202; /note="N-linked (GlcNAc...) asparagine"; /evidence="ECO:0000255"	
P35318	ADM AM		
Q16613	AANAT SNAT		
P03971	AMH MIF	CARBOHYD 64; /note="N-linked (GlcNAc...) asparagine"; /evidence="ECO:0000255|PROSITE-ProRule:PRU00498"; CARBOHYD 329; /note="N-linked (GlcNAc...) asparagine"; /evidence="ECO:0000255|PROSITE-ProRule:PRU00498"	
Q9UKV5	AMFR RNF45		
P30530	AXL UFO	CARBOHYD 43; /note="N-linked (GlcNAc...) asparagine"; /evidence="ECO:0000255"; CARBOHYD 157; /note="N-linked (GlcNAc...) asparagine"; /evidence="ECO:0000255"; CARBOHYD 198; /note="N-linked (GlcNAc...) asparagine"; /evidence="ECO:0000255"; CARBOHYD 339; /note="N-linked (GlcNAc...) asparagine"; /evidence="ECO:0000255"; CARBOHYD 345; /note="N-linked (GlcNAc...) asparagine"; /evidence="ECO:0000255"; CARBOHYD 401; /note="N-linked (GlcNAc...) asparagine"; /evidence="ECO:0000255"	
P01185	AVP ARVP VP	CARBOHYD 131; /note="N-linked (GlcNAc...) asparagine"	
P25311	AZGP1 ZAG ZNGP1	CARBOHYD 109; /note="N-linked (GlcNAc...) (complex) asparagine"; /evidence="ECO:0000269|PubMed:10206894, ECO:0000269|PubMed:16740002, ECO:0000269|PubMed:18780401, ECO:0000269|PubMed:19139490, ECO:0000269|PubMed:19159218"; CARBOHYD 112; /note="N-linked (GlcNAc...) asparagine"; /evidence="ECO:0000269|PubMed:14760718, ECO:0000269|PubMed:16335952, ECO:0000269|PubMed:16740002, ECO:0000269|PubMed:18780401, ECO:0000269|PubMed:19159218"; CARBOHYD 128; /note="N-linked (GlcNAc...) (complex) asparagine"; /evidence="ECO:0000269|PubMed:10206894, ECO:0000269|PubMed:14760718, ECO:0000269|PubMed:15084671, ECO:0000269|PubMed:15477100, ECO:0000269|PubMed:16740002, ECO:0000269|PubMed:18780401, ECO:0000269|PubMed:19139490, ECO:0000269|PubMed:19159218, ECO:0000269|PubMed:22171320"; CARBOHYD 259; /note="N-linked (GlcNAc...) asparagine"; /evidence="ECO:0000269|PubMed:10206894, ECO:0000269|PubMed:15477100, ECO:0000269|PubMed:18930737"	
Q86V24	ADIPOR2 PAQR2		
Q15389	ANGPT1 KIAA0003	CARBOHYD 92; /note="N-linked (GlcNAc...) asparagine"; /evidence="ECO:0000255"; CARBOHYD 122; /note="N-linked (GlcNAc...) asparagine"; /evidence="ECO:0000255"; CARBOHYD 154; /note="N-linked (GlcNAc...) asparagine"; /evidence="ECO:0000255"; CARBOHYD 243; /note="N-linked (GlcNAc...) asparagine"; /evidence="ECO:0000255"; CARBOHYD 295; /note="N-linked (GlcNAc...) asparagine"; /evidence="ECO:0000255"	
O60503	ADCY9 KIAA0520	CARBOHYD 206; /note="N-linked (GlcNAc...) asparagine"; /evidence="ECO:0000255"; CARBOHYD 955; /note="N-linked (GlcNAc...) asparagine"; /evidence="ECO:0000255"; CARBOHYD 964; /note="N-linked (GlcNAc...) asparagine"; /evidence="ECO:0000255"	
P13945	ADRB3 ADRB3R B3AR	CARBOHYD 8; /note="N-linked (GlcNAc...) asparagine"; /evidence="ECO:0000255"; CARBOHYD 26; /note="N-linked (GlcNAc...) asparagine"; /evidence="ECO:0000255"	LIPID 361; /note="S-palmitoyl cysteine"; /evidence="ECO:0000250"
P37288	AVPR1A AVPR1	CARBOHYD 27; /note="N-linked (GlcNAc...) asparagine"; /evidence="ECO:0000255"; CARBOHYD 196; /note="N-linked (GlcNAc...) asparagine"; /evidence="ECO:0000255"	LIPID 365; /note="S-palmitoyl cysteine"; /evidence="ECO:0000250"; LIPID 366; /note="S-palmitoyl cysteine"; /evidence="ECO:0000250"
P51828	ADCY7 KIAA0037	CARBOHYD 701; /note="N-linked (GlcNAc...) asparagine"; /evidence="ECO:0000255"; CARBOHYD 776; /note="N-linked (GlcNAc...) asparagine"; /evidence="ECO:0000255"; CARBOHYD 781; /note="N-linked (GlcNAc...) asparagine"; /evidence="ECO:0000255"	
P29972	AQP1 CHIP28	CARBOHYD 42; /note="N-linked (GlcNAc...) asparagine"; /evidence="ECO:0000255"; CARBOHYD 205; /note="N-linked (GlcNAc...) asparagine"; /evidence="ECO:0000255"	
P01019	AGT SERPINA8	CARBOHYD 38; /note="N-linked (GlcNAc...) asparagine"; /evidence="ECO:0000269|PubMed:16335952, ECO:0000269|PubMed:19159218, ECO:0000269|PubMed:3934016"; CARBOHYD 161; /note="N-linked (GlcNAc...) asparagine"; /evidence="ECO:0000269|PubMed:3934016"; CARBOHYD 295; /note="N-linked (GlcNAc...) asparagine"; /evidence="ECO:0000269|PubMed:3934016"; CARBOHYD 319; /note="N-linked (GlcNAc...) asparagine"; /evidence="ECO:0000269|PubMed:3934016"	
Q04771	ACVR1 ACVRLK2	CARBOHYD 102; /note="N-linked (GlcNAc...) asparagine"; /evidence="ECO:0000255"	
Q99217	AMELX AMG AMGX		
O75077	ADAM23 MDC3	CARBOHYD 76; /note="N-linked (GlcNAc...) asparagine"; /evidence="ECO:0000255"; CARBOHYD 96; /note="N-linked (GlcNAc...) asparagine"; /evidence="ECO:0000255"; CARBOHYD 100; /note="N-linked (GlcNAc...) asparagine"; /evidence="ECO:0000255"; CARBOHYD 263; /note="N-linked (GlcNAc...) asparagine"; /evidence="ECO:0000255"; CARBOHYD 547; /note="N-linked (GlcNAc...) asparagine"; /evidence="ECO:0000255"; CARBOHYD 548; /note="N-linked (GlcNAc...) asparagine"; /evidence="ECO:0000255"; CARBOHYD 664; /note="N-linked (GlcNAc...) asparagine"; /evidence="ECO:0000255"; CARBOHYD 732; /note="N-linked (GlcNAc...) asparagine"; /evidence="ECO:0000255"	
Q8NER5	ACVR1C ALK7		
P27037	ACVR2A ACVR2	CARBOHYD 43; /note="N-linked (GlcNAc...) asparagine"; /evidence="ECO:0000255"; CARBOHYD 66; /note="N-linked (GlcNAc...) asparagine"; /evidence="ECO:0000255"	
P18089	ADRA2B ADRA2L1 ADRA2RL1		LIPID 442; /note="S-palmitoyl cysteine"; /evidence="ECO:0000255"
Q13444	ADAM15 MDC15	CARBOHYD 237; /note="N-linked (GlcNAc...) asparagine"; /evidence="ECO:0000255"; CARBOHYD 389; /note="N-linked (GlcNAc...) asparagine"; /evidence="ECO:0000255"; CARBOHYD 392; /note="N-linked (GlcNAc...) asparagine"; /evidence="ECO:0000255"; CARBOHYD 606; /note="N-linked (GlcNAc...) asparagine"; /evidence="ECO:0000255"; CARBOHYD 611; /note="N-linked (GlcNAc...) asparagine"; /evidence="ECO:0000255"	
P04083	ANXA1 ANX1 LPC1		
P47901	AVPR1B AVPR3 VPR3	CARBOHYD 21; /note="N-linked (GlcNAc...) asparagine"; /evidence="ECO:0000255"	
Q16671	AMHR2 AMHR MISR2	CARBOHYD 66; /note="N-linked (GlcNAc...) asparagine"; /evidence="ECO:0000255"; CARBOHYD 119; /note="N-linked (GlcNAc...) asparagine"; /evidence="ECO:0000255"	
O00468	AGRN AGRIN	CARBOHYD 135; /note="N-linked (GlcNAc...) asparagine"; /evidence="ECO:0000269|PubMed:19159218"; CARBOHYD 250; /note="N-linked (GlcNAc...) asparagine"; /evidence="ECO:0000255"; CARBOHYD 777; /note="N-linked (GlcNAc...) asparagine"; /evidence="ECO:0000255"; CARBOHYD 932; /note="N-linked (GlcNAc...) asparagine"; /evidence="ECO:0000255"; CARBOHYD 1835; /note="O-linked (Fuc...) serine"; /evidence="ECO:0000250|UniProtKB:P25304"	
P02765	AHSG FETUA PRO2743	CARBOHYD 156; /note="N-linked (GlcNAc...) (complex) asparagine"; /evidence="ECO:0000269|PubMed:14760718, ECO:0000269|PubMed:16335952, ECO:0000269|PubMed:16740002, ECO:0000269|PubMed:19139490, ECO:0000269|PubMed:19159218, ECO:0000269|PubMed:19838169, ECO:0000269|PubMed:22171320"; /id="CAR_000064"; CARBOHYD 176; /note="N-linked (GlcNAc...) (complex) asparagine"; /evidence="ECO:0000269|PubMed:12754519, ECO:0000269|PubMed:16335952, ECO:0000269|PubMed:16740002, ECO:0000269|PubMed:19838169, ECO:0000269|PubMed:22171320"; /id="CAR_000065"; CARBOHYD 270; /note="O-linked (GalNAc...) threonine"; /evidence="ECO:0000255"; /id="CAR_000067"; CARBOHYD 280; /note="O-linked (GalNAc...) serine"; /evidence="ECO:0000255"; CARBOHYD 293; /note="O-linked (GalNAc...) serine"; /evidence="ECO:0000255"; CARBOHYD 339; /note="O-linked (GalNAc...) threonine"; /evidence="ECO:0000250|UniProtKB:P12763"; CARBOHYD 341; /note="O-linked (GalNAc...) threonine"; /evidence="ECO:0000255"; CARBOHYD 346; /note="O-linked (GalNAc...) serine"; /evidence="ECO:0000269|PubMed:22171320"; /id="CAR_000068"	
Q06481	APLP2 APPL2	CARBOHYD 626; /note="O-linked (Xyl...) (chondroitin sulfate) serine"; /evidence="ECO:0000269|PubMed:32337544"	
O00253	AGRP AGRT ART		
P35414	APLNR AGTRL1 APJ	CARBOHYD 15; /note="N-linked (GlcNAc...) asparagine"; /evidence="ECO:0000255"; CARBOHYD 175; /note="N-linked (GlcNAc...) asparagine"; /evidence="ECO:0000255"	
Q8J025	APCDD1 DRAPC1 FP7019	CARBOHYD 100; /note="N-linked (GlcNAc...) asparagine"; /evidence="ECO:0000255"; CARBOHYD 168; /note="N-linked (GlcNAc...) asparagine"; /evidence="ECO:0000255"; CARBOHYD 319; /note="N-linked (GlcNAc...) asparagine"; /evidence="ECO:0000255"	
P08913	ADRA2A ADRA2R ADRAR	CARBOHYD 25; /note="N-linked (GlcNAc...) asparagine"; /evidence="ECO:0000255"; CARBOHYD 29; /note="N-linked (GlcNAc...) asparagine"; /evidence="ECO:0000255"	LIPID 457; /note="S-palmitoyl cysteine"; /evidence="ECO:0000250"
Q9Y264	ANGPT4 ANG3 ANG4	CARBOHYD 96; /note="N-linked (GlcNAc...) asparagine"; /evidence="ECO:0000255"; CARBOHYD 126; /note="N-linked (GlcNAc...) asparagine"; /evidence="ECO:0000255"; CARBOHYD 140; /note="N-linked (GlcNAc...) asparagine"; /evidence="ECO:0000255"; CARBOHYD 158; /note="N-linked (GlcNAc...) asparagine"; /evidence="ECO:0000255"; CARBOHYD 247; /note="N-linked (GlcNAc...) asparagine"; /evidence="ECO:0000255"; CARBOHYD 274; /note="N-linked (GlcNAc...) asparagine"; /evidence="ECO:0000255"; CARBOHYD 311; /note="N-linked (GlcNAc...) asparagine"; /evidence="ECO:0000255"; CARBOHYD 337; /note="N-linked (GlcNAc...) asparagine"; /evidence="ECO:0000255"; CARBOHYD 427; /note="N-linked (GlcNAc...) asparagine"; /evidence="ECO:0000255"	
P07550	ADRB2 ADRB2R B2AR	CARBOHYD 6; /note="N-linked (GlcNAc...) asparagine"; /evidence="ECO:0000305"; CARBOHYD 15; /note="N-linked (GlcNAc...) asparagine"; /evidence="ECO:0000305"	LIPID 265; /note="S-palmitoyl cysteine"; /evidence="ECO:0000269|PubMed:27481942"; LIPID 341; /note="S-palmitoyl cysteine"; /evidence="ECO:0000269|PubMed:17962520, ECO:0000269|PubMed:18547522, ECO:0000269|PubMed:2540197, ECO:0000269|PubMed:27481942"
P61769	B2M CDABP0092 HDCMA22P	CARBOHYD 21; /note="N-linked (Glc) (glycation) isoleucine; in hemodialysis-associated amyloidosis"; /evidence="ECO:0000269|PubMed:7918443"; CARBOHYD 39; /note="N-linked (Glc) (glycation) lysine; in vitro"; /evidence="ECO:0000269|PubMed:7918443"; CARBOHYD 61; /note="N-linked (Glc) (glycation) lysine; in vitro"; /evidence="ECO:0000269|PubMed:7918443"; CARBOHYD 68; /note="N-linked (Glc) (glycation) lysine; in vitro"; /evidence="ECO:0000269|PubMed:7918443"; CARBOHYD 78; /note="N-linked (Glc) (glycation) lysine; in vitro"; /evidence="ECO:0000269|PubMed:7918443"; CARBOHYD 111; /note="N-linked (Glc) (glycation) lysine; in vitro"; /evidence="ECO:0000269|PubMed:7918443"; CARBOHYD 114; /note="N-linked (Glc) (glycation) lysine; in vitro"; /evidence="ECO:0000269|PubMed:7918443"	
Q8TES7	FBF1 ALB KIAA1863		
P37023	ACVRL1 ACVRLK1 ALK1	CARBOHYD 98; /note="N-linked (GlcNAc...) asparagine"; /evidence="ECO:0000255"	
P78536	ADAM17 CSVP TACE	CARBOHYD 103; /note="N-linked (GlcNAc...) asparagine"; /evidence="ECO:0000255"; CARBOHYD 157; /note="N-linked (GlcNAc...) asparagine"; /evidence="ECO:0000255"; CARBOHYD 174; /note="N-linked (GlcNAc...) asparagine"; /evidence="ECO:0000255"; CARBOHYD 264; /note="N-linked (GlcNAc...) asparagine"; /evidence="ECO:0000255"; CARBOHYD 452; /note="N-linked (GlcNAc...) asparagine"; /evidence="ECO:0000255"; CARBOHYD 498; /note="N-linked (GlcNAc...) asparagine"; /evidence="ECO:0000255"; CARBOHYD 539; /note="N-linked (GlcNAc...) asparagine"; /evidence="ECO:0000255"; CARBOHYD 551; /note="N-linked (GlcNAc...) asparagine"; /evidence="ECO:0000255"; CARBOHYD 594; /note="N-linked (GlcNAc...) asparagine"; /evidence="ECO:0000255"	
O14672	ADAM10 KUZ MADM	CARBOHYD 267; /note="N-linked (GlcNAc...) asparagine"; /evidence="ECO:0000255"; CARBOHYD 278; /note="N-linked (GlcNAc...) asparagine"; /evidence="ECO:0000269|PubMed:16263699, ECO:0000269|PubMed:19159218, ECO:0000269|PubMed:19349973, ECO:0000269|PubMed:29224781, ECO:0007744|PDB:6BDZ, ECO:0007744|PDB:6BE6"; CARBOHYD 439; /note="N-linked (GlcNAc...) asparagine"; /evidence="ECO:0000255"; CARBOHYD 551; /note="N-linked (GlcNAc...) asparagine"; /evidence="ECO:0000255"	
P36896	ACVR1B ACVRLK4 ALK4	CARBOHYD 43; /note="N-linked (GlcNAc...) asparagine"; /evidence="ECO:0000255"	
O75882	ATRN KIAA0548 MGCA	CARBOHYD 213; /note="N-linked (GlcNAc...) asparagine"; /evidence="ECO:0000255"; CARBOHYD 237; /note="N-linked (GlcNAc...) asparagine"; /evidence="ECO:0000255"; CARBOHYD 242; /note="N-linked (GlcNAc...) asparagine"; /evidence="ECO:0000255"; CARBOHYD 253; /note="N-linked (GlcNAc...) asparagine"; /evidence="ECO:0000255"; CARBOHYD 264; /note="N-linked (GlcNAc...) asparagine"; /evidence="ECO:0000269|PubMed:14760718, ECO:0000269|PubMed:16335952"; CARBOHYD 300; /note="N-linked (GlcNAc...) (complex) asparagine"; /evidence="ECO:0000269|PubMed:16335952, ECO:0000269|PubMed:19139490"; CARBOHYD 325; /note="N-linked (GlcNAc...) asparagine"; /evidence="ECO:0000255"; CARBOHYD 362; /note="N-linked (GlcNAc...) asparagine"; /evidence="ECO:0000255"; CARBOHYD 383; /note="N-linked (GlcNAc...) (complex) asparagine"; /evidence="ECO:0000269|PubMed:14760718, ECO:0000269|PubMed:16335952, ECO:0000269|PubMed:19139490"; CARBOHYD 416; /note="N-linked (GlcNAc...) asparagine"; /evidence="ECO:0000269|PubMed:16335952, ECO:0000269|PubMed:19159218"; CARBOHYD 428; /note="N-linked (GlcNAc...) asparagine"; /evidence="ECO:0000269|PubMed:16335952"; CARBOHYD 575; /note="N-linked (GlcNAc...) asparagine"; /evidence="ECO:0000269|PubMed:16335952"; CARBOHYD 623; /note="N-linked (GlcNAc...) asparagine"; /evidence="ECO:0000269|PubMed:16335952"; CARBOHYD 731; /note="N-linked (GlcNAc...) (complex) asparagine"; /evidence="ECO:0000269|PubMed:14760718, ECO:0000269|PubMed:19139490"; CARBOHYD 863; /note="N-linked (GlcNAc...) asparagine"; /evidence="ECO:0000255"; CARBOHYD 914; /note="N-linked (GlcNAc...) asparagine"; /evidence="ECO:0000255"; CARBOHYD 923; /note="N-linked (GlcNAc...) asparagine"; /evidence="ECO:0000255"; CARBOHYD 986; /note="N-linked (GlcNAc...) asparagine"; /evidence="ECO:0000255"; CARBOHYD 1043; /note="N-linked (GlcNAc...) asparagine"; /evidence="ECO:0000269|PubMed:16335952"; CARBOHYD 1054; /note="N-linked (GlcNAc...) asparagine"; /evidence="ECO:0000255"; CARBOHYD 1073; /note="N-linked (GlcNAc...) (complex) asparagine"; /evidence="ECO:0000269|PubMed:19139490"; CARBOHYD 1082; /note="N-linked (GlcNAc...) asparagine"; /evidence="ECO:0000255"; CARBOHYD 1198; /note="N-linked (GlcNAc...) asparagine"; /evidence="ECO:0000269|PubMed:16335952"; CARBOHYD 1206; /note="N-linked (GlcNAc...) asparagine"; /evidence="ECO:0000255"; CARBOHYD 1250; /note="N-linked (GlcNAc...) asparagine"; /evidence="ECO:0000269|PubMed:16335952"; CARBOHYD 1259; /note="N-linked (GlcNAc...) asparagine"; /evidence="ECO:0000269|PubMed:16335952"	
Q9Y5C1	ANGPTL3 ANGPT5 UNQ153/PRO179	CARBOHYD 115; /note="N-linked (GlcNAc...) asparagine"; /evidence="ECO:0000269|PubMed:10644446, ECO:0000269|PubMed:16335952"; CARBOHYD 226; /note="O-linked (GalNAc) threonine"; /evidence="ECO:0000269|PubMed:20837471"; CARBOHYD 296; /note="N-linked (GlcNAc...) asparagine"; /evidence="ECO:0000269|PubMed:16335952, ECO:0000269|PubMed:19159218"; CARBOHYD 357; /note="N-linked (GlcNAc...) asparagine"; /evidence="ECO:0000269|PubMed:16335952"	
P12821	ACE DCP DCP1	CARBOHYD 38; /note="N-linked (GlcNAc...) asparagine"; /evidence="ECO:0000269|PubMed:20826823, ECO:0000305|PubMed:9013598"; CARBOHYD 54; /note="N-linked (GlcNAc...) asparagine"; /evidence="ECO:0000269|PubMed:16476442, ECO:0000269|PubMed:20826823, ECO:0000269|PubMed:9013598"; CARBOHYD 74; /note="N-linked (GlcNAc...) asparagine"; /evidence="ECO:0000269|PubMed:16476442, ECO:0000269|PubMed:20826823, ECO:0000269|PubMed:26403559, ECO:0007744|PDB:3NXQ"; CARBOHYD 111; /note="N-linked (GlcNAc...) asparagine"; /evidence="ECO:0000269|PubMed:19159218, ECO:0000269|PubMed:20826823, ECO:0000269|PubMed:9013598"; CARBOHYD 146; /note="N-linked (GlcNAc...) asparagine"; /evidence="ECO:0000269|PubMed:16476442, ECO:0000269|PubMed:20826823, ECO:0000269|PubMed:9013598"; CARBOHYD 160; /note="N-linked (GlcNAc...) asparagine"; /evidence="ECO:0000269|PubMed:20826823"; CARBOHYD 318; /note="N-linked (GlcNAc...) asparagine"; /evidence="ECO:0000269|PubMed:16476442"; CARBOHYD 445; /note="N-linked (GlcNAc...) asparagine"; /evidence="ECO:0000269|PubMed:19159218, ECO:0000269|PubMed:20826823, ECO:0000269|PubMed:26403559, ECO:0007744|PDB:3NXQ"; CARBOHYD 509; /note="N-linked (GlcNAc...) asparagine"; /evidence="ECO:0000269|PubMed:16335952, ECO:0000269|PubMed:16476442, ECO:0000269|PubMed:20826823, ECO:0000269|PubMed:26403559, ECO:0000269|PubMed:9013598, ECO:0007744|PDB:3NXQ"; CARBOHYD 677; /note="N-linked (GlcNAc...) asparagine"; /evidence="ECO:0000269|PubMed:23056909, ECO:0007744|PDB:4APH"; CARBOHYD 695; /note="N-linked (GlcNAc...) (complex) asparagine"; /evidence="ECO:0000269|PubMed:16335952, ECO:0000269|PubMed:9013598"; CARBOHYD 714; /note="N-linked (GlcNAc...) (complex) asparagine"; /evidence="ECO:0000269|PubMed:16335952, ECO:0000269|PubMed:19159218, ECO:0000269|PubMed:23056909, ECO:0000269|PubMed:9013598, ECO:0007744|PDB:4APH"; CARBOHYD 760; /note="N-linked (GlcNAc...) asparagine; partial"; /evidence="ECO:0000269|PubMed:9013598"; CARBOHYD 942; /note="N-linked (GlcNAc...) asparagine; partial"; /evidence="ECO:0000269|PubMed:9013598"; CARBOHYD 1191; /note="N-linked (GlcNAc...) asparagine; partial"; /evidence="ECO:0000269|PubMed:9013598"; CARBOHYD P12821-3:103; /note="N-linked (GlcNAc...) asparagine"; /evidence="ECO:0000269|PubMed:21810173, ECO:0000269|PubMed:24297181, ECO:0000269|PubMed:8626443, ECO:0007744|PDB:4C2O"; CARBOHYD P12821-3:121; /note="N-linked (GlcNAc...) asparagine"; /evidence="ECO:0000269|PubMed:8626443"; CARBOHYD P12821-3:140; /note="N-linked (GlcNAc...) asparagine"; /evidence="ECO:0000269|PubMed:21810173, ECO:0000269|PubMed:24297181, ECO:0000269|PubMed:8626443, ECO:0007744|PDB:4C2O"; CARBOHYD P12821-3:368; /note="N-linked (GlcNAc...) asparagine"; /evidence="ECO:0000269|PubMed:8626443"; CARBOHYD P12821-3:617; /note="N-linked (GlcNAc...) asparagine"; /evidence="ECO:0000269|PubMed:8626443"	
Q9UKU9	ANGPTL2 ARP2 UNQ170/PRO196	CARBOHYD 164; /note="N-linked (GlcNAc...) asparagine"; /evidence="ECO:0000255"; CARBOHYD 192; /note="N-linked (GlcNAc...) asparagine"; /evidence="ECO:0000255"	
P01023	A2M CPAMD5 FWP007	CARBOHYD 55; /note="N-linked (GlcNAc...) (complex) asparagine"; /evidence="ECO:0000269|PubMed:16335952, ECO:0000269|PubMed:19139490"; CARBOHYD 70; /note="N-linked (GlcNAc...) asparagine"; /evidence="ECO:0000269|PubMed:6203908"; CARBOHYD 247; /note="N-linked (GlcNAc...) asparagine"; /evidence="ECO:0000269|PubMed:16335952, ECO:0000269|PubMed:6203908"; CARBOHYD 396; /note="N-linked (GlcNAc...) asparagine"; /evidence="ECO:0000269|PubMed:16335952, ECO:0000269|PubMed:19159218, ECO:0000269|PubMed:6203908"; CARBOHYD 410; /note="N-linked (GlcNAc...) asparagine"; /evidence="ECO:0000269|PubMed:16335952, ECO:0000269|PubMed:6203908"; CARBOHYD 869; /note="N-linked (GlcNAc...) asparagine"; /evidence="ECO:0000269|PubMed:14760718, ECO:0000269|PubMed:16335952"; CARBOHYD 991; /note="N-linked (GlcNAc...) asparagine"; /evidence="ECO:0000269|PubMed:12754519, ECO:0000269|PubMed:16335952, ECO:0000269|PubMed:19159218, ECO:0000269|PubMed:6203908"; CARBOHYD 1424; /note="N-linked (GlcNAc...) (complex) asparagine"; /evidence="ECO:0000269|PubMed:14760718, ECO:0000269|PubMed:16335952, ECO:0000269|PubMed:19139490, ECO:0000269|PubMed:19159218"	
P05067	APP A4 AD1	CARBOHYD 542; /note="N-linked (GlcNAc...) asparagine"; /evidence="ECO:0000269|PubMed:16335952"; CARBOHYD 571; /note="N-linked (GlcNAc...) asparagine"; /evidence="ECO:0000305"; CARBOHYD 633; /note="O-linked (GalNAc...) threonine; partial"; /evidence="ECO:0000269|PubMed:21712440, ECO:0000269|PubMed:22576872"; CARBOHYD 651; /note="O-linked (GalNAc...) threonine; partial"; /evidence="ECO:0000269|PubMed:21712440, ECO:0000269|PubMed:22576872"; CARBOHYD 652; /note="O-linked (GalNAc...) threonine; partial"; /evidence="ECO:0000269|PubMed:21712440, ECO:0000269|PubMed:22576872"; CARBOHYD 656; /note="O-linked (Xyl...) (chondroitin sulfate) serine; in L-APP isoforms"; /evidence="ECO:0000269|PubMed:21712440"; CARBOHYD 659; /note="O-linked (HexNAc...) threonine; partial"; /evidence="ECO:0000269|PubMed:22576872"; CARBOHYD 663; /note="O-linked (GalNAc...) threonine; partial"; /evidence="ECO:0000269|PubMed:22576872, ECO:0000305|PubMed:21712440"; CARBOHYD 667; /note="O-linked (GalNAc...) serine; partial"; /evidence="ECO:0000269|PubMed:22576872, ECO:0000305|PubMed:21712440"; CARBOHYD 681; /note="O-linked (HexNAc...) tyrosine; partial"; /evidence="ECO:0000269|PubMed:22576872"	
O95477	ABCA1 ABC1 CERP	CARBOHYD 14; /note="N-linked (GlcNAc...) asparagine"; /evidence="ECO:0000255"; CARBOHYD 98; /note="N-linked (GlcNAc...) asparagine"; /evidence="ECO:0000269|PubMed:19159218"; CARBOHYD 151; /note="N-linked (GlcNAc...) asparagine"; /evidence="ECO:0000255"; CARBOHYD 161; /note="N-linked (GlcNAc...) asparagine"; /evidence="ECO:0000255"; CARBOHYD 196; /note="N-linked (GlcNAc...) asparagine"; /evidence="ECO:0000255"; CARBOHYD 244; /note="N-linked (GlcNAc...) asparagine"; /evidence="ECO:0000269|PubMed:19159218"; CARBOHYD 292; /note="N-linked (GlcNAc...) asparagine"; /evidence="ECO:0000255"; CARBOHYD 337; /note="N-linked (GlcNAc...) asparagine"; /evidence="ECO:0000255"; CARBOHYD 349; /note="N-linked (GlcNAc...) asparagine"; /evidence="ECO:0000255"; CARBOHYD 400; /note="N-linked (GlcNAc...) asparagine"; /evidence="ECO:0000255"; CARBOHYD 478; /note="N-linked (GlcNAc...) asparagine"; /evidence="ECO:0000255"; CARBOHYD 489; /note="N-linked (GlcNAc...) asparagine"; /evidence="ECO:0000255"; CARBOHYD 521; /note="N-linked (GlcNAc...) asparagine"; /evidence="ECO:0000255"; CARBOHYD 820; /note="N-linked (GlcNAc...) asparagine"; /evidence="ECO:0000255"; CARBOHYD 1144; /note="N-linked (GlcNAc...) asparagine"; /evidence="ECO:0000255"; CARBOHYD 1294; /note="N-linked (GlcNAc...) asparagine"; /evidence="ECO:0000255"; CARBOHYD 1453; /note="N-linked (GlcNAc...) asparagine"; /evidence="ECO:0000255"; CARBOHYD 1504; /note="N-linked (GlcNAc...) asparagine"; /evidence="ECO:0000255"; CARBOHYD 1637; /note="N-linked (GlcNAc...) asparagine"; /evidence="ECO:0000255"; CARBOHYD 2044; /note="N-linked (GlcNAc...) asparagine"; /evidence="ECO:0000255"; CARBOHYD 2238; /note="N-linked (GlcNAc...) asparagine"; /evidence="ECO:0000255"	LIPID 3; /note="S-palmitoyl cysteine"; /evidence="ECO:0000269|PubMed:19556522"; LIPID 23; /note="S-palmitoyl cysteine"; /evidence="ECO:0000269|PubMed:19556522"; LIPID 1110; /note="S-palmitoyl cysteine"; /evidence="ECO:0000269|PubMed:19556522"; LIPID 1111; /note="S-palmitoyl cysteine"; /evidence="ECO:0000269|PubMed:19556522"
O95994	AGR2 AG2 UNQ515/PRO1030		
P42127	ASIP AGTI AGTIL ASP	CARBOHYD 39; /note="N-linked (GlcNAc...) asparagine"; /evidence="ECO:0000255"	
O43184	ADAM12 MLTN UNQ346/PRO545	CARBOHYD 111; /note="N-linked (GlcNAc...) asparagine"; /evidence="ECO:0000255"; CARBOHYD 149; /note="N-linked (GlcNAc...) asparagine"; /evidence="ECO:0000255"; CARBOHYD 381; /note="N-linked (GlcNAc...) asparagine"; /evidence="ECO:0000255"; CARBOHYD 452; /note="N-linked (GlcNAc...) asparagine"; /evidence="ECO:0000255"; CARBOHYD 651; /note="N-linked (GlcNAc...) asparagine"; /evidence="ECO:0000255"	
P30518	AVPR2 ADHR DIR DIR3 V2R	CARBOHYD 22; /note="N-linked (GlcNAc...) asparagine"; /evidence="ECO:0000255"	LIPID 341; /note="S-palmitoyl cysteine"; /evidence="ECO:0000269|PubMed:9224808"; LIPID 342; /note="S-palmitoyl cysteine"; /evidence="ECO:0000269|PubMed:9224808"
Q9UHC3	ASIC3 ACCN3 DRASIC SLNAC1 TNAC1	CARBOHYD 175; /note="N-linked (GlcNAc...) asparagine"; /evidence="ECO:0000255"; CARBOHYD 398; /note="N-linked (GlcNAc...) asparagine"; /evidence="ECO:0000255"	
P25106	ACKR3 CMKOR1 CXCR7 GPR159 RDC1	CARBOHYD 13; /note="N-linked (GlcNAc...) asparagine"; /evidence="ECO:0000255"; CARBOHYD 22; /note="N-linked (GlcNAc...) asparagine"; /evidence="ECO:0000255"; CARBOHYD 39; /note="N-linked (GlcNAc...) asparagine"; /evidence="ECO:0000255"	
P30556	AGTR1 AGTR1A AGTR1B AT2R1 AT2R1B	CARBOHYD 4; /note="N-linked (GlcNAc...) (complex) asparagine"; /evidence="ECO:0000269|PubMed:19139490"; CARBOHYD 176; /note="N-linked (GlcNAc...) asparagine"; /evidence="ECO:0000269|PubMed:30639100, ECO:0000269|PubMed:32079768, ECO:0007744|PDB:6DO1, ECO:0007744|PDB:6OS0"; CARBOHYD 188; /note="N-linked (GlcNAc...) asparagine"; /evidence="ECO:0000255"	LIPID 355; /note="S-palmitoyl cysteine"; /evidence="ECO:0000255"
O00590	ACKR2 CCBP2 CCR10 CMKBR9 D6	CARBOHYD 19; /note="N-linked (GlcNAc...) asparagine"; /evidence="ECO:0000255"	
Q9NPB9	ACKR4 CCBP2 CCR11 CCRL1 VSHK1	CARBOHYD 6; /note="N-linked (GlcNAc...) asparagine"; /evidence="ECO:0000255"; CARBOHYD 19; /note="N-linked (GlcNAc...) asparagine"; /evidence="ECO:0000255"	
Q15848	ADIPOQ ACDC ACRP30 APM1 GBP28	CARBOHYD 21; /note="O-linked (GalNAc...) threonine"; /evidence="ECO:0000269|PubMed:19855092"; CARBOHYD 22; /note="O-linked (GalNAc...) threonine"; /evidence="ECO:0000269|PubMed:19855092"; CARBOHYD 65; /note="O-linked (Gal...) hydroxylysine; partial"; /evidence="ECO:0000269|PubMed:16497731"; CARBOHYD 68; /note="O-linked (Gal...) hydroxylysine; partial"; /evidence="ECO:0000269|PubMed:16497731"; CARBOHYD 77; /note="O-linked (Gal...) hydroxylysine; partial"; /evidence="ECO:0000269|PubMed:16497731"; CARBOHYD 101; /note="O-linked (Gal...) hydroxylysine; partial"; /evidence="ECO:0000269|PubMed:16497731"	
Q96A54	ADIPOR1 PAQR1 TESBP1A CGI-45		
Q13443	ADAM9 KIAA0021 MCMP MDC9 MLTNG	CARBOHYD 125; /note="N-linked (GlcNAc...) asparagine"; /evidence="ECO:0000255"; CARBOHYD 144; /note="N-linked (GlcNAc...) asparagine"; /evidence="ECO:0000255"; CARBOHYD 154; /note="N-linked (GlcNAc...) asparagine"; /evidence="ECO:0000255"; CARBOHYD 231; /note="N-linked (GlcNAc...) asparagine"; /evidence="ECO:0000255"; CARBOHYD 381; /note="N-linked (GlcNAc...) asparagine"; /evidence="ECO:0000255"; CARBOHYD 487; /note="N-linked (GlcNAc...) asparagine"; /evidence="ECO:0000255"	
O75787	ATP6AP2 ATP6IP2 CAPER ELDF10 HT028 MSTP009 PSEC0072		
Q9BY76	ANGPTL4 ARP4 HFARP PGAR PP1158 PSEC0166 UNQ171/PRO197	CARBOHYD 177; /note="N-linked (GlcNAc...) asparagine"; /evidence="ECO:0000255"	
P02768	ALB GIG20 GIG42 PRO0903 PRO1708 PRO2044 PRO2619 PRO2675 UNQ696/PRO1341	CARBOHYD 36; /note="N-linked (Glc) (glycation) lysine"; /evidence="ECO:0000269|PubMed:3759977"; CARBOHYD 75; /note="N-linked (Glc) (glycation) lysine; in vitro"; /evidence="ECO:0000269|PubMed:15047055"; CARBOHYD 161; /note="N-linked (Glc) (glycation) lysine; in vitro"; /evidence="ECO:0000269|PubMed:15047055"; CARBOHYD 186; /note="N-linked (Glc) (glycation) lysine; in vitro"; /evidence="ECO:0000269|PubMed:15047055"; CARBOHYD 223; /note="N-linked (Glc) (glycation) lysine; in vitro"; /evidence="ECO:0000269|PubMed:3759977, ECO:0000269|PubMed:6853480"; CARBOHYD 249; /note="N-linked (Glc) (glycation) lysine; in vitro"; /evidence="ECO:0000269|PubMed:15047055"; CARBOHYD 257; /note="N-linked (Glc) (glycation) lysine"; /evidence="ECO:0000269|PubMed:15047055, ECO:0000269|PubMed:3759977"; CARBOHYD 300; /note="N-linked (Glc) (glycation) lysine; in vitro"; /evidence="ECO:0000269|PubMed:15047055"; CARBOHYD 305; /note="N-linked (Glc) (glycation) lysine"; /evidence="ECO:0000269|PubMed:3759977"; CARBOHYD 337; /note="N-linked (Glc) (glycation) lysine; in vitro"; /evidence="ECO:0000269|PubMed:15047055"; CARBOHYD 341; /note="N-linked (Glc) (glycation) lysine"; /evidence="ECO:0000269|PubMed:3759977"; CARBOHYD 342; /note="N-linked (GlcNAc...) asparagine; in variant Redhill"; /id="CAR_000226"; CARBOHYD 347; /note="N-linked (Glc) (glycation) lysine; in vitro"; /evidence="ECO:0000269|PubMed:15047055"; CARBOHYD 375; /note="N-linked (Glc) (glycation) lysine"; /evidence="ECO:0000269|PubMed:15047055, ECO:0000269|PubMed:3759977"; CARBOHYD 402; /note="N-linked (Glc) (glycation) lysine; in vitro"; /evidence="ECO:0000269|PubMed:15047055"; CARBOHYD 437; /note="N-linked (Glc) (glycation) lysine; in vitro"; /evidence="ECO:0000269|PubMed:15047055"; CARBOHYD 463; /note="N-linked (Glc) (glycation) lysine"; /evidence="ECO:0000269|PubMed:3759977"; CARBOHYD 468; /note="N-linked (Glc) (glycation) lysine; in vitro"; /evidence="ECO:0000269|PubMed:15047055"; CARBOHYD 518; /note="N-linked (GlcNAc...) asparagine; in variant Casebrook"; /id="CAR_000069"; CARBOHYD 549; /note="N-linked (Glc) (glycation) lysine"; /evidence="ECO:0000269|PubMed:15047055, ECO:0000269|PubMed:3759977, ECO:0000269|PubMed:6706980, ECO:0000269|PubMed:6853480"; CARBOHYD 558; /note="N-linked (Glc) (glycation) lysine; alternate"; /evidence="ECO:0000269|PubMed:3759977"; CARBOHYD 560; /note="N-linked (Glc) (glycation) lysine; in vitro"; /evidence="ECO:0000269|PubMed:15047055"; CARBOHYD 569; /note="N-linked (Glc) (glycation) lysine; in vitro"; /evidence="ECO:0000269|PubMed:15047055"; CARBOHYD 597; /note="N-linked (Glc) (glycation) lysine; in vitro"; /evidence="ECO:0000269|PubMed:15047055"	
Q99218	AMELY AMGL AMGY		
O95841	ANGPTL1 ANG3 ANGPT3 ARP1 PSEC0154 UNQ162/PRO188	CARBOHYD 160; /note="N-linked (GlcNAc...) asparagine"; /evidence="ECO:0000255"; CARBOHYD 188; /note="N-linked (GlcNAc...) asparagine"; /evidence="ECO:0000255"	
P16619	CCL3L1 D17S1718 G0S19-2 SCYA3L1; CCL3L3		
Q5T5A4	CFAP276 C1orf194		
P32247	BRS3	CARBOHYD 10; /note="N-linked (GlcNAc...) asparagine"; /evidence="ECO:0000255"; CARBOHYD 18; /note="N-linked (GlcNAc...) asparagine"; /evidence="ECO:0000255"	LIPID 347; /note="S-palmitoyl cysteine"; /evidence="ECO:0000250"
P51671	CCL11 SCYA11	CARBOHYD 94; /note="O-linked (GalNAc...) threonine"; /evidence="ECO:0000269|PubMed:9578468"	
P0C0L5	C4B CO4 CPAMD3; C4B_2	CARBOHYD 226; /note="N-linked (GlcNAc...) asparagine"; /evidence="ECO:0000269|PubMed:12754519"; CARBOHYD 862; /note="N-linked (GlcNAc...) asparagine"; /evidence="ECO:0000255"; CARBOHYD 1328; /note="N-linked (GlcNAc...) asparagine"; /evidence="ECO:0000269|PubMed:16740002"; CARBOHYD 1391; /note="N-linked (GlcNAc...) asparagine"; /evidence="ECO:0000269|PubMed:14760718"	
Q7Z6A9	BTLA	CARBOHYD 75; /note="N-linked (GlcNAc...) asparagine"; /evidence="ECO:0000255"; CARBOHYD 94; /note="N-linked (GlcNAc...) asparagine"; /evidence="ECO:0000255"; CARBOHYD 110; /note="N-linked (GlcNAc...) asparagine"; /evidence="ECO:0000255"	
Q8NEC5	CATSPER1		
P02746	C1QB		
Q9NSG2	FIRRM APOLO1 C1orf112		
P02745	C1QA	CARBOHYD 33; /note="O-linked (Gal...) hydroxylysine"; /evidence="ECO:0000269|PubMed:486087"; CARBOHYD 48; /note="O-linked (Gal...) hydroxylysine"; /evidence="ECO:0000269|PubMed:486087"; CARBOHYD 67; /note="O-linked (Gal...) hydroxylysine"; /evidence="ECO:0000269|PubMed:486087"; CARBOHYD 100; /note="O-linked (Gal...) hydroxylysine"; /evidence="ECO:0000269|PubMed:486087"; CARBOHYD 146; /note="N-linked (GlcNAc...) asparagine"; /evidence="ECO:0000269|PubMed:16335952, ECO:0000269|PubMed:19159218"	
P22362	CCL1 SCYA1	CARBOHYD 52; /note="N-linked (GlcNAc...) asparagine"; /evidence="ECO:0000255"	
P06307	CCK	CARBOHYD 31; /note="O-linked (Xyl...) (chondroitin sulfate) serine"; /evidence="ECO:0000269|PubMed:25326458, ECO:0000269|PubMed:37453717"	
P55773	CCL23 MIP3 MPIF1 SCYA23		
O95393	BMP10	CARBOHYD 67; /note="N-linked (GlcNAc...) asparagine"; /evidence="ECO:0000255"; CARBOHYD 131; /note="N-linked (GlcNAc...) asparagine"; /evidence="ECO:0000255"	
P35070	BTC	CARBOHYD 34; /note="N-linked (GlcNAc...) asparagine"; /evidence="ECO:0000255"	
P10092	CALCB CALC2		
P22003	BMP5	CARBOHYD 211; /note="N-linked (GlcNAc...) asparagine"; /evidence="ECO:0000255"; CARBOHYD 327; /note="N-linked (GlcNAc...) asparagine"; /evidence="ECO:0000255"; CARBOHYD 345; /note="N-linked (GlcNAc...) asparagine"; /evidence="ECO:0000255"; CARBOHYD 395; /note="N-linked (GlcNAc...) asparagine"; /evidence="ECO:0000255"	
P51677	CCR3 CMKBR3		
O00238	BMPR1B		
P30988	CALCR	CARBOHYD 28; /note="N-linked (GlcNAc...) asparagine"; /evidence="ECO:0000255"; CARBOHYD 73; /note="N-linked (GlcNAc...) asparagine"; /evidence="ECO:0000269|PubMed:32035902, ECO:0007744|PDB:6PGQ"; CARBOHYD 125; /note="N-linked (GlcNAc...) asparagine"; /evidence="ECO:0000269|PubMed:32035902, ECO:0007744|PDB:6PGQ"; CARBOHYD 130; /note="N-linked (GlcNAc...) asparagine"; /evidence="ECO:0000269|PubMed:32035902, ECO:0007744|PDB:6PGQ"	
Q10588	BST1	CARBOHYD 66; /note="N-linked (GlcNAc...) asparagine"; /evidence="ECO:0000255"; CARBOHYD 95; /note="N-linked (GlcNAc...) asparagine"; /evidence="ECO:0000269|PubMed:19159218"; CARBOHYD 148; /note="N-linked (GlcNAc...) asparagine"; /evidence="ECO:0000255"; CARBOHYD 192; /note="N-linked (GlcNAc...) asparagine"; /evidence="ECO:0000269|PubMed:11866528, ECO:0000269|PubMed:16335952, ECO:0007744|PDB:1ISF, ECO:0007744|PDB:1ISG, ECO:0007744|PDB:1ISH, ECO:0007744|PDB:1ISI, ECO:0007744|PDB:1ISJ, ECO:0007744|PDB:1ISM"	LIPID 293; /note="GPI-anchor amidated alanine"; /evidence="ECO:0000255"
P21810	BGN SLRR1A	CARBOHYD 42; /note="O-linked (Xyl...) (glycosaminoglycan) serine"; /evidence="ECO:0000269|PubMed:2590169, ECO:0000269|PubMed:32337544"; CARBOHYD 47; /note="O-linked (Xyl...) (glycosaminoglycan) serine"; /evidence="ECO:0000269|PubMed:2590169, ECO:0000269|PubMed:32337544"; CARBOHYD 180; /note="O-linked (Xyl...) (glycosaminoglycan) serine"; /evidence="ECO:0000255"; CARBOHYD 198; /note="O-linked (Xyl...) (glycosaminoglycan) serine"; /evidence="ECO:0000255"; CARBOHYD 270; /note="N-linked (GlcNAc...) asparagine"; /evidence="ECO:0000269|PubMed:19159218"; CARBOHYD 311; /note="N-linked (GlcNAc...) asparagine"; /evidence="ECO:0000269|PubMed:19159218"	
P32239	CCKBR CCKRB	CARBOHYD 7; /note="N-linked (GlcNAc...) asparagine"; /evidence="ECO:0000255"; CARBOHYD 30; /note="N-linked (GlcNAc...) asparagine"; /evidence="ECO:0000255"; CARBOHYD 36; /note="N-linked (GlcNAc...) asparagine"; /evidence="ECO:0000255"	LIPID 408; /note="S-palmitoyl cysteine"; /evidence="ECO:0000250|UniProtKB:P17124"
P27824	CANX		LIPID 502; /note="S-palmitoyl cysteine"; /evidence="ECO:0000269|PubMed:22314232"; LIPID 503; /note="S-palmitoyl cysteine"; /evidence="ECO:0000269|PubMed:22314232"
Q9P296	C5AR2 C5L2 GPR77	CARBOHYD 3; /note="N-linked (GlcNAc...) asparagine"; /evidence="ECO:0000255"	
P41597	CCR2 CMKBR2	CARBOHYD 14; /note="N-linked (GlcNAc...) asparagine"; /evidence="ECO:0000255"	
P23560	BDNF	CARBOHYD 121; /note="N-linked (GlcNAc...) asparagine"; /evidence="ECO:0000305|PubMed:11152678, ECO:0000305|PubMed:19467646"	
Q16663	CCL15 MIP5 NCC3 SCYA15		
P0C0L4	C4A CO4 CPAMD2	CARBOHYD 226; /note="N-linked (GlcNAc...) asparagine"; /evidence="ECO:0000269|PubMed:12754519, ECO:0000269|PubMed:18780401, ECO:0000269|PubMed:19159218, ECO:0000269|PubMed:27599733"; CARBOHYD 862; /note="N-linked (GlcNAc...) asparagine"; /evidence="ECO:0000269|PubMed:16335952, ECO:0000269|PubMed:27599733"; CARBOHYD 1244; /note="O-linked (GalNAc...) threonine"; /evidence="ECO:0000269|PubMed:23234360"; CARBOHYD 1328; /note="N-linked (GlcNAc...) (complex) asparagine"; /evidence="ECO:0000269|PubMed:16335952, ECO:0000269|PubMed:18780401, ECO:0000269|PubMed:19139490, ECO:0000269|PubMed:19159218"; CARBOHYD 1391; /note="N-linked (GlcNAc...) asparagine"; /evidence="ECO:0000269|PubMed:14760718, ECO:0000269|PubMed:16335952, ECO:0000269|PubMed:19159218"	
P46092	CCR10 GPR2		
Q9Y4X3	CCL27 ILC SCYA27		
Q9NRJ3	CCL28 SCYA28	CARBOHYD 78; /note="N-linked (GlcNAc...) asparagine"; /evidence="ECO:0000255"	
P13500	CCL2 MCP1 SCYA2	CARBOHYD 37; /note="N-linked (GlcNAc...) asparagine"; /evidence="ECO:0000255"	
P46663	BDKRB1 BRADYB1	CARBOHYD 14; /note="N-linked (GlcNAc...) asparagine"; /evidence="ECO:0000255"; CARBOHYD 22; /note="N-linked (GlcNAc...) asparagine"; /evidence="ECO:0000255"; CARBOHYD 185; /note="N-linked (GlcNAc...) asparagine"; /evidence="ECO:0000255"	LIPID 330; /note="S-palmitoyl cysteine"; /evidence="ECO:0000255"
O00175	CCL24 MPIF2 SCYA24	CARBOHYD 115; /note="N-linked (GlcNAc...) asparagine"; /evidence="ECO:0000255"	
Q92583	CCL17 SCYA17 TARC		
P01258	CALCA CALC1		
P06881	CALCA CALC1		
Q13145	BAMBI NMA	CARBOHYD 87; /note="N-linked (GlcNAc...) asparagine"; /evidence="ECO:0000255"	
Q16602	CALCRL CGRPR	CARBOHYD 66; /note="N-linked (GlcNAc...) asparagine"; /evidence="ECO:0000255"; CARBOHYD 118; /note="N-linked (GlcNAc...) asparagine"; /evidence="ECO:0000255"; CARBOHYD 123; /note="N-linked (GlcNAc...) asparagine"; /evidence="ECO:0000255"	
P12645	BMP3 BMP3A	CARBOHYD 117; /note="N-linked (GlcNAc...) asparagine"; /evidence="ECO:0000255"; CARBOHYD 141; /note="N-linked (GlcNAc...) asparagine"; /evidence="ECO:0000255"; CARBOHYD 175; /note="N-linked (GlcNAc...) asparagine"; /evidence="ECO:0000255"; CARBOHYD 220; /note="N-linked (GlcNAc...) asparagine"; /evidence="ECO:0000255"; CARBOHYD 463; /note="N-linked (GlcNAc...) asparagine"; /evidence="ECO:0000255"	
O15444	CCL25 SCYA25 TECK		
P04003	C4BPA C4BP	CARBOHYD 221; /note="N-linked (GlcNAc...) asparagine"; /evidence="ECO:0000269|PubMed:16335952, ECO:0000269|PubMed:19159218, ECO:0000269|PubMed:3840370"; CARBOHYD 506; /note="N-linked (GlcNAc...) asparagine"; /evidence="ECO:0000269|PubMed:14760718, ECO:0000269|PubMed:16335952, ECO:0000269|PubMed:19159218, ECO:0000269|PubMed:3840370"; CARBOHYD 528; /note="N-linked (GlcNAc...) asparagine"; /evidence="ECO:0000269|PubMed:14760718, ECO:0000269|PubMed:3840370"	
P30411	BDKRB2 BKR2	CARBOHYD 30; /note="N-linked (GlcNAc...) asparagine"; /evidence="ECO:0000255"; CARBOHYD 39; /note="N-linked (GlcNAc...) asparagine"; /evidence="ECO:0000255"; CARBOHYD 207; /note="N-linked (GlcNAc...) asparagine"; /evidence="ECO:0000255"	LIPID 351; /note="S-palmitoyl cysteine"; /evidence="ECO:0000255"
P80075	CCL8 MCP2 SCYA10 SCYA8		
O95972	BMP15 GDF9B	CARBOHYD 87; /note="N-linked (GlcNAc...) asparagine"; /evidence="ECO:0000255"; CARBOHYD 147; /note="N-linked (GlcNAc...) asparagine"; /evidence="ECO:0000255"; CARBOHYD 237; /note="N-linked (GlcNAc...) asparagine"; /evidence="ECO:0000255"; CARBOHYD 277; /note="O-linked (HexNAc...) threonine; in P17"; /evidence="ECO:0000269|PubMed:18227435"; CARBOHYD 373; /note="N-linked (GlcNAc...) asparagine"; /evidence="ECO:0000255"	
P22004	BMP6 VGR	CARBOHYD 241; /note="N-linked (GlcNAc...) asparagine"; /evidence="ECO:0000255"; CARBOHYD 269; /note="N-linked (GlcNAc...) asparagine"; /evidence="ECO:0000255"; CARBOHYD 386; /note="N-linked (GlcNAc...) asparagine"; /evidence="ECO:0000255"; CARBOHYD 404; /note="N-linked (GlcNAc...) asparagine"; /evidence="ECO:0000255"; CARBOHYD 454; /note="N-linked (GlcNAc...) asparagine"; /evidence="ECO:0000255, ECO:0000269|PubMed:18070108"	
P80098	CCL7 MCP3 SCYA6 SCYA7	CARBOHYD 29; /note="N-linked (GlcNAc...) asparagine"; /evidence="ECO:0000255"	
P51681	CCR5 CMKBR5	CARBOHYD 6; /note="O-linked (GalNAc...) serine"; /evidence="ECO:0000269|PubMed:11733580"; CARBOHYD 7; /note="O-linked (GalNAc...) serine"; /evidence="ECO:0000269|PubMed:11733580"	LIPID 321; /note="S-palmitoyl cysteine"; /evidence="ECO:0000269|PubMed:11323418"; LIPID 323; /note="S-palmitoyl cysteine"; /evidence="ECO:0000269|PubMed:11323418"; LIPID 324; /note="S-palmitoyl cysteine"; /evidence="ECO:0000269|PubMed:11323418"
Q9UKR5	ERG28 C14orf1 AD-011 HSPC288 x0006		
Q03135	CAV1 CAV		LIPID 133; /note="S-palmitoyl cysteine"; /evidence="ECO:0000250"; LIPID 143; /note="S-palmitoyl cysteine"; /evidence="ECO:0000250"; LIPID 156; /note="S-palmitoyl cysteine"; /evidence="ECO:0000250"
P01031	C5 CPAMD4	CARBOHYD 741; /note="N-linked (GlcNAc...) asparagine"; /evidence="ECO:0000269|PubMed:16335952, ECO:0000269|PubMed:18536718, ECO:0007744|PDB:3CU7, ECO:0007744|PDB:3KLS, ECO:0007744|PDB:3KM9"; CARBOHYD 911; /note="N-linked (GlcNAc...) asparagine"; /evidence="ECO:0000269|PubMed:16335952, ECO:0000269|PubMed:18536718, ECO:0000269|PubMed:21217642, ECO:0007744|PDB:3CU7, ECO:0007744|PDB:3KLS, ECO:0007744|PDB:3KM9"; CARBOHYD 1115; /note="N-linked (GlcNAc...) asparagine"; /evidence="ECO:0000255"; CARBOHYD 1630; /note="N-linked (GlcNAc...) asparagine"; /evidence="ECO:0000269|PubMed:16335952"	
P12643	BMP2 BMP2A	CARBOHYD 135; /note="N-linked (GlcNAc...) asparagine"; /evidence="ECO:0000255"; CARBOHYD 163; /note="N-linked (GlcNAc...) asparagine"; /evidence="ECO:0000255"; CARBOHYD 164; /note="N-linked (GlcNAc...) asparagine"; /evidence="ECO:0000255"; CARBOHYD 200; /note="N-linked (GlcNAc...) asparagine"; /evidence="ECO:0000255"; CARBOHYD 338; /note="N-linked (GlcNAc...) (high mannose) asparagine"; /evidence="ECO:0000269|PubMed:9265423"	
Q13873	BMPR2 PPH1	CARBOHYD 55; /note="N-linked (GlcNAc...) asparagine"; /evidence="ECO:0000255"; CARBOHYD 110; /note="N-linked (GlcNAc...) asparagine"; /evidence="ECO:0000255"; CARBOHYD 126; /note="N-linked (GlcNAc...) asparagine"; /evidence="ECO:0000255"	
Q16627	CCL14 NCC2 SCYA14	CARBOHYD 26; /note="O-linked (GalNAc...) serine; partial"; /evidence="ECO:0000269|PubMed:10978165"	
P27797	CALR CRTC	CARBOHYD 344; /note="N-linked (GlcNAc...) asparagine"; /evidence="ECO:0000269|PubMed:19159218"	
Q9Y258	CCL26 SCYA26 UNQ216/PRO242		
P50895	BCAM LU MSK19	CARBOHYD 321; /note="N-linked (GlcNAc...) asparagine"; /evidence="ECO:0000255"; CARBOHYD 377; /note="N-linked (GlcNAc...) asparagine"; /evidence="ECO:0000255"; CARBOHYD 383; /note="N-linked (GlcNAc...) asparagine"; /evidence="ECO:0000255"; CARBOHYD 419; /note="N-linked (GlcNAc...) asparagine"; /evidence="ECO:0000255"; CARBOHYD 439; /note="N-linked (GlcNAc...) asparagine"; /evidence="ECO:0000269|PubMed:12754519, ECO:0000269|PubMed:16335952"	
P18075	BMP7 OP1	CARBOHYD 187; /note="N-linked (GlcNAc...) asparagine"; /evidence="ECO:0000255"; CARBOHYD 302; /note="N-linked (GlcNAc...) asparagine"; /evidence="ECO:0000255"; CARBOHYD 321; /note="N-linked (GlcNAc...) asparagine"; /evidence="ECO:0000255"; CARBOHYD 372; /note="N-linked (GlcNAc...) asparagine"; /evidence="ECO:0000269|PubMed:12478285, ECO:0000269|PubMed:12667445"	
P32238	CCKAR CCKRA	CARBOHYD 10; /note="N-linked (GlcNAc...) asparagine"; /evidence="ECO:0000255"; CARBOHYD 24; /note="N-linked (GlcNAc...) asparagine"; /evidence="ECO:0000255"; CARBOHYD 190; /note="N-linked (GlcNAc...) asparagine"; /evidence="ECO:0000255"	LIPID 387; /note="S-palmitoyl cysteine"; /evidence="ECO:0000250"
O00585	CCL21 SCYA21 UNQ784/PRO1600		
O15467	CCL16 ILINCK NCC4 SCYA16		
P51679	CCR4 CMKBR4	CARBOHYD 183; /note="N-linked (GlcNAc...) asparagine"; /evidence="ECO:0000255"; CARBOHYD 194; /note="N-linked (GlcNAc...) asparagine"; /evidence="ECO:0000255"	
P01024	C3 CPAMD1	CARBOHYD 85; /note="N-linked (GlcNAc...) asparagine"; /evidence="ECO:0000269|PubMed:12754519, ECO:0000269|PubMed:16263699, ECO:0000269|PubMed:16335952, ECO:0000269|PubMed:17051150, ECO:0000269|PubMed:17684013, ECO:0000269|PubMed:19159218, ECO:0000269|PubMed:2579379"; CARBOHYD 939; /note="N-linked (GlcNAc...) asparagine"; /evidence="ECO:0000269|PubMed:14760718, ECO:0000269|PubMed:16335952, ECO:0000269|PubMed:17051150"; CARBOHYD 1617; /note="N-linked (GlcNAc...) asparagine"; /evidence="ECO:0000269|PubMed:16335952"	
P21730	C5AR1 C5AR C5R1	CARBOHYD 5; /note="N-linked (GlcNAc...) asparagine"; /evidence="ECO:0000255"	
P55774	CCL18 AMAC1 DCCK1 MIP4 PARC SCYA18		
Q99616	CCL13 MCP4 NCC1 SCYA13		
P36894	BMPR1A ACVRLK3 ALK3	CARBOHYD 73; /note="N-linked (GlcNAc...) asparagine"; /evidence="ECO:0000255"	
P32246	CCR1 CMKBR1 CMKR1 SCYAR1	CARBOHYD 5; /note="N-linked (GlcNAc...) asparagine"; /evidence="ECO:0000255"	
P13501	CCL5 D17S136E SCYA5	CARBOHYD 27; /note="O-linked (GalNAc...) serine; partial"; /evidence="ECO:0000269|PubMed:1380064"; CARBOHYD 28; /note="O-linked (GalNAc...) serine; partial"; /evidence="ECO:0000269|PubMed:1380064"	
P12644	BMP4 BMP2B DVR4	CARBOHYD 143; /note="N-linked (GlcNAc...) asparagine"; /evidence="ECO:0000255"; CARBOHYD 208; /note="N-linked (GlcNAc...) asparagine"; /evidence="ECO:0000255"; CARBOHYD 350; /note="N-linked (GlcNAc...) asparagine"; /evidence="ECO:0000255"; CARBOHYD 365; /note="N-linked (GlcNAc...) asparagine"; /evidence="ECO:0000255"	
Q9BWV1	BOC UNQ604/PRO1190	CARBOHYD 65; /note="N-linked (GlcNAc...) asparagine"; /evidence="ECO:0000255"; CARBOHYD 76; /note="N-linked (GlcNAc...) asparagine"; /evidence="ECO:0000255"; CARBOHYD 98; /note="N-linked (GlcNAc...) asparagine"; /evidence="ECO:0000255"; CARBOHYD 189; /note="N-linked (GlcNAc...) asparagine"; /evidence="ECO:0000255"; CARBOHYD 275; /note="N-linked (GlcNAc...) asparagine"; /evidence="ECO:0000255"; CARBOHYD 517; /note="N-linked (GlcNAc...) asparagine"; /evidence="ECO:0000255"; CARBOHYD 725; /note="N-linked (GlcNAc...) asparagine"; /evidence="ECO:0000255"; CARBOHYD 759; /note="N-linked (GlcNAc...) asparagine"; /evidence="ECO:0000255"	
Q5VU97	CACHD1 KIAA1573 VWCD1	CARBOHYD 145; /note="N-linked (GlcNAc...) asparagine"; /evidence="ECO:0000255"	
Q99731	CCL19 ELC MIP3B SCYA19		
Q9BXJ1	C1QTNF1 CTRP1 UNQ310/PRO353	CARBOHYD 93; /note="N-linked (GlcNAc...) asparagine"; /evidence="ECO:0000255"	
Q16581	C3AR1 AZ3B C3R1 HNFAG09	CARBOHYD 9; /note="N-linked (GlcNAc...) asparagine"; /evidence="ECO:0000255"; CARBOHYD 194; /note="N-linked (GlcNAc...) asparagine"; /evidence="ECO:0000255"; CARBOHYD 266; /note="O-linked (GalNAc...) serine"; /evidence="ECO:0000269|PubMed:23234360"	
P51684	CCR6 CKRL3 CMKBR6 GPR29 STRL22	CARBOHYD 7; /note="N-linked (GlcNAc...) asparagine"; /evidence="ECO:0000255"; CARBOHYD 23; /note="N-linked (GlcNAc...) asparagine"; /evidence="ECO:0000255"	
P32248	CCR7 CMKBR7 EBI1 EVI1	CARBOHYD 36; /note="N-linked (GlcNAc...) asparagine"; /evidence="ECO:0000255"	
Q9BXJ0	C1QTNF5 CTRP5 UNQ303/PRO344		
P78556	CCL20 LARC MIP3A SCYA20		
O00626	CCL22 MDC SCYA22 A-152E5.1		
Q9UK39	NOCT CCR4 CCRN4L NOC		
Q9ULM6	CNOT6 CCR4 CCR4a KIAA1194		
P10147	CCL3 G0S19-1 MIP1A SCYA3		
O00590	ACKR2 CCBP2 CCR10 CMKBR9 D6	CARBOHYD 19; /note="N-linked (GlcNAc...) asparagine"; /evidence="ECO:0000255"	
P13236	CCL4 LAG1 MIP1B SCYA4		
O00421	CCRL2 CCR11 CCR6 CKRX CRAM HCR	CARBOHYD 3; /note="N-linked (GlcNAc...) asparagine"; /evidence="ECO:0000255"	
Q13936	CACNA1C CACH2 CACN2 CACNL1A1 CCHL1A1	CARBOHYD 153; /note="N-linked (GlcNAc...) asparagine"; /evidence="ECO:0000255"; CARBOHYD 328; /note="N-linked (GlcNAc...) asparagine"; /evidence="ECO:0000255"; CARBOHYD 1436; /note="N-linked (GlcNAc...) asparagine"; /evidence="ECO:0007744|PDB:8WE6, ECO:0007744|PDB:8WE7, ECO:0007744|PDB:8WE8, ECO:0007744|PDB:8WE9"; CARBOHYD 1487; /note="N-linked (GlcNAc...) asparagine"; /evidence="ECO:0000255"	
Q96GW7	BCAN BEHAB CSPG7 UNQ2525/PRO6018	CARBOHYD 130; /note="N-linked (GlcNAc...) asparagine"; /evidence="ECO:0000255"; CARBOHYD 337; /note="N-linked (GlcNAc...) asparagine"; /evidence="ECO:0000255"; CARBOHYD 418; /note="O-linked (Xyl...) (chondroitin sulfate) serine"; /evidence="ECO:0000269|PubMed:25326458, ECO:0000269|PubMed:37453717"; CARBOHYD 905; /note="O-linked (GalNAc...) serine"; /evidence="ECO:0000305|PubMed:19838169"; CARBOHYD 906; /note="O-linked (GalNAc...) serine"; /evidence="ECO:0000305|PubMed:19838169"	LIPID Q96GW7-2:646; /note="GPI-anchor amidated alanine"; /evidence="ECO:0000255"
P49913	CAMP CAP18 FALL39 HSD26		
Q96JM3	CHAMP1 C13orf8 CAMP CHAMP KIAA1802 ZNF828		
P34820	BMP8B BMP8	CARBOHYD 158; /note="N-linked (GlcNAc...) asparagine"; /evidence="ECO:0000255"; CARBOHYD 343; /note="N-linked (GlcNAc...) asparagine"; /evidence="ECO:0000255"	
Q6UXA7	C6orf15 STG UNQ1840/PRO3566		
Q8N2X6	EXOC3-AS1 C5orf55	CARBOHYD 44; /note="N-linked (GlcNAc...) asparagine"; /evidence="ECO:0000255"	
Q5SR53	PIK3CD-AS1 C1orf200		
P0DN86	CGB3 CGB; CGB5; CGB8	CARBOHYD 33; /note="N-linked (GlcNAc...) asparagine"; /evidence="ECO:0007744|PDB:1HRP"; /id="CAR_000042"; CARBOHYD 50; /note="N-linked (GlcNAc...) asparagine"; /evidence="ECO:0007744|PDB:1HRP"; /id="CAR_000043"; CARBOHYD 141; /note="O-linked (GalNAc...) serine"; /evidence="ECO:0000269|PubMed:1150658"; CARBOHYD 147; /note="O-linked (GalNAc...) serine"; /evidence="ECO:0000269|PubMed:1150658"; CARBOHYD 152; /note="O-linked (GalNAc...) serine"; /evidence="ECO:0000269|PubMed:1150658"; CARBOHYD 158; /note="O-linked (GalNAc...) serine"; /evidence="ECO:0000269|PubMed:1150658"	
P29016	CD1B	CARBOHYD 38; /note="N-linked (GlcNAc...) asparagine"; /evidence="ECO:0000269|PubMed:16874306"; CARBOHYD 75; /note="N-linked (GlcNAc...) asparagine"; /evidence="ECO:0000269|PubMed:16874306, ECO:0000269|PubMed:19349973"; CARBOHYD 146; /note="N-linked (GlcNAc...) asparagine"; /evidence="ECO:0000255"; CARBOHYD 258; /note="N-linked (GlcNAc...) asparagine"; /evidence="ECO:0000255"	
P06126	CD1A	CARBOHYD 37; /note="N-linked (GlcNAc...) asparagine"; /evidence="ECO:0000269|PubMed:12833155, ECO:0000269|PubMed:15723809"; CARBOHYD 60; /note="N-linked (GlcNAc...) asparagine"; /evidence="ECO:0000255"; CARBOHYD 74; /note="N-linked (GlcNAc...) asparagine"; /evidence="ECO:0000269|PubMed:12833155, ECO:0000269|PubMed:15723809, ECO:0000269|PubMed:25642819"; CARBOHYD 145; /note="N-linked (GlcNAc...) asparagine"; /evidence="ECO:0000269|PubMed:12833155, ECO:0000269|PubMed:15723809, ECO:0000269|PubMed:25642819"	
P48960	ADGRE5 CD97	CARBOHYD 33; /note="N-linked (GlcNAc...) asparagine"; /evidence="ECO:0000255"; CARBOHYD 38; /note="N-linked (GlcNAc...) asparagine"; /evidence="ECO:0000255"; CARBOHYD 108; /note="N-linked (GlcNAc...) asparagine"; /evidence="ECO:0000255"; CARBOHYD 203; /note="N-linked (GlcNAc...) asparagine"; /evidence="ECO:0000255"; CARBOHYD 371; /note="N-linked (GlcNAc...) asparagine"; /evidence="ECO:0000269|PubMed:19349973"; CARBOHYD 406; /note="N-linked (GlcNAc...) asparagine"; /evidence="ECO:0000255"; CARBOHYD 413; /note="N-linked (GlcNAc...) asparagine"; /evidence="ECO:0000255"; CARBOHYD 453; /note="N-linked (GlcNAc...) asparagine"; /evidence="ECO:0000269|PubMed:19159218"; CARBOHYD 520; /note="N-linked (GlcNAc...) asparagine"; /evidence="ECO:0000255"	
P11229	CHRM1	CARBOHYD 2; /note="N-linked (GlcNAc...) asparagine"; /evidence="ECO:0000255|PROSITE-ProRule:PRU00498"; CARBOHYD 12; /note="N-linked (GlcNAc...) asparagine"; /evidence="ECO:0000255|PROSITE-ProRule:PRU00498"	
P15391	CD19	CARBOHYD 86; /note="N-linked (GlcNAc...) asparagine"; /evidence="ECO:0000269|PubMed:29490423, ECO:0007744|PDB:6AL5"; CARBOHYD 125; /note="N-linked (GlcNAc...) asparagine"; /evidence="ECO:0000269|PubMed:29490423, ECO:0007744|PDB:6AL5"; CARBOHYD 138; /note="N-linked (GlcNAc...) asparagine"; /evidence="ECO:0000255"; CARBOHYD 181; /note="N-linked (GlcNAc...) asparagine"; /evidence="ECO:0000255"; CARBOHYD 265; /note="N-linked (GlcNAc...) asparagine"; /evidence="ECO:0000255"	
P25063	CD24 CD24A	CARBOHYD 36; /note="N-linked (GlcNAc...) asparagine"; /evidence="ECO:0000255"; CARBOHYD 52; /note="N-linked (GlcNAc...) asparagine"; /evidence="ECO:0000255"	LIPID 59; /note="GPI-anchor amidated glycine"; /evidence="ECO:0000255"
P08571	CD14	CARBOHYD 37; /note="N-linked (GlcNAc...) asparagine"; /evidence="ECO:0000255"; CARBOHYD 151; /note="N-linked (GlcNAc...) asparagine"; /evidence="ECO:0000269|PubMed:16335952"; CARBOHYD 282; /note="N-linked (GlcNAc...) asparagine"; /evidence="ECO:0000269|PubMed:16335952"; CARBOHYD 323; /note="N-linked (GlcNAc...) asparagine"; /evidence="ECO:0000269|PubMed:19159218"; CARBOHYD 336; /note="O-linked (GalNAc...) threonine"; /evidence="ECO:0000269|PubMed:19838169"	LIPID 345; /note="GPI-anchor amidated asparagine"; /evidence="ECO:0000255"
P02461	COL3A1	CARBOHYD 263; /note="O-linked (Gal...) hydroxylysine; alternate"	
P08861	CELA3B ELA3B	CARBOHYD 114; /note="N-linked (GlcNAc...) asparagine"; /evidence="ECO:0000269|PubMed:2737288"; /id="CAR_000212"	
P26441	CNTF		
P20309	CHRM3	CARBOHYD 5; /note="N-linked (GlcNAc...) asparagine"; /evidence="ECO:0000255"; CARBOHYD 6; /note="N-linked (GlcNAc...) asparagine"; /evidence="ECO:0000255"; CARBOHYD 15; /note="N-linked (GlcNAc...) asparagine"; /evidence="ECO:0000255"; CARBOHYD 41; /note="N-linked (GlcNAc...) asparagine"; /evidence="ECO:0000255"; CARBOHYD 48; /note="N-linked (GlcNAc...) asparagine"; /evidence="ECO:0000255"	
P10747	CD28	CARBOHYD 37; /note="N-linked (GlcNAc...) asparagine"; /evidence="ECO:0000269|PubMed:15696168"; CARBOHYD 71; /note="N-linked (GlcNAc...) asparagine"; /evidence="ECO:0000269|PubMed:19349973"; CARBOHYD 92; /note="N-linked (GlcNAc...) asparagine"; /evidence="ECO:0000255"; CARBOHYD 105; /note="N-linked (GlcNAc...) asparagine"; /evidence="ECO:0000269|PubMed:15696168"; CARBOHYD 129; /note="N-linked (GlcNAc...) asparagine"; /evidence="ECO:0000269|PubMed:19349973"	
Q01955	COL4A3	CARBOHYD 253; /note="N-linked (GlcNAc...) asparagine"; /evidence="ECO:0000255"	
P28906	CD34	CARBOHYD 36; /note="N-linked (GlcNAc...) asparagine"; /evidence="ECO:0000255"; CARBOHYD 51; /note="N-linked (GlcNAc...) asparagine"; /evidence="ECO:0000255"; CARBOHYD 55; /note="N-linked (GlcNAc...) asparagine"; /evidence="ECO:0000255"; CARBOHYD 85; /note="N-linked (GlcNAc...) asparagine"; /evidence="ECO:0000255"; CARBOHYD 107; /note="N-linked (GlcNAc...) asparagine"; /evidence="ECO:0000255"; CARBOHYD 126; /note="N-linked (GlcNAc...) asparagine"; /evidence="ECO:0000255"; CARBOHYD 142; /note="N-linked (GlcNAc...) asparagine"; /evidence="ECO:0000255"; CARBOHYD 194; /note="N-linked (GlcNAc...) asparagine"; /evidence="ECO:0000255"; CARBOHYD 249; /note="N-linked (GlcNAc...) asparagine"; /evidence="ECO:0000255"	
P33151	CDH5	CARBOHYD 61; /note="N-linked (GlcNAc...) (complex) asparagine"; /evidence="ECO:0000269|PubMed:19139490, ECO:0000269|PubMed:21269602"; CARBOHYD 112; /note="N-linked (GlcNAc...) (complex) asparagine"; /evidence="ECO:0000269|PubMed:16335952, ECO:0000269|PubMed:19139490, ECO:0000269|PubMed:21269602"; CARBOHYD 157; /note="N-linked (GlcNAc...) asparagine"; /evidence="ECO:0000269|PubMed:21269602"; CARBOHYD 362; /note="N-linked (GlcNAc...) asparagine"; /evidence="ECO:0000269|PubMed:21269602"; CARBOHYD 442; /note="N-linked (GlcNAc...) (complex) asparagine"; /evidence="ECO:0000269|PubMed:16335952, ECO:0000269|PubMed:19139490, ECO:0000269|PubMed:21269602"; CARBOHYD 523; /note="N-linked (GlcNAc...) asparagine"; /evidence="ECO:0000269|PubMed:16335952"; CARBOHYD 535; /note="N-linked (GlcNAc...) asparagine"; /evidence="ECO:0000269|PubMed:16335952"	
P26992	CNTFR	CARBOHYD 60; /note="N-linked (GlcNAc...) asparagine"; /evidence="ECO:0000255"; CARBOHYD 70; /note="N-linked (GlcNAc...) asparagine"; /evidence="ECO:0000255"; CARBOHYD 142; /note="N-linked (GlcNAc...) asparagine"; /evidence="ECO:0000255, ECO:0000269|PubMed:36930708, ECO:0007744|PDB:8D74, ECO:0007744|PDB:8D7R"; CARBOHYD 190; /note="N-linked (GlcNAc...) asparagine"; /evidence="ECO:0000255"	LIPID 342; /note="GPI-anchor amidated serine"; /evidence="ECO:0000255"
P09693	CD3G T3G	CARBOHYD 52; /note="N-linked (GlcNAc...) asparagine"; /evidence="ECO:0000269|PubMed:8636209"; CARBOHYD 92; /note="N-linked (GlcNAc...) asparagine"; /evidence="ECO:0000269|PubMed:8636209"	
P21854	CD72	CARBOHYD 136; /note="N-linked (GlcNAc...) asparagine"; /evidence="ECO:0000255"	
P01215	CGA	CARBOHYD 76; /note="N-linked (GlcNAc...) asparagine"; /evidence="ECO:0000269|PubMed:15662415, ECO:0000269|PubMed:24692546, ECO:0007744|PDB:4MQW"; /id="CAR_000036"; CARBOHYD 102; /note="N-linked (GlcNAc...) asparagine"; /evidence="ECO:0000269|PubMed:15662415, ECO:0000269|PubMed:24692546, ECO:0007744|PDB:4MQW"; /id="CAR_000037"	
Q9Y6N8	CDH10	CARBOHYD 256; /note="N-linked (GlcNAc...) asparagine"; /evidence="ECO:0000255"; CARBOHYD 438; /note="N-linked (GlcNAc...) asparagine"; /evidence="ECO:0000255"; CARBOHYD 456; /note="N-linked (GlcNAc...) asparagine"; /evidence="ECO:0000255"; CARBOHYD 534; /note="N-linked (GlcNAc...) asparagine"; /evidence="ECO:0000255"	
P26842	CD27 TNFRSF7	CARBOHYD 95; /note="N-linked (GlcNAc...) asparagine"; /evidence="ECO:0000269|PubMed:34419446, ECO:0007744|PDB:7KX0"; CARBOHYD 127; /note="O-linked (GalNAc...) serine"; /evidence="ECO:0000269|PubMed:22171320"	
P39060	COL18A1	CARBOHYD 68; /note="N-linked (GlcNAc...) asparagine"; /evidence="ECO:0000255"; CARBOHYD 129; /note="N-linked (GlcNAc...) asparagine"; /evidence="ECO:0000255"; CARBOHYD 164; /note="N-linked (GlcNAc...) asparagine"; /evidence="ECO:0000255"; CARBOHYD 889; /note="O-linked (Xyl...) (chondroitin sulfate) serine"; /evidence="ECO:0000269|PubMed:32337544"; CARBOHYD 926; /note="N-linked (GlcNAc...) asparagine"; /evidence="ECO:0000255"; CARBOHYD 1567; /note="O-linked (GalNAc...) threonine"; /evidence="ECO:0000269|PubMed:10441114"; /id="CAR_000150"	
P55285	CDH6	CARBOHYD 49; /note="N-linked (GlcNAc...) asparagine"; /evidence="ECO:0000255"; CARBOHYD 255; /note="N-linked (GlcNAc...) asparagine"; /evidence="ECO:0000255"; CARBOHYD 399; /note="N-linked (GlcNAc...) asparagine"; /evidence="ECO:0000269|PubMed:16335952"; CARBOHYD 437; /note="N-linked (GlcNAc...) asparagine"; /evidence="ECO:0000255"; CARBOHYD 455; /note="N-linked (GlcNAc...) asparagine"; /evidence="ECO:0000255"; CARBOHYD 536; /note="N-linked (GlcNAc...) asparagine"; /evidence="ECO:0000255"	
P02458	COL2A1	CARBOHYD 190; /note="O-linked (Gal...) hydroxylysine"; /evidence="ECO:0000250"; CARBOHYD 287; /note="O-linked (Gal...) hydroxylysine"; /evidence="ECO:0000250"; CARBOHYD 299; /note="O-linked (Gal...) hydroxylysine"; /evidence="ECO:0000250"; CARBOHYD 308; /note="O-linked (Gal...) hydroxylysine"; /evidence="ECO:0000250"; CARBOHYD 374; /note="O-linked (Gal...) hydroxylysine"; /evidence="ECO:0000250"; CARBOHYD 608; /note="O-linked (Gal...) hydroxylysine"; /evidence="ECO:0000250"; CARBOHYD 620; /note="O-linked (Gal...) hydroxylysine"; /evidence="ECO:0000250"; CARBOHYD 1130; /note="O-linked (Gal...) hydroxylysine"; /evidence="ECO:0000250"; CARBOHYD 1388; /note="N-linked (GlcNAc...) asparagine"	
Q5TAT6	COL13A1		
P08572	COL4A2	CARBOHYD 138; /note="N-linked (GlcNAc...) asparagine"; /evidence="ECO:0000269|PubMed:3198637"	
P02462	COL4A1	CARBOHYD 126; /note="N-linked (GlcNAc...) asparagine"	
P02452	COL1A1	CARBOHYD 265; /note="O-linked (Gal...) hydroxylysine; alternate"; /evidence="ECO:0000269|PubMed:4319110"; CARBOHYD 1108; /note="O-linked (Gal...) hydroxylysine; alternate"; /evidence="ECO:0000250|UniProtKB:P02457"; CARBOHYD 1365; /note="N-linked (GlcNAc...) asparagine"	
Q12860	CNTN1	CARBOHYD 208; /note="N-linked (GlcNAc...) asparagine"; /evidence="ECO:0000255"; CARBOHYD 258; /note="N-linked (GlcNAc...) asparagine"; /evidence="ECO:0000255"; CARBOHYD 338; /note="N-linked (GlcNAc...) asparagine"; /evidence="ECO:0000255"; CARBOHYD 457; /note="N-linked (GlcNAc...) asparagine"; /evidence="ECO:0000255"; CARBOHYD 473; /note="N-linked (GlcNAc...) asparagine"; /evidence="ECO:0000255"; CARBOHYD 494; /note="N-linked (GlcNAc...) (complex) asparagine"; /evidence="ECO:0000269|PubMed:16335952, ECO:0000269|PubMed:19139490"; CARBOHYD 521; /note="N-linked (GlcNAc...) asparagine"; /evidence="ECO:0000255"; CARBOHYD 591; /note="N-linked (GlcNAc...) asparagine"; /evidence="ECO:0000255"; CARBOHYD 933; /note="N-linked (GlcNAc...) asparagine"; /evidence="ECO:0000255"	LIPID 993; /note="GPI-anchor amidated serine"; /evidence="ECO:0000255"
P06127	CD5 LEU1	CARBOHYD 116; /note="N-linked (GlcNAc...) asparagine"; /evidence="ECO:0000255"; CARBOHYD 241; /note="N-linked (GlcNAc...) asparagine"; /evidence="ECO:0000255"	
P01730	CD4	CARBOHYD 296; /note="N-linked (GlcNAc...) asparagine"; /evidence="ECO:0000269|PubMed:19159218, ECO:0000269|PubMed:2001369, ECO:0000269|PubMed:2592374"; /id="CAR_000053"; CARBOHYD 325; /note="N-linked (GlcNAc...) asparagine"; /evidence="ECO:0000269|PubMed:2001369, ECO:0000269|PubMed:2592374"; /id="CAR_000054"	LIPID 419; /note="S-palmitoyl cysteine"; /evidence="ECO:0000269|PubMed:1618861"; LIPID 422; /note="S-palmitoyl cysteine"; /evidence="ECO:0000269|PubMed:1618861"
P08123	COL1A2	CARBOHYD 177; /note="O-linked (Gal...) hydroxylysine; alternate"; /evidence="ECO:0000269|PubMed:4319110"; CARBOHYD 1267; /note="N-linked (GlcNAc...) asparagine"; /evidence="ECO:0000255"	
Q9P2M7	CGN KIAA1319		
Q8IWV2	CNTN4	CARBOHYD 65; /note="N-linked (GlcNAc...) asparagine"; /evidence="ECO:0000269|PubMed:16335952"; CARBOHYD 90; /note="N-linked (GlcNAc...) asparagine"; /evidence="ECO:0000255"; CARBOHYD 191; /note="N-linked (GlcNAc...) asparagine"; /evidence="ECO:0000255"; CARBOHYD 370; /note="N-linked (GlcNAc...) asparagine"; /evidence="ECO:0000255"; CARBOHYD 375; /note="N-linked (GlcNAc...) asparagine"; /evidence="ECO:0000255"; CARBOHYD 466; /note="N-linked (GlcNAc...) asparagine"; /evidence="ECO:0000255"; CARBOHYD 705; /note="N-linked (GlcNAc...) asparagine"; /evidence="ECO:0000255"; CARBOHYD 764; /note="N-linked (GlcNAc...) asparagine"; /evidence="ECO:0000255"; CARBOHYD 858; /note="N-linked (GlcNAc...) asparagine"; /evidence="ECO:0000255"; CARBOHYD 893; /note="N-linked (GlcNAc...) asparagine"; /evidence="ECO:0000255"; CARBOHYD 911; /note="N-linked (GlcNAc...) asparagine"; /evidence="ECO:0000255"; CARBOHYD 929; /note="N-linked (GlcNAc...) asparagine"; /evidence="ECO:0000255"; CARBOHYD 954; /note="N-linked (GlcNAc...) asparagine"; /evidence="ECO:0000255"	LIPID 1000; /note="GPI-anchor amidated serine"; /evidence="ECO:0000255"
P04234	CD3D T3D	CARBOHYD 38; /note="N-linked (GlcNAc...) asparagine"; /evidence="ECO:0000255"; CARBOHYD 74; /note="N-linked (GlcNAc...) asparagine"; /evidence="ECO:0000255"	
P43681	CHRNA4 NACRA4	CARBOHYD 57; /note="N-linked (GlcNAc...) asparagine"; /evidence="ECO:0000255"; CARBOHYD 107; /note="N-linked (GlcNAc...) asparagine"; /evidence="ECO:0000255"; CARBOHYD 174; /note="N-linked (GlcNAc...) asparagine"; /evidence="ECO:0000269|PubMed:27698419, ECO:0007744|PDB:5KXI"	LIPID 271; /note="S-palmitoyl cysteine"; /evidence="ECO:0000250|UniProtKB:P04757"
P51686	CCR9 GPR28	CARBOHYD 32; /note="N-linked (GlcNAc...) asparagine"; /evidence="ECO:0000255"	
Q9H2X3	CLEC4M CD209L CD209L1 CD299	CARBOHYD 92; /note="N-linked (GlcNAc...) asparagine"; /evidence="ECO:0000255"; CARBOHYD 361; /note="N-linked (GlcNAc...) asparagine"; /evidence="ECO:0000255"	
P19397	CD53 MOX44 TSPAN25	CARBOHYD 129; /note="N-linked (GlcNAc...) asparagine"; /evidence="ECO:0000269|PubMed:32974937"; CARBOHYD 148; /note="N-linked (GlcNAc...) asparagine"; /evidence="ECO:0000255"	
P21554	CNR1 CNR	CARBOHYD 77; /note="N-linked (GlcNAc...) asparagine"; /evidence="ECO:0000255"; CARBOHYD 83; /note="N-linked (GlcNAc...) asparagine"; /evidence="ECO:0000255"	LIPID 415; /note="S-palmitoyl cysteine"; /evidence="ECO:0000269|PubMed:21895628"
P04233	CD74 DHLAG	CARBOHYD 130; /note="N-linked (GlcNAc...) asparagine"; CARBOHYD 136; /note="N-linked (GlcNAc...) asparagine"; /evidence="ECO:0000269|PubMed:19159218"; CARBOHYD 203; /note="O-linked (GalNAc...) threonine"; /evidence="ECO:0000269|PubMed:22171320, ECO:0000269|PubMed:23234360"; CARBOHYD 256; /note="N-linked (GlcNAc...) asparagine"; /evidence="ECO:0000269|PubMed:10022822"; CARBOHYD 281; /note="O-linked (GalNAc...) serine"; /evidence="ECO:0000269|PubMed:23234360"; CARBOHYD 282; /note="O-linked (Xyl...) (chondroitin sulfate) serine"; /evidence="ECO:0000269|PubMed:25326458, ECO:0000269|PubMed:32337544, ECO:0000269|PubMed:36213313, ECO:0000269|PubMed:37453717"	
P11912	CD79A IGA MB1	CARBOHYD 57; /note="N-linked (GlcNAc...) asparagine"; /evidence="ECO:0000255, ECO:0000269|PubMed:35981043, ECO:0007744|PDB:7XQ8"; CARBOHYD 63; /note="N-linked (GlcNAc...) asparagine"; /evidence="ECO:0000255, ECO:0000269|PubMed:35981043, ECO:0007744|PDB:7XQ8"; CARBOHYD 73; /note="N-linked (GlcNAc...) asparagine"; /evidence="ECO:0000255, ECO:0000269|PubMed:35981043, ECO:0007744|PDB:7XQ8"; CARBOHYD 88; /note="N-linked (GlcNAc...) asparagine"; /evidence="ECO:0000255, ECO:0000269|PubMed:35981043, ECO:0007744|PDB:7XQ8"; CARBOHYD 97; /note="N-linked (GlcNAc...) asparagine"; /evidence="ECO:0000255, ECO:0000269|PubMed:35981043, ECO:0007744|PDB:7XQ8"; CARBOHYD 112; /note="N-linked (GlcNAc...) asparagine"; /evidence="ECO:0000255, ECO:0000269|PubMed:35981043, ECO:0007744|PDB:7XQ8"	
P09326	CD48 BCM1 BLAST1	CARBOHYD 40; /note="N-linked (GlcNAc...) asparagine"; /evidence="ECO:0000255"; CARBOHYD 44; /note="N-linked (GlcNAc...) asparagine"; /evidence="ECO:0000255"; CARBOHYD 104; /note="N-linked (GlcNAc...) asparagine"; /evidence="ECO:0000269|PubMed:19349973"; CARBOHYD 162; /note="N-linked (GlcNAc...) asparagine"; /evidence="ECO:0000255"; CARBOHYD 189; /note="N-linked (GlcNAc...) asparagine"; /evidence="ECO:0000269|PubMed:19349973"	LIPID 220; /note="GPI-anchor amidated serine"; /evidence="ECO:0000250|UniProtKB:P10252"
P48509	CD151 TSPAN24	CARBOHYD 159; /note="N-linked (GlcNAc...) asparagine"; /evidence="ECO:0000255"	LIPID 11; /note="S-palmitoyl cysteine"; /evidence="ECO:0000269|PubMed:11907260"; LIPID 15; /note="S-palmitoyl cysteine"; /evidence="ECO:0000269|PubMed:11907260"; LIPID 242; /note="S-palmitoyl cysteine"; /evidence="ECO:0000269|PubMed:11907260"; LIPID 243; /note="S-palmitoyl cysteine"; /evidence="ECO:0000269|PubMed:11907260"
Q9ULB5	CDH7 CDH7L1	CARBOHYD 449; /note="N-linked (GlcNAc...) asparagine"; /evidence="ECO:0000255"; CARBOHYD 530; /note="N-linked (GlcNAc...) asparagine"; /evidence="ECO:0000255"	
P19835	CEL BAL	CARBOHYD 207; /note="N-linked (GlcNAc...) (complex) asparagine"; /id="CAR_000141"; CARBOHYD 558; /note="O-linked (GalNAc...) threonine"; /evidence="ECO:0000269|PubMed:7654718"; CARBOHYD 569; /note="O-linked (GalNAc...) threonine"; /evidence="ECO:0000269|PubMed:7654718"; CARBOHYD 579; /note="O-linked (GalNAc...) threonine"; /evidence="ECO:0000269|PubMed:7654718"; CARBOHYD 607; /note="O-linked (GalNAc...) threonine"; /evidence="ECO:0000269|PubMed:7654718"; CARBOHYD 618; /note="O-linked (GalNAc...) threonine"; /evidence="ECO:0000269|PubMed:7654718"; CARBOHYD 629; /note="O-linked (GalNAc...) threonine"; /evidence="ECO:0000269|PubMed:7654718"; CARBOHYD 640; /note="O-linked (GalNAc...) threonine"; /evidence="ECO:0000269|PubMed:7654718"; CARBOHYD 651; /note="O-linked (GalNAc...) threonine"; /evidence="ECO:0000269|PubMed:7654718"; CARBOHYD 662; /note="O-linked (GalNAc...) threonine"; /evidence="ECO:0000269|PubMed:7654718"; CARBOHYD 673; /note="O-linked (GalNAc...) threonine"; /evidence="ECO:0000269|PubMed:7654718"	
P25942	CD40 TNFRSF5	CARBOHYD 153; /note="N-linked (GlcNAc...) asparagine"; /evidence="ECO:0000255"; CARBOHYD 180; /note="N-linked (GlcNAc...) asparagine"; /evidence="ECO:0000255"	
Q08722	CD47 MER6	CARBOHYD 23; /note="N-linked (GlcNAc...) asparagine"; /evidence="ECO:0000269|PubMed:18657508"; CARBOHYD 34; /note="N-linked (GlcNAc...) asparagine"; CARBOHYD 50; /note="N-linked (GlcNAc...) asparagine"; /evidence="ECO:0000269|PubMed:18657508, ECO:0000269|PubMed:19349973"; CARBOHYD 73; /note="N-linked (GlcNAc...) asparagine"; /evidence="ECO:0000269|PubMed:18657508, ECO:0000269|PubMed:19159218, ECO:0000269|PubMed:19349973"; CARBOHYD 111; /note="N-linked (GlcNAc...) asparagine"; /evidence="ECO:0000269|PubMed:18657508, ECO:0000269|PubMed:19159218"; CARBOHYD 206; /note="N-linked (GlcNAc...) asparagine"; /evidence="ECO:0000255"	
Q4KMG0	CDON CDO	CARBOHYD 88; /note="N-linked (GlcNAc...) asparagine"; /evidence="ECO:0000255"; CARBOHYD 100; /note="N-linked (GlcNAc...) asparagine"; /evidence="ECO:0000255"; CARBOHYD 180; /note="N-linked (GlcNAc...) asparagine"; /evidence="ECO:0000255"; CARBOHYD 287; /note="N-linked (GlcNAc...) asparagine"; /evidence="ECO:0000255"; CARBOHYD 294; /note="N-linked (GlcNAc...) asparagine"; /evidence="ECO:0000255"; CARBOHYD 342; /note="N-linked (GlcNAc...) asparagine"; /evidence="ECO:0000255"; CARBOHYD 427; /note="N-linked (GlcNAc...) asparagine"; /evidence="ECO:0000255"; CARBOHYD 570; /note="N-linked (GlcNAc...) asparagine"; /evidence="ECO:0000255"; CARBOHYD 873; /note="N-linked (GlcNAc...) asparagine"; /evidence="ECO:0000255"	
Q6YHK3	CD109 CPAMD7	CARBOHYD 68; /note="N-linked (GlcNAc...) asparagine"; /evidence="ECO:0000269|PubMed:16335952, ECO:0000269|PubMed:19349973"; CARBOHYD 118; /note="N-linked (GlcNAc...) asparagine"; /evidence="ECO:0000269|PubMed:16335952, ECO:0000269|PubMed:19349973"; CARBOHYD 247; /note="N-linked (GlcNAc...) asparagine"; /evidence="ECO:0000269|PubMed:16263699, ECO:0000269|PubMed:16335952"; CARBOHYD 279; /note="N-linked (GlcNAc...) asparagine"; /evidence="ECO:0000255"; CARBOHYD 365; /note="N-linked (GlcNAc...) asparagine"; /evidence="ECO:0000255"; CARBOHYD 419; /note="N-linked (GlcNAc...) asparagine"; /evidence="ECO:0000269|PubMed:16335952, ECO:0000269|PubMed:19159218"; CARBOHYD 513; /note="N-linked (GlcNAc...) asparagine"; /evidence="ECO:0000255|PROSITE-ProRule:PRU00498"; CARBOHYD 645; /note="N-linked (GlcNAc...) asparagine"; /evidence="ECO:0000255"; CARBOHYD 1086; /note="N-linked (GlcNAc...) asparagine"; /evidence="ECO:0000255"; CARBOHYD 1355; /note="N-linked (GlcNAc...) asparagine"; /evidence="ECO:0000255|PROSITE-ProRule:PRU00498"	LIPID 1420; /note="GPI-anchor amidated alanine"; /evidence="ECO:0000255"
P12107	COL11A1 COLL6	CARBOHYD 1640; /note="N-linked (GlcNAc...) asparagine"; /evidence="ECO:0000255"	
P32970	CD70 CD27L CD27LG TNFSF7	CARBOHYD 63; /note="N-linked (GlcNAc...) asparagine"; /evidence="ECO:0000255"; CARBOHYD 170; /note="N-linked (GlcNAc...) asparagine"; /evidence="ECO:0000255"	
Q99788	CMKLR1 CHEMR23 DEZ	CARBOHYD 9; /note="N-linked (GlcNAc...) asparagine"; /evidence="ECO:0000255"; CARBOHYD 192; /note="N-linked (GlcNAc...) asparagine"; /evidence="ECO:0000255"	
Q99467	CD180 LY64 RP105	CARBOHYD 34; /note="N-linked (GlcNAc...) asparagine"; /evidence="ECO:0000255"; CARBOHYD 53; /note="N-linked (GlcNAc...) asparagine"; /evidence="ECO:0000255"; CARBOHYD 70; /note="N-linked (GlcNAc...) asparagine"; /evidence="ECO:0000255"; CARBOHYD 78; /note="N-linked (GlcNAc...) asparagine"; /evidence="ECO:0000269|PubMed:19159218"; CARBOHYD 201; /note="N-linked (GlcNAc...) asparagine"; /evidence="ECO:0000255"; CARBOHYD 234; /note="N-linked (GlcNAc...) asparagine"; /evidence="ECO:0000255"; CARBOHYD 244; /note="N-linked (GlcNAc...) asparagine"; /evidence="ECO:0000255"; CARBOHYD 394; /note="N-linked (GlcNAc...) asparagine"; /evidence="ECO:0000255"; CARBOHYD 402; /note="N-linked (GlcNAc...) asparagine"; /evidence="ECO:0000269|PubMed:21959264"; CARBOHYD 451; /note="N-linked (GlcNAc...) asparagine"; /evidence="ECO:0000269|PubMed:21959264"; CARBOHYD 573; /note="N-linked (GlcNAc...) asparagine"; /evidence="ECO:0000255"	
P15529	CD46 MCP MIC10	CARBOHYD 83; /note="N-linked (GlcNAc...) asparagine"; CARBOHYD 114; /note="N-linked (GlcNAc...) asparagine"; /evidence="ECO:0000269|PubMed:20010840, ECO:0007744|PDB:3INB, ECO:0007744|PDB:3L89"; CARBOHYD 163; /note="O-linked (GalNAc...) threonine"; /evidence="ECO:0000255"; CARBOHYD 273; /note="N-linked (GlcNAc...) asparagine"; CARBOHYD 290; /note="O-linked (GalNAc...) serine"; /evidence="ECO:0000255"; CARBOHYD 291; /note="O-linked (GalNAc...) serine"; /evidence="ECO:0000255"; CARBOHYD 292; /note="O-linked (GalNAc...) threonine"; /evidence="ECO:0000255"; CARBOHYD 298; /note="O-linked (GalNAc...) serine"; /evidence="ECO:0000255"; CARBOHYD 300; /note="O-linked (GalNAc...) serine"; /evidence="ECO:0000255"; CARBOHYD 302; /note="O-linked (GalNAc...) serine"; /evidence="ECO:0000255"; CARBOHYD 303; /note="O-linked (GalNAc...) threonine"; /evidence="ECO:0000255"; CARBOHYD 304; /note="O-linked (GalNAc...) serine"; /evidence="ECO:0000255"; CARBOHYD 305; /note="O-linked (GalNAc...) serine"; /evidence="ECO:0000255"; CARBOHYD 306; /note="O-linked (GalNAc...) threonine"; /evidence="ECO:0000255"; CARBOHYD 307; /note="O-linked (GalNAc...) threonine"; /evidence="ECO:0000255"; CARBOHYD 309; /note="O-linked (GalNAc...) serine"; /evidence="ECO:0000255"; CARBOHYD 312; /note="O-linked (GalNAc...) serine"; /evidence="ECO:0000255"; CARBOHYD 313; /note="O-linked (GalNAc...) serine"; /evidence="ECO:0000255"; CARBOHYD 315; /note="O-linked (GalNAc...) serine"; /evidence="ECO:0000255"; CARBOHYD 320; /note="O-linked (GalNAc...) threonine"; /evidence="ECO:0000255"; CARBOHYD 326; /note="O-linked (GalNAc...) serine"; /evidence="ECO:0000255"	
Q9NPY3	CD93 C1QR1 MXRA4	CARBOHYD 325; /note="N-linked (GlcNAc...) asparagine"; /evidence="ECO:0000255"	
Q8IUN9	CLEC10A CLECSF13 CLECSF14 HML	CARBOHYD 78; /note="N-linked (GlcNAc...) asparagine"; /evidence="ECO:0000255"; CARBOHYD 173; /note="N-linked (GlcNAc...) asparagine"; /evidence="ECO:0000255"	
Q05707	COL14A1 UND	CARBOHYD 94; /note="N-linked (GlcNAc...) asparagine"; /evidence="ECO:0000269|PubMed:19159218"; CARBOHYD 137; /note="N-linked (GlcNAc...) asparagine"; /evidence="ECO:0000255"; CARBOHYD 372; /note="N-linked (GlcNAc...) asparagine"; /evidence="ECO:0000269|PubMed:19159218"; CARBOHYD 1384; /note="N-linked (GlcNAc...) asparagine"; /evidence="ECO:0000269|PubMed:19159218"; CARBOHYD 1388; /note="N-linked (GlcNAc...) asparagine"; /evidence="ECO:0000269|PubMed:19159218"; CARBOHYD 1476; /note="O-linked (Gal...) hydroxylysine; alternate"; /evidence="ECO:0000269|PubMed:7827751"; CARBOHYD 1485; /note="O-linked (Gal...) hydroxylysine; partial"; /evidence="ECO:0000269|PubMed:7827751"; CARBOHYD 1523; /note="O-linked (Gal...) hydroxylysine; partial"; /evidence="ECO:0000269|PubMed:7827751"; CARBOHYD 1526; /note="O-linked (Gal...) hydroxylysine; partial"; /evidence="ECO:0000269|PubMed:7827751"; CARBOHYD 1601; /note="O-linked (Gal...) hydroxylysine; alternate"; /evidence="ECO:0000269|PubMed:7827751"; CARBOHYD 1698; /note="O-linked (Gal...) hydroxylysine; alternate"; /evidence="ECO:0000269|PubMed:7827751"; CARBOHYD 1701; /note="O-linked (Gal...) hydroxylysine; alternate"; /evidence="ECO:0000269|PubMed:7827751"	
P13569	CFTR ABCC7	CARBOHYD 894; /note="N-linked (GlcNAc...) asparagine"; /evidence="ECO:0000269|PubMed:7518437, ECO:0000305|PubMed:20008117"; CARBOHYD 900; /note="N-linked (GlcNAc...) asparagine"; /evidence="ECO:0000269|PubMed:7518437, ECO:0000305|PubMed:20008117"	LIPID 524; /note="S-palmitoyl cysteine"; /evidence="ECO:0000269|PubMed:22119790"; LIPID 1395; /note="S-palmitoyl cysteine"; /evidence="ECO:0000269|PubMed:22119790"
Q92478	CLEC2B AICL CLECSF2 IFNRG1	CARBOHYD 57; /note="N-linked (GlcNAc...) asparagine"; /evidence="ECO:0000255"; CARBOHYD 62; /note="N-linked (GlcNAc...) asparagine"; /evidence="ECO:0000255"; CARBOHYD 100; /note="N-linked (GlcNAc...) asparagine"; /evidence="ECO:0000255"	
O43866	CD5L API6 UNQ203/PRO229		
Q9UMD9	COL17A1 BP180 BPAG2	CARBOHYD 1421; /note="N-linked (GlcNAc...) asparagine"; /evidence="ECO:0000269|PubMed:9748270"	
P08962	CD63 MLA1 TSPAN30	CARBOHYD 130; /note="N-linked (GlcNAc...) asparagine"; /evidence="ECO:0000269|PubMed:12754519, ECO:0000269|PubMed:19159218"; CARBOHYD 150; /note="N-linked (GlcNAc...) asparagine"; /evidence="ECO:0000255"; CARBOHYD 172; /note="N-linked (GlcNAc...) asparagine"; /evidence="ECO:0000255"	
Q9NYQ6	CELSR1 CDHF9 FMI2	CARBOHYD 403; /note="N-linked (GlcNAc...) asparagine"; /evidence="ECO:0000255"; CARBOHYD 546; /note="N-linked (GlcNAc...) asparagine"; /evidence="ECO:0000255"; CARBOHYD 634; /note="N-linked (GlcNAc...) asparagine"; /evidence="ECO:0000255"; CARBOHYD 778; /note="N-linked (GlcNAc...) asparagine"; /evidence="ECO:0000255"; CARBOHYD 1114; /note="N-linked (GlcNAc...) asparagine"; /evidence="ECO:0000255"; CARBOHYD 1139; /note="N-linked (GlcNAc...) asparagine"; /evidence="ECO:0000255"; CARBOHYD 1213; /note="N-linked (GlcNAc...) asparagine"; /evidence="ECO:0000255"; CARBOHYD 1249; /note="N-linked (GlcNAc...) asparagine"; /evidence="ECO:0000255"; CARBOHYD 1259; /note="N-linked (GlcNAc...) asparagine"; /evidence="ECO:0000255"; CARBOHYD 1287; /note="N-linked (GlcNAc...) asparagine"; /evidence="ECO:0000255"; CARBOHYD 1576; /note="N-linked (GlcNAc...) asparagine"; /evidence="ECO:0000255"; CARBOHYD 1623; /note="N-linked (GlcNAc...) asparagine"; /evidence="ECO:0000255"; CARBOHYD 1640; /note="N-linked (GlcNAc...) asparagine"; /evidence="ECO:0000255"; CARBOHYD 1979; /note="N-linked (GlcNAc...) asparagine"; /evidence="ECO:0000255"; CARBOHYD 2103; /note="N-linked (GlcNAc...) asparagine"; /evidence="ECO:0000255"; CARBOHYD 2122; /note="N-linked (GlcNAc...) asparagine"; /evidence="ECO:0000255"; CARBOHYD 2257; /note="N-linked (GlcNAc...) asparagine"; /evidence="ECO:0000255"; CARBOHYD 2415; /note="N-linked (GlcNAc...) asparagine"; /evidence="ECO:0000255"; CARBOHYD 2437; /note="N-linked (GlcNAc...) asparagine"; /evidence="ECO:0000255"; CARBOHYD 2523; /note="N-linked (GlcNAc...) asparagine"; /evidence="ECO:0000255"	
Q9Y240	CLEC11A CLECSF3 LSLCL SCGF		
P78357	CNTNAP1 CASPR NRXN4	CARBOHYD 120; /note="N-linked (GlcNAc...) asparagine"; /evidence="ECO:0000255"; CARBOHYD 128; /note="N-linked (GlcNAc...) asparagine"; /evidence="ECO:0000255"; CARBOHYD 276; /note="N-linked (GlcNAc...) asparagine"; /evidence="ECO:0000255"; CARBOHYD 420; /note="N-linked (GlcNAc...) asparagine"; /evidence="ECO:0000255"; CARBOHYD 499; /note="N-linked (GlcNAc...) asparagine"; /evidence="ECO:0000255"; CARBOHYD 518; /note="N-linked (GlcNAc...) asparagine"; /evidence="ECO:0000255"; CARBOHYD 597; /note="N-linked (GlcNAc...) asparagine"; /evidence="ECO:0000255"; CARBOHYD 653; /note="N-linked (GlcNAc...) asparagine"; /evidence="ECO:0000255"; CARBOHYD 664; /note="N-linked (GlcNAc...) asparagine"; /evidence="ECO:0000255"; CARBOHYD 763; /note="N-linked (GlcNAc...) asparagine"; /evidence="ECO:0000255"; CARBOHYD 804; /note="N-linked (GlcNAc...) asparagine"; /evidence="ECO:0000255"; CARBOHYD 843; /note="N-linked (GlcNAc...) asparagine"; /evidence="ECO:0000255"; CARBOHYD 860; /note="N-linked (GlcNAc...) asparagine"; /evidence="ECO:0000255"; CARBOHYD 948; /note="N-linked (GlcNAc...) asparagine"; /evidence="ECO:0000255"; CARBOHYD 956; /note="N-linked (GlcNAc...) asparagine"; /evidence="ECO:0000255"; CARBOHYD 1078; /note="N-linked (GlcNAc...) asparagine"; /evidence="ECO:0000255"; CARBOHYD 1147; /note="N-linked (GlcNAc...) asparagine"; /evidence="ECO:0000255"	
P60033	CD81 TAPA1 TSPAN28		
P12830	CDH1 CDHE UVO	CARBOHYD 280; /note="O-linked (Man...) serine"; /evidence="ECO:0000250|UniProtKB:P09803"; CARBOHYD 285; /note="O-linked (Man...) threonine"; /evidence="ECO:0000250|UniProtKB:P09803"; CARBOHYD 358; /note="O-linked (Man...) threonine"; /evidence="ECO:0000250|UniProtKB:P09803"; CARBOHYD 470; /note="O-linked (Man...) threonine"; /evidence="ECO:0000250|UniProtKB:P09803"; CARBOHYD 472; /note="O-linked (Man...) threonine"; /evidence="ECO:0000250|UniProtKB:P09803"; CARBOHYD 509; /note="O-linked (Man...) threonine"; /evidence="ECO:0000250|UniProtKB:P09803"; CARBOHYD 558; /note="N-linked (GlcNAc...) asparagine"; /evidence="ECO:0000269|PubMed:18491227"; CARBOHYD 570; /note="N-linked (GlcNAc...) asparagine"; /evidence="ECO:0000269|PubMed:18491227"; CARBOHYD 576; /note="O-linked (Man...) threonine"; /evidence="ECO:0000250|UniProtKB:P09803"; CARBOHYD 578; /note="O-linked (Man...) threonine"; /evidence="ECO:0000250|UniProtKB:P09803"; CARBOHYD 580; /note="O-linked (Man...) threonine"; /evidence="ECO:0000250|UniProtKB:P09803"; CARBOHYD 622; /note="N-linked (GlcNAc...) asparagine"; /evidence="ECO:0000269|PubMed:18491227"; CARBOHYD 637; /note="N-linked (GlcNAc...) asparagine"; /evidence="ECO:0000269|PubMed:18491227"	
Q8N6Q3	CD177 NB1 PRV1 UNQ595/PRO1181	CARBOHYD 189; /note="N-linked (GlcNAc...) asparagine"; /evidence="ECO:0000255"	LIPID 408; /note="GPI-anchor amidated glycine"; /evidence="ECO:0000255"
Q9UHC6	CNTNAP2 CASPR2 KIAA0868	CARBOHYD 289; /note="N-linked (GlcNAc...) asparagine"; /evidence="ECO:0000255"; CARBOHYD 346; /note="N-linked (GlcNAc...) asparagine"; /evidence="ECO:0000255"; CARBOHYD 363; /note="N-linked (GlcNAc...) asparagine"; /evidence="ECO:0000255"; CARBOHYD 379; /note="N-linked (GlcNAc...) asparagine"; /evidence="ECO:0000255"; CARBOHYD 436; /note="N-linked (GlcNAc...) asparagine"; /evidence="ECO:0000255"; CARBOHYD 506; /note="N-linked (GlcNAc...) asparagine"; /evidence="ECO:0000255"; CARBOHYD 507; /note="N-linked (GlcNAc...) asparagine"; /evidence="ECO:0000255"; CARBOHYD 546; /note="N-linked (GlcNAc...) asparagine"; /evidence="ECO:0000255"; CARBOHYD 630; /note="N-linked (GlcNAc...) asparagine"; /evidence="ECO:0000255"; CARBOHYD 735; /note="N-linked (GlcNAc...) asparagine"; /evidence="ECO:0000255"; CARBOHYD 1116; /note="N-linked (GlcNAc...) asparagine"; /evidence="ECO:0000255"; CARBOHYD 1198; /note="N-linked (GlcNAc...) asparagine"; /evidence="ECO:0000255"	
P19022	CDH2 CDHN NCAD	CARBOHYD 190; /note="N-linked (GlcNAc...) asparagine"; /evidence="ECO:0000255"; CARBOHYD 273; /note="N-linked (GlcNAc...) asparagine"; /evidence="ECO:0000269|PubMed:19159218"; CARBOHYD 325; /note="N-linked (GlcNAc...) asparagine"; /evidence="ECO:0000255"; CARBOHYD 402; /note="N-linked (GlcNAc...) asparagine"; /evidence="ECO:0000269|PubMed:19159218"; CARBOHYD 572; /note="N-linked (GlcNAc...) asparagine"; /evidence="ECO:0000269|PubMed:19159218"; CARBOHYD 651; /note="N-linked (GlcNAc...) asparagine"; /evidence="ECO:0000255"; CARBOHYD 692; /note="N-linked (GlcNAc...) asparagine"; /evidence="ECO:0000269|PubMed:19159218"	
O00421	CCRL2 CCR11 CCR6 CKRX CRAM HCR	CARBOHYD 3; /note="N-linked (GlcNAc...) asparagine"; /evidence="ECO:0000255"	
P20963	CD247 CD3Z T3Z TCRZ		
P51685	CCR8 CKRL1 CMKBR8 CMKBRL2		
Q9UBD9	CLCF1 BSF3 CLC NNT1	CARBOHYD 29; /note="N-linked (GlcNAc...) asparagine"; /evidence="ECO:0000255"	
P29965	CD40LG CD40L TNFSF5 TRAP	CARBOHYD 240; /note="N-linked (GlcNAc...) (complex) asparagine; alternate"; /evidence="ECO:0000269|PubMed:11676606"; CARBOHYD 240; /note="N-linked (GlcNAc...) (high mannose) asparagine; alternate"; /evidence="ECO:0000269|PubMed:11676606"	
Q9H159	CDH19 CDH7L2 UNQ478/PRO941	CARBOHYD 57; /note="N-linked (GlcNAc...) asparagine"; /evidence="ECO:0000255"; CARBOHYD 74; /note="N-linked (GlcNAc...) asparagine"; /evidence="ECO:0000255"; CARBOHYD 419; /note="N-linked (GlcNAc...) asparagine"; /evidence="ECO:0000255"; CARBOHYD 437; /note="N-linked (GlcNAc...) asparagine"; /evidence="ECO:0000255"; CARBOHYD 508; /note="N-linked (GlcNAc...) asparagine"; /evidence="ECO:0000255"; CARBOHYD 515; /note="N-linked (GlcNAc...) asparagine"; /evidence="ECO:0000255"; CARBOHYD 516; /note="N-linked (GlcNAc...) asparagine"; /evidence="ECO:0000255"; CARBOHYD 534; /note="N-linked (GlcNAc...) asparagine"; /evidence="ECO:0000255"	
P08603	CFH HF HF1 HF2	CARBOHYD 217; /note="N-linked (GlcNAc...) (complex) asparagine"; /evidence="ECO:0000269|PubMed:19139490"; CARBOHYD 529; /note="N-linked (GlcNAc...) asparagine"; /evidence="ECO:0000269|PubMed:16335952, ECO:0000269|PubMed:17591618, ECO:0000269|PubMed:19159218, ECO:0000269|PubMed:2963625"; CARBOHYD 718; /note="N-linked (GlcNAc...) asparagine"; /evidence="ECO:0000269|PubMed:17591618"; CARBOHYD 802; /note="N-linked (GlcNAc...) asparagine"; /evidence="ECO:0000269|PubMed:17591618, ECO:0000269|PubMed:19159218"; CARBOHYD 822; /note="N-linked (GlcNAc...) asparagine"; /evidence="ECO:0000269|PubMed:17591618"; CARBOHYD 882; /note="N-linked (GlcNAc...) (complex) asparagine"; /evidence="ECO:0000269|PubMed:14760718, ECO:0000269|PubMed:17591618, ECO:0000269|PubMed:19139490, ECO:0000269|PubMed:19159218, ECO:0000269|PubMed:19838169"; CARBOHYD 911; /note="N-linked (GlcNAc...) (complex) asparagine"; /evidence="ECO:0000269|PubMed:16335952, ECO:0000269|PubMed:17591618, ECO:0000269|PubMed:19139490, ECO:0000269|PubMed:19159218"; CARBOHYD 1029; /note="N-linked (GlcNAc...) (complex) asparagine"; /evidence="ECO:0000269|PubMed:17591618, ECO:0000269|PubMed:19139490, ECO:0000269|PubMed:19159218"; CARBOHYD 1095; /note="N-linked (GlcNAc...) asparagine"; /evidence="ECO:0000269|PubMed:17591618"	
P21926	CD9 MIC3 TSPAN29 GIG2	CARBOHYD 52; /note="N-linked (GlcNAc...) asparagine"; /evidence="ECO:0000255"; CARBOHYD 53; /note="N-linked (GlcNAc...) asparagine"; /evidence="ECO:0000255"	LIPID 9; /note="S-palmitoyl cysteine"; /evidence="ECO:0000305|PubMed:11959120"; LIPID 78; /note="S-palmitoyl cysteine"; /evidence="ECO:0000305|PubMed:11959120"; LIPID 79; /note="S-palmitoyl cysteine"; /evidence="ECO:0000305|PubMed:11959120"; LIPID 87; /note="S-palmitoyl cysteine"; /evidence="ECO:0000305|PubMed:11959120"; LIPID 218; /note="S-palmitoyl cysteine"; /evidence="ECO:0000305|PubMed:11959120"; LIPID 219; /note="S-palmitoyl cysteine"; /evidence="ECO:0000305|PubMed:11959120"
P08174	CD55 CR DAF	CARBOHYD 95; /note="N-linked (GlcNAc...) asparagine"; /evidence="ECO:0000269|PubMed:19159218"	LIPID 353; /note="GPI-anchor amidated serine"; /evidence="ECO:0000269|PubMed:1824699"
O14493	CLDN4 CPER CPETR1 WBSCR8		
Q02246	CNTN2 AXT TAG1 TAX1	CARBOHYD 76; /note="N-linked (GlcNAc...) asparagine"; /evidence="ECO:0000255"; CARBOHYD 198; /note="N-linked (GlcNAc...) asparagine"; /evidence="ECO:0000255"; CARBOHYD 204; /note="N-linked (GlcNAc...) asparagine"; /evidence="ECO:0000255"; CARBOHYD 461; /note="N-linked (GlcNAc...) asparagine"; /evidence="ECO:0000255"; CARBOHYD 477; /note="N-linked (GlcNAc...) asparagine"; /evidence="ECO:0000255"; CARBOHYD 498; /note="N-linked (GlcNAc...) asparagine"; /evidence="ECO:0000255"; CARBOHYD 525; /note="N-linked (GlcNAc...) asparagine"; /evidence="ECO:0000255"; CARBOHYD 830; /note="N-linked (GlcNAc...) asparagine"; /evidence="ECO:0000255"; CARBOHYD 904; /note="N-linked (GlcNAc...) asparagine"; /evidence="ECO:0000269|PubMed:16335952"; CARBOHYD 918; /note="N-linked (GlcNAc...) asparagine"; /evidence="ECO:0000255"; CARBOHYD 940; /note="N-linked (GlcNAc...) asparagine"; /evidence="ECO:0000255"	LIPID 1012; /note="GPI-anchor amidated asparagine"; /evidence="ECO:0000255"
P57739	CLDN2 PSEC0059 SP82 UNQ705/PRO1356		
P27701	CD82 KAI1 SAR2 ST6 TSPAN27	CARBOHYD 129; /note="N-linked (GlcNAc...) asparagine"; /evidence="ECO:0000269|PubMed:19159218, ECO:0000269|PubMed:19349973"; CARBOHYD 157; /note="N-linked (GlcNAc...) asparagine"; /evidence="ECO:0000255"; CARBOHYD 198; /note="N-linked (GlcNAc...) asparagine"; /evidence="ECO:0000269|PubMed:19349973"	LIPID 5; /note="S-palmitoyl cysteine"; /evidence="ECO:0000269|PubMed:35538033"; LIPID 74; /note="S-palmitoyl cysteine"; /evidence="ECO:0000269|PubMed:35538033"
Q9UM11	FZR1 CDH1 FYR FZR KIAA1242		
P16671	CD36 GP3B GP4	CARBOHYD 79; /note="N-linked (GlcNAc...) asparagine"; /evidence="ECO:0000255"; CARBOHYD 102; /note="N-linked (GlcNAc...) asparagine"; /evidence="ECO:0000255"; CARBOHYD 134; /note="N-linked (GlcNAc...) asparagine"; /evidence="ECO:0000255"; CARBOHYD 163; /note="N-linked (GlcNAc...) asparagine"; /evidence="ECO:0000255"; CARBOHYD 205; /note="N-linked (GlcNAc...) asparagine"; /evidence="ECO:0000269|PubMed:19159218"; CARBOHYD 220; /note="N-linked (GlcNAc...) asparagine"; /evidence="ECO:0000255"; CARBOHYD 235; /note="N-linked (GlcNAc...) asparagine"; /evidence="ECO:0000255"; CARBOHYD 247; /note="N-linked (GlcNAc...) asparagine"; /evidence="ECO:0000255"; CARBOHYD 321; /note="N-linked (GlcNAc...) asparagine"; /evidence="ECO:0000269|PubMed:18780401"; CARBOHYD 417; /note="N-linked (GlcNAc...) asparagine"; /evidence="ECO:0000269|PubMed:16263699, ECO:0000269|PubMed:19159218"	LIPID 3; /note="S-palmitoyl cysteine"; /evidence="ECO:0000269|PubMed:8798390"; LIPID 7; /note="S-palmitoyl cysteine"; /evidence="ECO:0000269|PubMed:8798390"; LIPID 464; /note="S-palmitoyl cysteine"; /evidence="ECO:0000269|PubMed:8798390"; LIPID 466; /note="S-palmitoyl cysteine"; /evidence="ECO:0000269|PubMed:8798390"
Q96JQ0	DCHS1 CDH19 CDH25 FIB1 KIAA1773 PCDH16	CARBOHYD 217; /note="N-linked (GlcNAc...) asparagine"; /evidence="ECO:0000255"; CARBOHYD 256; /note="N-linked (GlcNAc...) asparagine"; /evidence="ECO:0000255"; CARBOHYD 402; /note="N-linked (GlcNAc...) asparagine"; /evidence="ECO:0000255"; CARBOHYD 584; /note="N-linked (GlcNAc...) asparagine"; /evidence="ECO:0000255"; CARBOHYD 1249; /note="N-linked (GlcNAc...) asparagine"; /evidence="ECO:0000255"; CARBOHYD 1521; /note="N-linked (GlcNAc...) asparagine"; /evidence="ECO:0000255"; CARBOHYD 1718; /note="N-linked (GlcNAc...) asparagine"; /evidence="ECO:0000255"; CARBOHYD 1996; /note="N-linked (GlcNAc...) asparagine"; /evidence="ECO:0000255"; CARBOHYD 2361; /note="N-linked (GlcNAc...) asparagine"; /evidence="ECO:0000255"; CARBOHYD 2428; /note="N-linked (GlcNAc...) asparagine"; /evidence="ECO:0000255"; CARBOHYD 2569; /note="N-linked (GlcNAc...) asparagine"; /evidence="ECO:0000255"; CARBOHYD 2761; /note="N-linked (GlcNAc...) asparagine"; /evidence="ECO:0000255"; CARBOHYD 2792; /note="N-linked (GlcNAc...) asparagine"; /evidence="ECO:0000255"; CARBOHYD 2862; /note="N-linked (GlcNAc...) asparagine"; /evidence="ECO:0000255"	
P16070	CD44 LHR MDU2 MDU3 MIC4	CARBOHYD 25; /note="N-linked (GlcNAc...) asparagine"; /evidence="ECO:0000255"; CARBOHYD 57; /note="N-linked (GlcNAc...) asparagine"; /evidence="ECO:0000269|PubMed:16335952, ECO:0000269|PubMed:19159218"; CARBOHYD 100; /note="N-linked (GlcNAc...) asparagine"; /evidence="ECO:0000255"; CARBOHYD 110; /note="N-linked (GlcNAc...) asparagine"; /evidence="ECO:0000269|PubMed:19159218"; CARBOHYD 120; /note="N-linked (GlcNAc...) asparagine"; /evidence="ECO:0000255"; CARBOHYD 180; /note="O-linked (Xyl...) (chondroitin sulfate) serine"; /evidence="ECO:0000269|PubMed:25326458, ECO:0000269|PubMed:32337544, ECO:0000269|PubMed:36213313, ECO:0000269|PubMed:37453717"; CARBOHYD 350; /note="N-linked (GlcNAc...) asparagine"; /evidence="ECO:0000255"; CARBOHYD 548; /note="N-linked (GlcNAc...) asparagine"; /evidence="ECO:0000255"; CARBOHYD 599; /note="N-linked (GlcNAc...) asparagine"; /evidence="ECO:0000255"; CARBOHYD 636; /note="N-linked (GlcNAc...) asparagine"; /evidence="ECO:0000255"	
O15335	CHAD SLRR4A	CARBOHYD 144; /note="O-linked (GalNAc...) serine"; /evidence="ECO:0000255"	
O75596	CLEC3A CLECSF1 UNQ700/PRO1345		
O15263	DEFB4A DEFB102 DEFB2 DEFB4; DEFB4B		
P81534	DEFB103A BD3 DEFB103 DEFB3; DEFB103B		
P0DML3	CSH2		
P0DML2	CSH1		
Q9NYJ7	DLL3		
Q14055	COL9A2	CARBOHYD 169; /note="O-linked (Xyl...) (glycosaminoglycan) serine"; /evidence="ECO:0000250|UniProtKB:P12108"; CARBOHYD 183; /note="O-linked (Gal...) hydroxylysine"; /evidence="ECO:0000250|UniProtKB:P12108"	
Q14406	CSHL1 CSHP1 CSL		
Q16619	CTF1		
P20849	COL9A1	CARBOHYD 171; /note="N-linked (GlcNAc...) asparagine"; /evidence="ECO:0000255"	
Q02388	COL7A1	CARBOHYD 337; /note="N-linked (GlcNAc...) asparagine"; /evidence="ECO:0000255"; CARBOHYD 786; /note="N-linked (GlcNAc...) asparagine"; /evidence="ECO:0000255"; CARBOHYD 1109; /note="N-linked (GlcNAc...) asparagine"; /evidence="ECO:0000255"; CARBOHYD 2625; /note="O-linked (Gal...) hydroxylysine; alternate"; CARBOHYD 2631; /note="O-linked (Gal...) hydroxylysine; alternate"	
Q16610	ECM1	CARBOHYD 354; /note="N-linked (GlcNAc...) asparagine"; /evidence="ECO:0000255"; CARBOHYD 444; /note="N-linked (GlcNAc...) (complex) asparagine"; /evidence="ECO:0000269|PubMed:16335952, ECO:0000269|PubMed:19139490"; CARBOHYD 530; /note="N-linked (GlcNAc...) asparagine"; /evidence="ECO:0000255"	
P25940	COL5A3	CARBOHYD 102; /note="N-linked (GlcNAc...) asparagine"; /evidence="ECO:0000269|PubMed:19159218"; CARBOHYD 141; /note="N-linked (GlcNAc...) asparagine"; /evidence="ECO:0000269|PubMed:19159218"; CARBOHYD 349; /note="O-linked (Xyl...) (chondroitin sulfate) serine"; /evidence="ECO:0000269|PubMed:36213313, ECO:0000269|PubMed:37453717"	
O43323	DHH		LIPID 23; /note="N-palmitoyl cysteine"; /evidence="ECO:0000269|PubMed:24784881"; LIPID 198; /note="Cholesterol glycine ester"; /evidence="ECO:0000250|UniProtKB:Q62226"
P04141	CSF2 GMCSF	CARBOHYD 22; /note="O-linked (GalNAc...) serine"; /evidence="ECO:0000269|PubMed:1737041"; CARBOHYD 24; /note="O-linked (GalNAc...) serine"; /evidence="ECO:0000269|PubMed:1737041"; CARBOHYD 26; /note="O-linked (GalNAc...) serine"; /evidence="ECO:0000269|PubMed:1737041"; CARBOHYD 27; /note="O-linked (GalNAc...) threonine; partial"; /evidence="ECO:0000269|PubMed:1737041"; CARBOHYD 44; /note="N-linked (GlcNAc...) asparagine"; CARBOHYD 54; /note="N-linked (GlcNAc...) asparagine"	
P53420	COL4A4	CARBOHYD 142; /note="N-linked (GlcNAc...) asparagine"; /evidence="ECO:0000255"; CARBOHYD 669; /note="N-linked (GlcNAc...) asparagine"; /evidence="ECO:0000255"	
P12109	COL6A1	CARBOHYD 212; /note="N-linked (GlcNAc...) asparagine"; /evidence="ECO:0000269|PubMed:19159218"; CARBOHYD 516; /note="N-linked (GlcNAc...) asparagine"; /evidence="ECO:0000269|PubMed:19159218"; CARBOHYD 537; /note="N-linked (GlcNAc...) asparagine"; /evidence="ECO:0000255"; CARBOHYD 804; /note="N-linked (GlcNAc...) asparagine"; /evidence="ECO:0000269|PubMed:19159218"; CARBOHYD 896; /note="N-linked (GlcNAc...) asparagine"; /evidence="ECO:0000269|PubMed:19159218"	
Q14050	COL9A3	CARBOHYD 483; /note="N-linked (GlcNAc...) asparagine"; /evidence="ECO:0000255"	
P25025	CXCR2 IL8RB	CARBOHYD 22; /note="N-linked (GlcNAc...) asparagine"; /evidence="ECO:0000255"	
P20908	COL5A1		
P29400	COL4A5	CARBOHYD 125; /note="N-linked (GlcNAc...) asparagine"; /evidence="ECO:0000255"	
P14416	DRD2	CARBOHYD 5; /note="N-linked (GlcNAc...) asparagine"; /evidence="ECO:0000255"; CARBOHYD 17; /note="N-linked (GlcNAc...) asparagine"; /evidence="ECO:0000255"; CARBOHYD 23; /note="N-linked (GlcNAc...) asparagine"; /evidence="ECO:0000255"	LIPID 443; /note="S-palmitoyl cysteine"; /evidence="ECO:0000269|PubMed:26535572"
P80162	CXCL6 GCP2 SCYB6		
Q14031	COL4A6	CARBOHYD 127; /note="N-linked (GlcNAc...) asparagine"; /evidence="ECO:0000255"	
Q9Y215	COLQ		
P05997	COL5A2	CARBOHYD 1262; /note="N-linked (GlcNAc...) asparagine"; /evidence="ECO:0000255"; CARBOHYD 1400; /note="N-linked (GlcNAc...) asparagine"; /evidence="ECO:0000255"	
P61073	CXCR4	CARBOHYD 11; /note="N-linked (GlcNAc...) asparagine"; /evidence="ECO:0000269|PubMed:10756055"; CARBOHYD 18; /note="O-linked (Xyl...) (chondroitin sulfate) serine"; /evidence="ECO:0000269|PubMed:12034737"; CARBOHYD 176; /note="N-linked (GlcNAc...) asparagine"; /evidence="ECO:0000255"	
P21917	DRD4	CARBOHYD 3; /note="N-linked (GlcNAc...) asparagine"; /evidence="ECO:0000255"	LIPID 419; /note="S-palmitoyl cysteine"; /evidence="ECO:0000269|PubMed:27659709"
P09603	CSF1	CARBOHYD 154; /note="N-linked (GlcNAc...) asparagine"; /evidence="ECO:0000255"; CARBOHYD 172; /note="N-linked (GlcNAc...) asparagine"; /evidence="ECO:0000255"; CARBOHYD 309; /note="O-linked (Xyl...) (chondroitin sulfate) serine"; /evidence="ECO:0000269|PubMed:8051056"; CARBOHYD 363; /note="O-linked (GalNAc...) threonine"; /evidence="ECO:0000269|PubMed:22171320"; CARBOHYD 365; /note="O-linked (GalNAc...) threonine"; /evidence="ECO:0000269|PubMed:22171320"	
P17927	CR1 C3BR	CARBOHYD 56; /note="N-linked (GlcNAc...) asparagine"; /evidence="ECO:0000255"; CARBOHYD 252; /note="N-linked (GlcNAc...) asparagine"; /evidence="ECO:0000255"; CARBOHYD 410; /note="N-linked (GlcNAc...) asparagine"; /evidence="ECO:0000255"; CARBOHYD 447; /note="N-linked (GlcNAc...) asparagine"; /evidence="ECO:0000255"; CARBOHYD 509; /note="N-linked (GlcNAc...) asparagine"; /evidence="ECO:0000255"; CARBOHYD 578; /note="N-linked (GlcNAc...) asparagine"; /evidence="ECO:0000255"; CARBOHYD 702; /note="N-linked (GlcNAc...) asparagine"; /evidence="ECO:0000255"; CARBOHYD 860; /note="N-linked (GlcNAc...) asparagine"; /evidence="ECO:0000255"; CARBOHYD 897; /note="N-linked (GlcNAc...) asparagine"; /evidence="ECO:0000255"; CARBOHYD 959; /note="N-linked (GlcNAc...) asparagine"; /evidence="ECO:0000255"; CARBOHYD 1028; /note="N-linked (GlcNAc...) asparagine"; /evidence="ECO:0000255"; CARBOHYD 1152; /note="N-linked (GlcNAc...) asparagine"; /evidence="ECO:0000255"; CARBOHYD 1310; /note="N-linked (GlcNAc...) asparagine"; /evidence="ECO:0000255"; CARBOHYD 1481; /note="N-linked (GlcNAc...) asparagine"; /evidence="ECO:0000255"; CARBOHYD 1504; /note="N-linked (GlcNAc...) asparagine"; /evidence="ECO:0000255"; CARBOHYD 1534; /note="N-linked (GlcNAc...) asparagine"; /evidence="ECO:0000255"; CARBOHYD 1540; /note="N-linked (GlcNAc...) asparagine"; /evidence="ECO:0000255"; CARBOHYD 1605; /note="N-linked (GlcNAc...) asparagine"; /evidence="ECO:0000255"; CARBOHYD 1763; /note="N-linked (GlcNAc...) asparagine"; /evidence="ECO:0000255"; CARBOHYD 1908; /note="N-linked (GlcNAc...) asparagine"; /evidence="ECO:0000255"	
P12111	COL6A3	CARBOHYD 108; /note="N-linked (GlcNAc...) asparagine"; /evidence="ECO:0000255"; CARBOHYD 116; /note="N-linked (GlcNAc...) asparagine"; /evidence="ECO:0000255"; CARBOHYD 202; /note="N-linked (GlcNAc...) asparagine"; /evidence="ECO:0000255"; CARBOHYD 251; /note="N-linked (GlcNAc...) asparagine"; /evidence="ECO:0000255"; CARBOHYD 2079; /note="N-linked (GlcNAc...) asparagine"; /evidence="ECO:0000269|PubMed:19159218"; CARBOHYD 2103; /note="O-linked (Gal...) hydroxylysine; alternate"; CARBOHYD 2209; /note="O-linked (Gal...) hydroxylysine; alternate"; CARBOHYD 2212; /note="O-linked (Gal...) hydroxylysine; alternate"; CARBOHYD 2322; /note="O-linked (Gal...) hydroxylysine; alternate"; CARBOHYD 2331; /note="N-linked (GlcNAc...) asparagine"; /evidence="ECO:0000255"; CARBOHYD 2337; /note="O-linked (Gal...) hydroxylysine; alternate"; CARBOHYD 2558; /note="N-linked (GlcNAc...) asparagine"; /evidence="ECO:0000255"; CARBOHYD 2677; /note="N-linked (GlcNAc...) asparagine"; /evidence="ECO:0000269|PubMed:16335952, ECO:0000269|PubMed:19159218"; CARBOHYD 2861; /note="N-linked (GlcNAc...) asparagine"; /evidence="ECO:0000255"; CARBOHYD 3037; /note="N-linked (GlcNAc...) asparagine"; /evidence="ECO:0000255"	
P12110	COL6A2	CARBOHYD 140; /note="N-linked (GlcNAc...) asparagine"; /evidence="ECO:0000269|PubMed:19159218"; CARBOHYD 327; /note="N-linked (GlcNAc...) asparagine"; /evidence="ECO:0000255"; CARBOHYD 630; /note="N-linked (GlcNAc...) asparagine"; /evidence="ECO:0000255"; CARBOHYD 785; /note="N-linked (GlcNAc...) asparagine"; /evidence="ECO:0000269|PubMed:19159218"; CARBOHYD 897; /note="N-linked (GlcNAc...) asparagine"; /evidence="ECO:0000269|PubMed:19159218"; CARBOHYD 954; /note="N-linked (GlcNAc...) asparagine"; /evidence="ECO:0000269|PubMed:19159218"	
P06850	CRH		
Q14213	EBI3 IL27B	CARBOHYD 55; /note="N-linked (GlcNAc...) asparagine"; /evidence="ECO:0000255"; CARBOHYD 105; /note="N-linked (GlcNAc...) asparagine"; /evidence="ECO:0000255"	
P42830	CXCL5 ENA78 SCYB5		
P27658	COL8A1 C3orf7		
P60022	DEFB1 BD1 HBD1		
O60469	DSCAM	CARBOHYD 28; /note="N-linked (GlcNAc...) asparagine"; /evidence="ECO:0000255"; CARBOHYD 78; /note="N-linked (GlcNAc...) asparagine"; /evidence="ECO:0000255"; CARBOHYD 470; /note="N-linked (GlcNAc...) asparagine"; /evidence="ECO:0000255"; CARBOHYD 487; /note="N-linked (GlcNAc...) asparagine"; /evidence="ECO:0000255"; CARBOHYD 512; /note="N-linked (GlcNAc...) asparagine"; /evidence="ECO:0000255"; CARBOHYD 556; /note="N-linked (GlcNAc...) asparagine"; /evidence="ECO:0000255"; CARBOHYD 658; /note="N-linked (GlcNAc...) asparagine"; /evidence="ECO:0000255"; CARBOHYD 666; /note="N-linked (GlcNAc...) asparagine"; /evidence="ECO:0000255"; CARBOHYD 710; /note="N-linked (GlcNAc...) asparagine"; /evidence="ECO:0000255"; CARBOHYD 748; /note="N-linked (GlcNAc...) asparagine"; /evidence="ECO:0000255"; CARBOHYD 795; /note="N-linked (GlcNAc...) asparagine"; /evidence="ECO:0000255"; CARBOHYD 924; /note="N-linked (GlcNAc...) asparagine"; /evidence="ECO:0000255"; CARBOHYD 1142; /note="N-linked (GlcNAc...) asparagine"; /evidence="ECO:0000255"; CARBOHYD 1160; /note="N-linked (GlcNAc...) asparagine"; /evidence="ECO:0000255"; CARBOHYD 1250; /note="N-linked (GlcNAc...) asparagine"; /evidence="ECO:0000255"; CARBOHYD 1271; /note="N-linked (GlcNAc...) asparagine"; /evidence="ECO:0000255"; CARBOHYD 1341; /note="N-linked (GlcNAc...) asparagine"; /evidence="ECO:0000255"; CARBOHYD 1488; /note="N-linked (GlcNAc...) asparagine"; /evidence="ECO:0000255"	
P49682	CXCR3 GPR9	CARBOHYD 22; /note="N-linked (GlcNAc...) asparagine"; /evidence="ECO:0000255"; CARBOHYD 32; /note="N-linked (GlcNAc...) asparagine"; /evidence="ECO:0000255"	
Q8IZJ3	CPAMD8 KIAA1283	CARBOHYD 117; /note="N-linked (GlcNAc...) asparagine"; /evidence="ECO:0000255"; CARBOHYD 190; /note="N-linked (GlcNAc...) asparagine"; /evidence="ECO:0000255"; CARBOHYD 267; /note="N-linked (GlcNAc...) asparagine"; /evidence="ECO:0000255"; CARBOHYD 757; /note="N-linked (GlcNAc...) asparagine"; /evidence="ECO:0000255"; CARBOHYD 1439; /note="N-linked (GlcNAc...) asparagine"; /evidence="ECO:0000255"	
P02778	CXCL10 INP10 SCYB10		
Q99062	CSF3R GCSFR	CARBOHYD 51; /note="N-linked (GlcNAc...) asparagine"; /evidence="ECO:0000255"; CARBOHYD 93; /note="N-linked (GlcNAc...) asparagine"; /evidence="ECO:0000255"; CARBOHYD 128; /note="N-linked (GlcNAc...) asparagine"; /evidence="ECO:0000255"; CARBOHYD 134; /note="N-linked (GlcNAc...) asparagine"; /evidence="ECO:0000269|PubMed:16492764"; CARBOHYD 389; /note="N-linked (GlcNAc...) asparagine"; /evidence="ECO:0000255"; CARBOHYD 474; /note="N-linked (GlcNAc...) asparagine"; /evidence="ECO:0000255"; CARBOHYD 579; /note="N-linked (GlcNAc...) asparagine"; /evidence="ECO:0000255"; CARBOHYD 610; /note="N-linked (GlcNAc...) asparagine"; /evidence="ECO:0000255"	
P80370	DLK1 DLK	CARBOHYD 94; /note="O-linked (GalNAc...) serine"; /evidence="ECO:0000269|PubMed:7925474"; CARBOHYD 100; /note="N-linked (GlcNAc...) asparagine"; /evidence="ECO:0000269|PubMed:7925474"; CARBOHYD 143; /note="O-linked (GalNAc...) threonine"; /evidence="ECO:0000269|PubMed:7925474"; CARBOHYD 163; /note="O-linked (GalNAc...) serine; partial"; /evidence="ECO:0000269|PubMed:7925474"; CARBOHYD 165; /note="N-linked (GlcNAc...) asparagine; atypical; partial"; /evidence="ECO:0000269|PubMed:7925474"; CARBOHYD 172; /note="N-linked (GlcNAc...) asparagine; atypical; partial"; /evidence="ECO:0000269|PubMed:7925474"; CARBOHYD 214; /note="O-linked (GalNAc...) serine"; /evidence="ECO:0000269|PubMed:7925474"; CARBOHYD 222; /note="O-linked (GalNAc...) threonine; partial"; /evidence="ECO:0000269|PubMed:7925474"; CARBOHYD 251; /note="O-linked (GalNAc...) serine; partial"; /evidence="ECO:0000269|PubMed:7925474"; CARBOHYD 256; /note="O-linked (GalNAc...) threonine"; /evidence="ECO:0000269|PubMed:22171320"; CARBOHYD 260; /note="O-linked (GalNAc...) serine; partial"; /evidence="ECO:0000269|PubMed:7925474"	
P43146	DCC IGDCC1	CARBOHYD 94; /note="N-linked (GlcNAc...) asparagine"; /evidence="ECO:0000255"; CARBOHYD 299; /note="N-linked (GlcNAc...) asparagine"; /evidence="ECO:0000255"; CARBOHYD 318; /note="N-linked (GlcNAc...) asparagine"; /evidence="ECO:0000255"; CARBOHYD 478; /note="N-linked (GlcNAc...) asparagine"; /evidence="ECO:0000255"; CARBOHYD 628; /note="N-linked (GlcNAc...) asparagine"; /evidence="ECO:0000255"; CARBOHYD 702; /note="N-linked (GlcNAc...) asparagine"; /evidence="ECO:0000255"	
Q9UNE0	EDAR DL	CARBOHYD 38; /note="N-linked (GlcNAc...) asparagine"; /evidence="ECO:0000255"	
P07585	DCN SLRR1B	CARBOHYD 34; /note="O-linked (Xyl...) (glycosaminoglycan) serine"; /evidence="ECO:0000269|PubMed:25326458, ECO:0000269|PubMed:32337544, ECO:0000269|PubMed:36213313, ECO:0000269|PubMed:37453717"; CARBOHYD 211; /note="N-linked (GlcNAc...) asparagine"; /evidence="ECO:0000269|PubMed:19159218"; CARBOHYD 262; /note="N-linked (GlcNAc...) asparagine"; /evidence="ECO:0000269|PubMed:19159218"; CARBOHYD 303; /note="N-linked (GlcNAc...) asparagine"; /evidence="ECO:0000255"	
O43854	EDIL3 DEL1	CARBOHYD 73; /note="O-linked (GalNAc...) threonine"; /evidence="ECO:0000305|PubMed:22601780"; CARBOHYD 88; /note="O-linked (Fuc...) threonine"; /evidence="ECO:0000269|PubMed:22601780"; CARBOHYD 140; /note="N-linked (GlcNAc...) asparagine"; /evidence="ECO:0000269|PubMed:22601780"	
P07333	CSF1R FMS	CARBOHYD 45; /note="N-linked (GlcNAc...) asparagine"; /evidence="ECO:0000255"; CARBOHYD 73; /note="N-linked (GlcNAc...) asparagine"; /evidence="ECO:0000255"; CARBOHYD 153; /note="N-linked (GlcNAc...) asparagine"; /evidence="ECO:0000255"; CARBOHYD 240; /note="N-linked (GlcNAc...) asparagine"; /evidence="ECO:0000255"; CARBOHYD 275; /note="N-linked (GlcNAc...) asparagine"; /evidence="ECO:0000255"; CARBOHYD 302; /note="N-linked (GlcNAc...) asparagine"; /evidence="ECO:0000269|PubMed:16335952"; CARBOHYD 335; /note="N-linked (GlcNAc...) asparagine"; /evidence="ECO:0000255"; CARBOHYD 353; /note="N-linked (GlcNAc...) asparagine"; /evidence="ECO:0000269|PubMed:16335952"; CARBOHYD 412; /note="N-linked (GlcNAc...) asparagine"; /evidence="ECO:0000255"; CARBOHYD 428; /note="N-linked (GlcNAc...) asparagine"; /evidence="ECO:0000255"; CARBOHYD 480; /note="N-linked (GlcNAc...) asparagine"; /evidence="ECO:0000255"	
P09919	CSF3 C17orf33 GCSF	CARBOHYD 166; /note="O-linked (GalNAc...) threonine"; /evidence="ECO:0000250"	
Q6UVK1	CSPG4 MCSP	CARBOHYD 130; /note="N-linked (GlcNAc...) asparagine"; /evidence="ECO:0000255"; CARBOHYD 348; /note="N-linked (GlcNAc...) asparagine"; /evidence="ECO:0000255"; CARBOHYD 427; /note="N-linked (GlcNAc...) asparagine"; /evidence="ECO:0000255"; CARBOHYD 685; /note="N-linked (GlcNAc...) asparagine"; /evidence="ECO:0000255"; CARBOHYD 772; /note="N-linked (GlcNAc...) asparagine"; /evidence="ECO:0000255"; CARBOHYD 995; /note="O-linked (Xyl...) (chondroitin sulfate) serine"; /evidence="ECO:0000269|PubMed:32337544, ECO:0000269|PubMed:36213313"; CARBOHYD 1131; /note="N-linked (GlcNAc...) asparagine"; /evidence="ECO:0000255"; CARBOHYD 1202; /note="N-linked (GlcNAc...) asparagine"; /evidence="ECO:0000255"; CARBOHYD 1364; /note="N-linked (GlcNAc...) asparagine"; /evidence="ECO:0000255"; CARBOHYD 1449; /note="N-linked (GlcNAc...) asparagine"; /evidence="ECO:0000255"; CARBOHYD 1645; /note="N-linked (GlcNAc...) asparagine"; /evidence="ECO:0000255"; CARBOHYD 1909; /note="N-linked (GlcNAc...) asparagine"; /evidence="ECO:0000255"; CARBOHYD 2016; /note="N-linked (GlcNAc...) asparagine"; /evidence="ECO:0000255"; CARBOHYD 2034; /note="N-linked (GlcNAc...) asparagine"; /evidence="ECO:0000255"; CARBOHYD 2040; /note="N-linked (GlcNAc...) asparagine"; /evidence="ECO:0000255"; CARBOHYD 2075; /note="N-linked (GlcNAc...) asparagine"; /evidence="ECO:0000269|PubMed:16335952"	
O60494	CUBN IFCR	CARBOHYD 105; /note="N-linked (GlcNAc...) asparagine"; /evidence="ECO:0000255"; CARBOHYD 428; /note="N-linked (GlcNAc...) asparagine"; /evidence="ECO:0000255"; CARBOHYD 482; /note="N-linked (GlcNAc...) asparagine"; /evidence="ECO:0000255"; CARBOHYD 711; /note="N-linked (GlcNAc...) asparagine"; /evidence="ECO:0000255"; CARBOHYD 749; /note="N-linked (GlcNAc...) asparagine"; /evidence="ECO:0000255"; CARBOHYD 781; /note="N-linked (GlcNAc...) asparagine"; /evidence="ECO:0000255"; CARBOHYD 857; /note="N-linked (GlcNAc...) asparagine"; /evidence="ECO:0000255"; CARBOHYD 957; /note="N-linked (GlcNAc...) asparagine"; /evidence="ECO:0000255"; CARBOHYD 984; /note="N-linked (GlcNAc...) asparagine"; /evidence="ECO:0000269|PubMed:20237569, ECO:0007744|PDB:3KQ4"; CARBOHYD 1092; /note="N-linked (GlcNAc...) asparagine"; /evidence="ECO:0000269|PubMed:20237569, ECO:0007744|PDB:3KQ4"; CARBOHYD 1168; /note="N-linked (GlcNAc...) asparagine"; /evidence="ECO:0000269|PubMed:20237569, ECO:0007744|PDB:3KQ4"; CARBOHYD 1217; /note="N-linked (GlcNAc...) asparagine"; /evidence="ECO:0000269|PubMed:20237569, ECO:0007744|PDB:3KQ4"; CARBOHYD 1285; /note="N-linked (GlcNAc...) asparagine"; /evidence="ECO:0000269|PubMed:20237569, ECO:0007744|PDB:3KQ4"; CARBOHYD 1307; /note="N-linked (GlcNAc...) asparagine"; /evidence="ECO:0000269|PubMed:20237569, ECO:0007744|PDB:3KQ4"; CARBOHYD 1319; /note="N-linked (GlcNAc...) asparagine"; /evidence="ECO:0000269|PubMed:20237569, ECO:0007744|PDB:3KQ4"; CARBOHYD 1332; /note="N-linked (GlcNAc...) asparagine"; /evidence="ECO:0000269|PubMed:20237569, ECO:0007744|PDB:3KQ4"; CARBOHYD 1500; /note="N-linked (GlcNAc...) asparagine"; /evidence="ECO:0000255"; CARBOHYD 1551; /note="N-linked (GlcNAc...) asparagine"; /evidence="ECO:0000255"; CARBOHYD 1646; /note="N-linked (GlcNAc...) asparagine"; /evidence="ECO:0000255"; CARBOHYD 1802; /note="N-linked (GlcNAc...) asparagine"; /evidence="ECO:0000255"; CARBOHYD 1819; /note="N-linked (GlcNAc...) asparagine"; /evidence="ECO:0000255"; CARBOHYD 1885; /note="N-linked (GlcNAc...) asparagine"; /evidence="ECO:0000255"; CARBOHYD 2085; /note="N-linked (GlcNAc...) asparagine"; /evidence="ECO:0000255"; CARBOHYD 2117; /note="N-linked (GlcNAc...) asparagine"; /evidence="ECO:0000255"; CARBOHYD 2274; /note="N-linked (GlcNAc...) asparagine"; /evidence="ECO:0000255"; CARBOHYD 2386; /note="N-linked (GlcNAc...) asparagine"; /evidence="ECO:0000255"; CARBOHYD 2400; /note="N-linked (GlcNAc...) asparagine"; /evidence="ECO:0000255"; CARBOHYD 2531; /note="N-linked (GlcNAc...) asparagine"; /evidence="ECO:0000255"; CARBOHYD 2581; /note="N-linked (GlcNAc...) asparagine"; /evidence="ECO:0000255"; CARBOHYD 2592; /note="N-linked (GlcNAc...) asparagine"; /evidence="ECO:0000255"; CARBOHYD 2610; /note="N-linked (GlcNAc...) asparagine"; /evidence="ECO:0000255"; CARBOHYD 2813; /note="N-linked (GlcNAc...) asparagine"; /evidence="ECO:0000255"; CARBOHYD 2923; /note="N-linked (GlcNAc...) asparagine"; /evidence="ECO:0000255"; CARBOHYD 2945; /note="N-linked (GlcNAc...) asparagine"; /evidence="ECO:0000255"; CARBOHYD 3042; /note="N-linked (GlcNAc...) asparagine"; /evidence="ECO:0000255"; CARBOHYD 3103; /note="N-linked (GlcNAc...) asparagine"; /evidence="ECO:0000255"; CARBOHYD 3125; /note="N-linked (GlcNAc...) asparagine"; /evidence="ECO:0000255"; CARBOHYD 3165; /note="N-linked (GlcNAc...) asparagine"; /evidence="ECO:0000255"; CARBOHYD 3268; /note="N-linked (GlcNAc...) asparagine"; /evidence="ECO:0000255"; CARBOHYD 3283; /note="N-linked (GlcNAc...) asparagine"; /evidence="ECO:0000255"; CARBOHYD 3290; /note="N-linked (GlcNAc...) asparagine"; /evidence="ECO:0000255"; CARBOHYD 3295; /note="N-linked (GlcNAc...) asparagine"; /evidence="ECO:0000255"; CARBOHYD 3357; /note="N-linked (GlcNAc...) asparagine"; /evidence="ECO:0000255"; CARBOHYD 3430; /note="N-linked (GlcNAc...) asparagine"; /evidence="ECO:0000255"; CARBOHYD 3457; /note="N-linked (GlcNAc...) asparagine"; /evidence="ECO:0000255"; CARBOHYD 3533; /note="N-linked (GlcNAc...) asparagine"; /evidence="ECO:0000255"; CARBOHYD 3576; /note="N-linked (GlcNAc...) asparagine"; /evidence="ECO:0000255"	
Q07325	CXCL9 CMK MIG SCYB9		
O43927	CXCL13 BCA1 BLC SCYB13		
Q16570	ACKR1 DARC FY GPD	CARBOHYD 16; /note="N-linked (GlcNAc...) asparagine"; /evidence="ECO:0000269|PubMed:12956774"; CARBOHYD 33; /note="N-linked (GlcNAc...) asparagine"; /evidence="ECO:0000255"	
P25024	CXCR1 CMKAR1 IL8RA	CARBOHYD 3; /note="N-linked (GlcNAc...) asparagine"; /evidence="ECO:0000255"; CARBOHYD 16; /note="N-linked (GlcNAc...) asparagine"; /evidence="ECO:0000255"	
P32302	CXCR5 BLR1 MDR15	CARBOHYD 28; /note="N-linked (GlcNAc...) asparagine"; /evidence="ECO:0000255"; CARBOHYD 196; /note="N-linked (GlcNAc...) asparagine"; /evidence="ECO:0000255"	
O14625	CXCL11 ITAC SCYB11 SCYB9B		
P49238	CX3CR1 CMKBRL1 GPR13		
O94907	DKK1 UNQ492/PRO1008	CARBOHYD 61; /note="O-linked (GalNAc...) serine"; /evidence="ECO:0000269|PubMed:21805521"; CARBOHYD 256; /note="N-linked (GlcNAc...) asparagine"; /evidence="ECO:0000269|PubMed:21805521"	
P00450	CP	CARBOHYD 138; /note="N-linked (GlcNAc...) (complex) asparagine"; /evidence="ECO:0000269|PubMed:14760718, ECO:0000269|PubMed:15084671, ECO:0000269|PubMed:16335952, ECO:0000269|PubMed:17242517, ECO:0000269|PubMed:19139490, ECO:0000269|PubMed:19159218, ECO:0000269|PubMed:19838169, ECO:0000269|PubMed:23843990, ECO:0000269|Ref.29, ECO:0007744|PDB:1KCW, ECO:0007744|PDB:2J5W, ECO:0007744|PDB:4EJX, ECO:0007744|PDB:4ENZ"; CARBOHYD 358; /note="N-linked (GlcNAc...) (complex) asparagine"; /evidence="ECO:0000269|PubMed:16335952, ECO:0000269|PubMed:19139490, ECO:0000269|PubMed:19159218, ECO:0000269|PubMed:19838169"; CARBOHYD 397; /note="N-linked (GlcNAc...) (complex) asparagine"; /evidence="ECO:0000269|PubMed:14760718, ECO:0000269|PubMed:16335952, ECO:0000269|PubMed:17242517, ECO:0000269|PubMed:19139490, ECO:0000269|PubMed:19159218, ECO:0000269|PubMed:19838169, ECO:0000269|PubMed:23843990, ECO:0007744|PDB:2J5W, ECO:0007744|PDB:4EJX, ECO:0007744|PDB:4ENZ"; CARBOHYD 588; /note="N-linked (GlcNAc...) asparagine"; /evidence="ECO:0000269|PubMed:16335952"; CARBOHYD 762; /note="N-linked (GlcNAc...) (complex) asparagine"; /evidence="ECO:0000269|PubMed:14760718, ECO:0000269|PubMed:16335952, ECO:0000269|PubMed:19139490, ECO:0000269|PubMed:19159218, ECO:0000269|Ref.29, ECO:0007744|PDB:1KCW"; CARBOHYD 926; /note="N-linked (GlcNAc...) asparagine"; /evidence="ECO:0000269|PubMed:16335952"	
Q9UBU2	DKK2 UNQ682/PRO1316	CARBOHYD 52; /note="N-linked (GlcNAc...) asparagine"; /evidence="ECO:0000255"	
P19875	CXCL2 GRO2 GROB MIP2A SCYB2		
P32927	CSF2RB IL3RB IL5RB	CARBOHYD 58; /note="N-linked (GlcNAc...) asparagine"; /evidence="ECO:0000269|PubMed:16754968, ECO:0000269|PubMed:18692472"; CARBOHYD 191; /note="N-linked (GlcNAc...) asparagine"; /evidence="ECO:0000269|PubMed:16754968, ECO:0000269|PubMed:18692472"; CARBOHYD 346; /note="N-linked (GlcNAc...) asparagine"; /evidence="ECO:0000255"	
O75462	CRLF1 UNQ288/PRO327	CARBOHYD 92; /note="N-linked (GlcNAc...) asparagine"; /evidence="ECO:0000255"; CARBOHYD 104; /note="N-linked (GlcNAc...) asparagine"; /evidence="ECO:0000255"; CARBOHYD 140; /note="N-linked (GlcNAc...) asparagine"; /evidence="ECO:0000255"; CARBOHYD 168; /note="N-linked (GlcNAc...) asparagine"; /evidence="ECO:0000255, ECO:0000269|PubMed:36930708, ECO:0007744|PDB:8D7H"; CARBOHYD 292; /note="N-linked (GlcNAc...) asparagine"; /evidence="ECO:0000255, ECO:0000269|PubMed:36930708, ECO:0007744|PDB:8D7H"; CARBOHYD 382; /note="N-linked (GlcNAc...) asparagine"; /evidence="ECO:0000255"	
Q96PD2	DCBLD2 CLCP1 ESDN	CARBOHYD 95; /note="N-linked (GlcNAc...) asparagine"; /evidence="ECO:0000255"; CARBOHYD 155; /note="N-linked (GlcNAc...) asparagine"; /evidence="ECO:0000255"; CARBOHYD 272; /note="N-linked (GlcNAc...) asparagine"; /evidence="ECO:0000255"; CARBOHYD 474; /note="N-linked (GlcNAc...) asparagine"; /evidence="ECO:0000255"; CARBOHYD 516; /note="N-linked (GlcNAc...) asparagine"; /evidence="ECO:0000255"; CARBOHYD 522; /note="N-linked (GlcNAc...) asparagine"; /evidence="ECO:0000255"	
Q9NR61	DLL4 UNQ1895/PRO4341	CARBOHYD 108; /note="N-linked (GlcNAc...) asparagine"; /evidence="ECO:0000250|UniProtKB:D3ZHH1"; CARBOHYD 183; /note="N-linked (GlcNAc...) asparagine"; /evidence="ECO:0000255"; CARBOHYD 205; /note="N-linked (GlcNAc...) asparagine"; /evidence="ECO:0000255"; CARBOHYD 393; /note="N-linked (GlcNAc...) asparagine"; /evidence="ECO:0000255"	
O00574	CXCR6 BONZO STRL33 TYMSTR	CARBOHYD 16; /note="N-linked (GlcNAc...) asparagine"; /evidence="ECO:0000255"	
O00548	DLL1 UNQ146/PRO172	CARBOHYD 477; /note="N-linked (GlcNAc...) asparagine"; /evidence="ECO:0000255"	
O75923	DYSF FER1L1		
Q13324	CRHR2 CRF2R CRH2R	CARBOHYD 13; /note="N-linked (GlcNAc...) asparagine"; /evidence="ECO:0000255"; CARBOHYD 41; /note="N-linked (GlcNAc...) asparagine"; /evidence="ECO:0000255"; CARBOHYD 74; /note="N-linked (GlcNAc...) asparagine"; /evidence="ECO:0000255"; CARBOHYD 86; /note="N-linked (GlcNAc...) asparagine"; /evidence="ECO:0000255"; CARBOHYD 94; /note="N-linked (GlcNAc...) asparagine"; /evidence="ECO:0000255"	
O00622	CCN1 CYR61 GIG1 IGFBP10		
P27487	DPP4 ADCP2 CD26	CARBOHYD 85; /note="N-linked (GlcNAc...) asparagine"; /evidence="ECO:0000269|PubMed:12483204, ECO:0000269|PubMed:12646248, ECO:0000269|PubMed:12906826, ECO:0000269|PubMed:20684603, ECO:0000269|PubMed:23835475, ECO:0007744|PDB:4L72"; CARBOHYD 92; /note="N-linked (GlcNAc...) asparagine"; /evidence="ECO:0000269|PubMed:19159218, ECO:0000269|PubMed:20684603, ECO:0000269|PubMed:23835475, ECO:0007744|PDB:4L72"; CARBOHYD 150; /note="N-linked (GlcNAc...) asparagine"; /evidence="ECO:0000269|PubMed:12483204, ECO:0000269|PubMed:12906826, ECO:0000269|PubMed:19159218, ECO:0000269|PubMed:20684603, ECO:0000269|PubMed:23835475, ECO:0007744|PDB:4L72"; CARBOHYD 219; /note="N-linked (GlcNAc...) asparagine"; /evidence="ECO:0000269|PubMed:12483204, ECO:0000269|PubMed:12646248, ECO:0000269|PubMed:20684603, ECO:0000269|PubMed:23835475, ECO:0007744|PDB:4L72"; CARBOHYD 229; /note="N-linked (GlcNAc...) asparagine"; /evidence="ECO:0000269|PubMed:12483204, ECO:0000269|PubMed:12646248, ECO:0000269|PubMed:12906826, ECO:0000269|PubMed:20684603, ECO:0000269|PubMed:23835475, ECO:0007744|PDB:4L72"; CARBOHYD 281; /note="N-linked (GlcNAc...) asparagine"; /evidence="ECO:0000269|PubMed:12483204, ECO:0000269|PubMed:12646248, ECO:0000269|PubMed:12906826, ECO:0000269|PubMed:23835475, ECO:0007744|PDB:4L72"; CARBOHYD 321; /note="N-linked (GlcNAc...) asparagine"; /evidence="ECO:0000269|PubMed:12483204, ECO:0000269|PubMed:12646248, ECO:0000269|PubMed:23835475, ECO:0007744|PDB:4L72"; CARBOHYD 520; /note="N-linked (GlcNAc...) asparagine"; /evidence="ECO:0000269|PubMed:12483204, ECO:0000269|PubMed:16335952, ECO:0000269|PubMed:19159218, ECO:0000269|PubMed:20684603, ECO:0000269|PubMed:23835475, ECO:0007744|PDB:4L72"; CARBOHYD 685; /note="N-linked (GlcNAc...) asparagine"; /evidence="ECO:0000269|PubMed:16335952, ECO:0000269|PubMed:19159218"	
P09341	CXCL1 GRO GRO1 GROA MGSA SCYB1		
P02741	CRP PTX1		
Q9H2A7	CXCL16 SCYB16 SRPSOX UNQ2759/PRO6714	CARBOHYD 168; /note="N-linked (GlcNAc...) asparagine"; /evidence="ECO:0000255"	
P15509	CSF2RA CSF2R CSF2RY	CARBOHYD 46; /note="N-linked (GlcNAc...) asparagine"; /evidence="ECO:0000255"; CARBOHYD 54; /note="N-linked (GlcNAc...) asparagine"; /evidence="ECO:0000255"; CARBOHYD 99; /note="N-linked (GlcNAc...) asparagine"; /evidence="ECO:0000255"; CARBOHYD 123; /note="N-linked (GlcNAc...) asparagine"; /evidence="ECO:0000255"; CARBOHYD 135; /note="N-linked (GlcNAc...) asparagine"; /evidence="ECO:0000255"; CARBOHYD 182; /note="N-linked (GlcNAc...) asparagine"; /evidence="ECO:0000255"; CARBOHYD 195; /note="N-linked (GlcNAc...) asparagine"; /evidence="ECO:0000255"; CARBOHYD 223; /note="N-linked (GlcNAc...) asparagine"; /evidence="ECO:0000255"; CARBOHYD 229; /note="N-linked (GlcNAc...) asparagine"; /evidence="ECO:0000269|PubMed:18692472"; CARBOHYD 272; /note="N-linked (GlcNAc...) asparagine"; /evidence="ECO:0000255"; CARBOHYD 305; /note="N-linked (GlcNAc...) asparagine"; /evidence="ECO:0000255"	
P29279	CCN2 CTGF HCS24 IGFBP8	CARBOHYD 28; /note="N-linked (GlcNAc...) asparagine"; /evidence="ECO:0000255"; CARBOHYD 225; /note="N-linked (GlcNAc...) asparagine"; /evidence="ECO:0000255"	
P48061	CXCL12 SDF1 SDF1A SDF1B		
P34998	CRHR1 CRFR CRFR1 CRHR	CARBOHYD 38; /note="N-linked (GlcNAc...) asparagine"; /evidence="ECO:0000255"; CARBOHYD 45; /note="N-linked (GlcNAc...) asparagine"; /evidence="ECO:0000255"; CARBOHYD 78; /note="N-linked (GlcNAc...) asparagine"; /evidence="ECO:0000255"; CARBOHYD 90; /note="N-linked (GlcNAc...) asparagine"; /evidence="ECO:0000255"; CARBOHYD 98; /note="N-linked (GlcNAc...) asparagine"; /evidence="ECO:0000255"	
Q16832	DDR2 NTRKR3 TKT TYRO10	CARBOHYD 121; /note="N-linked (GlcNAc...) asparagine"; /evidence="ECO:0000255"; CARBOHYD 213; /note="N-linked (GlcNAc...) asparagine"; /evidence="ECO:0000255"; CARBOHYD 261; /note="N-linked (GlcNAc...) asparagine"; /evidence="ECO:0000255"; CARBOHYD 280; /note="N-linked (GlcNAc...) asparagine"; /evidence="ECO:0000255"; CARBOHYD 372; /note="N-linked (GlcNAc...) asparagine"; /evidence="ECO:0000255"	
Q92838	EDA ED1 EDA2	CARBOHYD 313; /note="N-linked (GlcNAc...) asparagine"; /evidence="ECO:0000255"; CARBOHYD 372; /note="N-linked (GlcNAc...) asparagine"; /evidence="ECO:0000255"	
O00230	CORT UNQ307/PRO350		
Q9HAV5	EDA2R TNFRSF27 XEDAR UNQ2448/PRO5727/PRO34080	CARBOHYD 74; /note="N-linked (GlcNAc...) asparagine"; /evidence="ECO:0000255"	
P78423	CX3CL1 FKN NTT SCYD1 A-152E5.2	CARBOHYD 33; /note="N-linked (GlcNAc...) asparagine"; /evidence="ECO:0000255"; CARBOHYD 183; /note="O-linked (GalNAc...) threonine"; /evidence="ECO:0000269|PubMed:22171320"; CARBOHYD 253; /note="O-linked (GalNAc...) serine"; /evidence="ECO:0000269|PubMed:19838169, ECO:0000269|PubMed:22171320"; CARBOHYD 329; /note="O-linked (GalNAc...) threonine"; /evidence="ECO:0000269|PubMed:19838169, ECO:0000269|PubMed:22171320"	
Q96JQ0	DCHS1 CDH19 CDH25 FIB1 KIAA1773 PCDH16	CARBOHYD 217; /note="N-linked (GlcNAc...) asparagine"; /evidence="ECO:0000255"; CARBOHYD 256; /note="N-linked (GlcNAc...) asparagine"; /evidence="ECO:0000255"; CARBOHYD 402; /note="N-linked (GlcNAc...) asparagine"; /evidence="ECO:0000255"; CARBOHYD 584; /note="N-linked (GlcNAc...) asparagine"; /evidence="ECO:0000255"; CARBOHYD 1249; /note="N-linked (GlcNAc...) asparagine"; /evidence="ECO:0000255"; CARBOHYD 1521; /note="N-linked (GlcNAc...) asparagine"; /evidence="ECO:0000255"; CARBOHYD 1718; /note="N-linked (GlcNAc...) asparagine"; /evidence="ECO:0000255"; CARBOHYD 1996; /note="N-linked (GlcNAc...) asparagine"; /evidence="ECO:0000255"; CARBOHYD 2361; /note="N-linked (GlcNAc...) asparagine"; /evidence="ECO:0000255"; CARBOHYD 2428; /note="N-linked (GlcNAc...) asparagine"; /evidence="ECO:0000255"; CARBOHYD 2569; /note="N-linked (GlcNAc...) asparagine"; /evidence="ECO:0000255"; CARBOHYD 2761; /note="N-linked (GlcNAc...) asparagine"; /evidence="ECO:0000255"; CARBOHYD 2792; /note="N-linked (GlcNAc...) asparagine"; /evidence="ECO:0000255"; CARBOHYD 2862; /note="N-linked (GlcNAc...) asparagine"; /evidence="ECO:0000255"	
Q08345	DDR1 CAK EDDR1 NEP NTRK4 PTK3A RTK6 TRKE	CARBOHYD 211; /note="N-linked (GlcNAc...) asparagine"; /evidence="ECO:0000269|PubMed:22483115, ECO:0000269|PubMed:24509848"; CARBOHYD 260; /note="N-linked (GlcNAc...) asparagine"; /evidence="ECO:0000269|PubMed:22483115, ECO:0000269|PubMed:24509848"; CARBOHYD 370; /note="N-linked (GlcNAc...) asparagine"; /evidence="ECO:0000255"; CARBOHYD 394; /note="N-linked (GlcNAc...) asparagine"; /evidence="ECO:0000255"	
P19876	CXCL3 GRO3 GROG SCYB3		
Q96CG8	CTHRC1 UNQ762/PRO1550	CARBOHYD 186; /note="N-linked (GlcNAc...) asparagine"; /evidence="ECO:0000255"	
Q6UY11	DLK2 EGFL9 UNQ2903/PRO28633	CARBOHYD 157; /note="N-linked (GlcNAc...) asparagine"; /evidence="ECO:0000255"	
Q5SY13	COL5A1-AS1 C9orf104		
Q9UHX3	ADGRE2 EMR2	CARBOHYD 41; /note="N-linked (GlcNAc...) asparagine"; /evidence="ECO:0000255"; CARBOHYD 111; /note="N-linked (GlcNAc...) asparagine"; /evidence="ECO:0000255"; CARBOHYD 206; /note="N-linked (GlcNAc...) asparagine"; /evidence="ECO:0000255"; CARBOHYD 298; /note="N-linked (GlcNAc...) asparagine"; /evidence="ECO:0000255"; CARBOHYD 347; /note="N-linked (GlcNAc...) asparagine"; /evidence="ECO:0000255"; CARBOHYD 354; /note="N-linked (GlcNAc...) asparagine"; /evidence="ECO:0000255"; CARBOHYD 456; /note="N-linked (GlcNAc...) asparagine"; /evidence="ECO:0000255"; CARBOHYD 460; /note="N-linked (GlcNAc...) asparagine"; /evidence="ECO:0000255"	
P00748	F12	CARBOHYD 109; /note="O-linked (Fuc) threonine"; /evidence="ECO:0000269|PubMed:1544894"; CARBOHYD 249; /note="N-linked (GlcNAc...) asparagine"; /evidence="ECO:0000269|PubMed:16335952, ECO:0000269|PubMed:3877053, ECO:0000269|PubMed:3886654"; CARBOHYD 299; /note="O-linked (GalNAc...) threonine"; /evidence="ECO:0000269|PubMed:3886654"; CARBOHYD 305; /note="O-linked (GalNAc...) threonine"; /evidence="ECO:0000269|PubMed:3886654"; CARBOHYD 308; /note="O-linked (GalNAc...) serine"; /evidence="ECO:0000269|PubMed:3886654"; CARBOHYD 328; /note="O-linked (GalNAc...) threonine"; /evidence="ECO:0000269|PubMed:3886654"; CARBOHYD 329; /note="O-linked (GalNAc...) threonine"; /evidence="ECO:0000269|PubMed:3886654"; CARBOHYD 337; /note="O-linked (GalNAc...) threonine"; /evidence="ECO:0000269|PubMed:3886654"; CARBOHYD 433; /note="N-linked (GlcNAc...) asparagine"; /evidence="ECO:0000269|PubMed:14760718, ECO:0000269|PubMed:16335952"	
P01588	EPO	CARBOHYD 51; /note="N-linked (GlcNAc...) asparagine"; /evidence="ECO:0000269|PubMed:3949763"; /id="CAR_000052"; CARBOHYD 65; /note="N-linked (GlcNAc...) asparagine"; /evidence="ECO:0000269|PubMed:3949763"; /id="CAR_000166"; CARBOHYD 110; /note="N-linked (GlcNAc...) asparagine"; /evidence="ECO:0000269|PubMed:3949763"; /id="CAR_000192"; CARBOHYD 153; /note="O-linked (GalNAc...) serine"; /evidence="ECO:0000269|PubMed:3949763"	
P19235	EPOR	CARBOHYD 76; /note="N-linked (GlcNAc...) asparagine"; /evidence="ECO:0000255"	
P12319	FCER1A FCE1A	CARBOHYD 46; /note="N-linked (GlcNAc...) asparagine"; /evidence="ECO:0000269|PubMed:10917520, ECO:0000269|PubMed:11531339, ECO:0000269|PubMed:9875849"; CARBOHYD 67; /note="N-linked (GlcNAc...) asparagine"; /evidence="ECO:0000269|PubMed:10917520, ECO:0000269|PubMed:11531339, ECO:0000269|PubMed:9875849"; CARBOHYD 75; /note="N-linked (GlcNAc...) asparagine"; /evidence="ECO:0000255"; CARBOHYD 99; /note="N-linked (GlcNAc...) asparagine"; /evidence="ECO:0000269|PubMed:11531339"; CARBOHYD 160; /note="N-linked (GlcNAc...) asparagine"; /evidence="ECO:0000255"; CARBOHYD 165; /note="N-linked (GlcNAc...) asparagine"; /evidence="ECO:0000269|PubMed:11531339"; CARBOHYD 191; /note="N-linked (GlcNAc...) asparagine"; /evidence="ECO:0000269|PubMed:10917520, ECO:0000269|PubMed:11531339, ECO:0000269|PubMed:9875849"	
O15197	EPHB6	CARBOHYD 480; /note="N-linked (GlcNAc...) asparagine"; /evidence="ECO:0000255"	
P14138	EDN3		
Q9NP95	FGF20		
O15520	FGF10	CARBOHYD 51; /note="N-linked (GlcNAc...) asparagine"; /evidence="ECO:0000255"; CARBOHYD 196; /note="N-linked (GlcNAc...) asparagine"; /evidence="ECO:0000255"	
O14944	EREG	CARBOHYD 47; /note="N-linked (GlcNAc...) asparagine"; /evidence="ECO:0000255"	
P12034	FGF5	CARBOHYD 110; /note="N-linked (GlcNAc...) asparagine"; /evidence="ECO:0000255"	
P03951	F11	CARBOHYD 90; /note="N-linked (GlcNAc...) (complex) asparagine"; /evidence="ECO:0000269|PubMed:25092234"; CARBOHYD 126; /note="N-linked (GlcNAc...) (complex) asparagine"; /evidence="ECO:0000269|PubMed:16335952, ECO:0000269|PubMed:25092234"; CARBOHYD 163; /note="N-linked (GlcNAc...) (complex) asparagine; atypical"; /evidence="ECO:0000269|PubMed:25092234"; CARBOHYD 450; /note="N-linked (GlcNAc...) (complex) asparagine"; /evidence="ECO:0000269|PubMed:16335952, ECO:0000269|PubMed:19159218, ECO:0000269|PubMed:25092234"; CARBOHYD 491; /note="N-linked (GlcNAc...) (complex) asparagine"; /evidence="ECO:0000269|PubMed:16335952, ECO:0000269|PubMed:19159218, ECO:0000269|PubMed:1998667, ECO:0000269|PubMed:25092234"	
P02671	FGA	CARBOHYD 320; /note="O-linked (GalNAc...) threonine"; /evidence="ECO:0000269|PubMed:23050552"; CARBOHYD 351; /note="O-linked (GalNAc...) serine"; /evidence="ECO:0000269|PubMed:23050552"; CARBOHYD 453; /note="N-linked (GlcNAc...) asparagine; in variant Caracas-2"; /evidence="ECO:0000269|PubMed:1675636"; CARBOHYD 686; /note="N-linked (GlcNAc...) asparagine"; /evidence="ECO:0000269|PubMed:16335952, ECO:0000269|PubMed:19159218, ECO:0000269|PubMed:9689040"	
P20800	EDN2		
P05305	EDN1		
O43320	FGF16	CARBOHYD 78; /note="N-linked (GlcNAc...) asparagine"; /evidence="ECO:0000255"	
P00740	F9	CARBOHYD 85; /note="O-linked (GalNAc...) threonine"; /evidence="ECO:0000269|PubMed:25456591"; CARBOHYD 99; /note="O-linked (Glc...) serine"; /evidence="ECO:0000269|PubMed:2129367, ECO:0000269|PubMed:2511201, ECO:0000269|PubMed:25456591"; /id="CAR_000009"; CARBOHYD 107; /note="O-linked (Fuc...) serine"; /evidence="ECO:0000269|PubMed:1517205, ECO:0000269|PubMed:25456591"; /id="CAR_000010"; CARBOHYD 203; /note="N-linked (GlcNAc...) asparagine"; /evidence="ECO:0000255"; CARBOHYD 205; /note="O-linked (GalNAc...) threonine; alternate"; /evidence="ECO:0000269|PubMed:25456591, ECO:0000269|PubMed:8172892"; CARBOHYD 213; /note="N-linked (GlcNAc...) asparagine"; /evidence="ECO:0000255"; CARBOHYD 215; /note="O-linked (GalNAc...) threonine"; /evidence="ECO:0000269|PubMed:25456591, ECO:0000269|PubMed:8172892"; CARBOHYD 225; /note="O-linked (GalNAc...) threonine"; /evidence="ECO:0000269|PubMed:25456591"	
Q15485	FCN2 FCNL	CARBOHYD 240; /note="N-linked (GlcNAc...) asparagine"; /evidence="ECO:0000255, ECO:0000269|PubMed:17215869"; CARBOHYD 300; /note="N-linked (GlcNAc...) asparagine"; /evidence="ECO:0000255"	
P08709	F7	CARBOHYD 112; /note="O-linked (Glc...) serine; alternate"; /evidence="ECO:0000269|PubMed:1904059, ECO:0000269|PubMed:2129367, ECO:0000269|PubMed:21949356, ECO:0000269|PubMed:2511201"; /id="CAR_000007"; CARBOHYD 112; /note="O-linked (Xyl...) serine; alternate"; /evidence="ECO:0000269|PubMed:1904059, ECO:0000269|PubMed:2129367, ECO:0000269|PubMed:21949356, ECO:0000269|PubMed:2511201"; CARBOHYD 120; /note="O-linked (Fuc) serine"; /evidence="ECO:0000269|PubMed:1904059, ECO:0000269|PubMed:9023546"; /id="CAR_000180"; CARBOHYD 205; /note="N-linked (GlcNAc...) asparagine"; /evidence="ECO:0000269|PubMed:19167329, ECO:0000269|PubMed:3264725"; CARBOHYD 382; /note="N-linked (GlcNAc...) asparagine"; /evidence="ECO:0000269|PubMed:19167329, ECO:0000269|PubMed:3264725"	
P00742	F10	CARBOHYD 199; /note="O-linked (GalNAc...) threonine"; /evidence="ECO:0000269|PubMed:8243461"; CARBOHYD 211; /note="O-linked (GalNAc...) threonine"; /evidence="ECO:0000269|PubMed:8243461"; CARBOHYD 221; /note="N-linked (GlcNAc...) asparagine"; /evidence="ECO:0000269|PubMed:8243461"; /id="CAR_000012"; CARBOHYD 231; /note="N-linked (GlcNAc...) asparagine"; /evidence="ECO:0000269|PubMed:8243461"; /id="CAR_000013"	
Q12884	FAP	CARBOHYD 49; /note="N-linked (GlcNAc...) asparagine"; /evidence="ECO:0000255|PROSITE-ProRule:PRU00498, ECO:0000269|PubMed:15809306"; CARBOHYD 92; /note="N-linked (GlcNAc...) asparagine"; /evidence="ECO:0000255|PROSITE-ProRule:PRU00498, ECO:0000269|PubMed:15809306"; CARBOHYD 99; /note="N-linked (GlcNAc...) asparagine"; /evidence="ECO:0000255|PROSITE-ProRule:PRU00498, ECO:0000269|PubMed:16335952"; CARBOHYD 227; /note="N-linked (GlcNAc...) asparagine"; /evidence="ECO:0000255|PROSITE-ProRule:PRU00498, ECO:0000269|PubMed:15809306, ECO:0000269|PubMed:16335952"; CARBOHYD 314; /note="N-linked (GlcNAc...) asparagine"; /evidence="ECO:0000255|PROSITE-ProRule:PRU00498, ECO:0000269|PubMed:15809306"; CARBOHYD 679; /note="N-linked (GlcNAc...) asparagine"; /evidence="ECO:0000255|PROSITE-ProRule:PRU00498"	
P01133	EGF	CARBOHYD 38; /note="N-linked (GlcNAc...) asparagine"; /evidence="ECO:0000255"; CARBOHYD 104; /note="N-linked (GlcNAc...) asparagine"; /evidence="ECO:0000255"; CARBOHYD 117; /note="N-linked (GlcNAc...) asparagine"; /evidence="ECO:0000255"; CARBOHYD 148; /note="N-linked (GlcNAc...) asparagine"; /evidence="ECO:0000255"; CARBOHYD 324; /note="N-linked (GlcNAc...) asparagine"; /evidence="ECO:0000255"; CARBOHYD 404; /note="N-linked (GlcNAc...) asparagine"; /evidence="ECO:0000255"; CARBOHYD 596; /note="N-linked (GlcNAc...) asparagine"; /evidence="ECO:0000255"; CARBOHYD 815; /note="N-linked (GlcNAc...) asparagine"; /evidence="ECO:0000255"; CARBOHYD 926; /note="N-linked (GlcNAc...) asparagine"; /evidence="ECO:0000255"	
P02675	FGB	CARBOHYD 394; /note="N-linked (GlcNAc...) asparagine"; /evidence="ECO:0000269|PubMed:10074346, ECO:0000269|PubMed:16263699, ECO:0000269|PubMed:16335952, ECO:0000269|PubMed:19159218, ECO:0000269|PubMed:9628725, ECO:0000269|Ref.11"	
P13726	F3	CARBOHYD 156; /note="N-linked (GlcNAc...) asparagine"; /evidence="ECO:0000255"; CARBOHYD 169; /note="N-linked (GlcNAc...) asparagine"; /evidence="ECO:0000255"	LIPID 277; /note="S-palmitoyl cysteine"; /evidence="ECO:0000269|PubMed:3166978"
P98095	FBLN2	CARBOHYD 180; /note="N-linked (GlcNAc...) asparagine"; /evidence="ECO:0000255"; CARBOHYD 507; /note="N-linked (GlcNAc...) asparagine"; /evidence="ECO:0000255"; CARBOHYD 1035; /note="N-linked (GlcNAc...) asparagine"; /evidence="ECO:0000269|PubMed:19159218"	
Q9NSA1	FGF21 UNQ3115/PRO10196		
Q96RI0	F2RL3 PAR4	CARBOHYD 56; /note="N-linked (GlcNAc...) asparagine"; /evidence="ECO:0000255"	
P17813	ENG END	CARBOHYD 88; /note="N-linked (GlcNAc...) asparagine"; /evidence="ECO:0000255"; CARBOHYD 102; /note="N-linked (GlcNAc...) asparagine"; /evidence="ECO:0000255"; CARBOHYD 121; /note="N-linked (GlcNAc...) asparagine"; /evidence="ECO:0000255"; CARBOHYD 134; /note="N-linked (GlcNAc...) asparagine"; /evidence="ECO:0000269|PubMed:19159218"; CARBOHYD 307; /note="N-linked (GlcNAc...) asparagine"; /evidence="ECO:0000255"	
P21781	FGF7 KGF	CARBOHYD 45; /note="N-linked (GlcNAc...) asparagine"; /evidence="ECO:0000255"	
P09038	FGF2 FGFB		
P11487	FGF3 INT2	CARBOHYD 65; /note="N-linked (GlcNAc...) asparagine"; /evidence="ECO:0000255"	
P00734	F2	CARBOHYD 121; /note="N-linked (GlcNAc...) (complex) asparagine"; /evidence="ECO:0000269|PubMed:14760718, ECO:0000269|PubMed:16335952, ECO:0000269|PubMed:22171320"; CARBOHYD 143; /note="N-linked (GlcNAc...) (complex) asparagine"; /evidence="ECO:0000269|PubMed:14760718, ECO:0000269|PubMed:16335952, ECO:0000269|PubMed:22171320"; CARBOHYD 416; /note="N-linked (GlcNAc...) (complex) asparagine"; /evidence="ECO:0000269|PubMed:16335952, ECO:0000269|PubMed:19139490, ECO:0000269|PubMed:19159218, ECO:0000269|PubMed:19838169, ECO:0000269|PubMed:873923"	
P55075	FGF8 AIGF	CARBOHYD 155; /note="N-linked (GlcNAc...) asparagine"; /evidence="ECO:0000255"	
P49327	FASN FAS		
O00254	F2RL2 PAR3	CARBOHYD 25; /note="N-linked (GlcNAc...) asparagine"; /evidence="ECO:0000255"; CARBOHYD 82; /note="N-linked (GlcNAc...) asparagine"; /evidence="ECO:0000255"; CARBOHYD 331; /note="N-linked (GlcNAc...) asparagine"; /evidence="ECO:0000255"	
Q15768	EFNB3 EPLG8 LERK8	CARBOHYD 210; /note="N-linked (GlcNAc...) asparagine"; /evidence="ECO:0000255"	
P00488	F13A1 F13A	CARBOHYD 614; /note="N-linked (GlcNAc...) asparagine"; /evidence="ECO:0000269|PubMed:16335952"	
P21860	ERBB3 HER3	CARBOHYD 126; /note="N-linked (GlcNAc...) asparagine"; /evidence="ECO:0000255"; CARBOHYD 250; /note="N-linked (GlcNAc...) asparagine"; /evidence="ECO:0000269|PubMed:12154198"; CARBOHYD 353; /note="N-linked (GlcNAc...) asparagine"; /evidence="ECO:0000269|PubMed:12154198"; CARBOHYD 408; /note="N-linked (GlcNAc...) asparagine"; /evidence="ECO:0000269|PubMed:12154198"; CARBOHYD 414; /note="N-linked (GlcNAc...) asparagine"; /evidence="ECO:0000269|PubMed:12154198"; CARBOHYD 437; /note="N-linked (GlcNAc...) asparagine"; /evidence="ECO:0000269|PubMed:12154198"; CARBOHYD 469; /note="N-linked (GlcNAc...) asparagine"; /evidence="ECO:0000269|PubMed:12154198"; CARBOHYD 522; /note="N-linked (GlcNAc...) asparagine"; /evidence="ECO:0000269|PubMed:12154198"; CARBOHYD 566; /note="N-linked (GlcNAc...) asparagine"; /evidence="ECO:0000269|PubMed:12154198"; CARBOHYD 616; /note="N-linked (GlcNAc...) asparagine"; /evidence="ECO:0000255"	
P29317	EPHA2 ECK	CARBOHYD 407; /note="N-linked (GlcNAc...) asparagine"; /evidence="ECO:0000255"; CARBOHYD 435; /note="N-linked (GlcNAc...) asparagine"; /evidence="ECO:0000269|PubMed:19159218"	
Q9HBW9	ADGRL4 ELTD1 ETL UNQ202/PRO228	CARBOHYD 21; /note="N-linked (GlcNAc...) asparagine"; /evidence="ECO:0000255"; CARBOHYD 64; /note="N-linked (GlcNAc...) asparagine"; /evidence="ECO:0000255"; CARBOHYD 74; /note="N-linked (GlcNAc...) asparagine"; /evidence="ECO:0000255"; CARBOHYD 127; /note="N-linked (GlcNAc...) asparagine"; /evidence="ECO:0000255"; CARBOHYD 177; /note="N-linked (GlcNAc...) asparagine"; /evidence="ECO:0000255"; CARBOHYD 188; /note="N-linked (GlcNAc...) asparagine"; /evidence="ECO:0000255"; CARBOHYD 249; /note="N-linked (GlcNAc...) asparagine"; /evidence="ECO:0000269|PubMed:16335952"; CARBOHYD 381; /note="N-linked (GlcNAc...) asparagine"; /evidence="ECO:0000255"; CARBOHYD 395; /note="N-linked (GlcNAc...) asparagine"; /evidence="ECO:0000255"	
P05230	FGF1 FGFA		
P24530	EDNRB ETRB	CARBOHYD 59; /note="N-linked (GlcNAc...) asparagine"; /evidence="ECO:0000255"	LIPID 402; /note="S-palmitoyl cysteine"; /evidence="ECO:0000269|PubMed:9261180"; LIPID 403; /note="S-palmitoyl cysteine"; /evidence="ECO:0000255"; LIPID 405; /note="S-palmitoyl cysteine"; /evidence="ECO:0000255"
P52798	EFNA4 EPLG4 LERK4	CARBOHYD 33; /note="N-linked (GlcNAc...) asparagine"; /evidence="ECO:0000255"	LIPID 170; /note="GPI-anchor amidated serine"; /evidence="ECO:0000255"
Q92915	FGF14 FHF4		
P00451	F8 F8C	CARBOHYD 60; /note="N-linked (GlcNAc...) asparagine"; /evidence="ECO:0000255"; CARBOHYD 258; /note="N-linked (GlcNAc...) asparagine"; /evidence="ECO:0000255"; CARBOHYD 601; /note="N-linked (GlcNAc...) asparagine"; /evidence="ECO:0000269|PubMed:16335952"; CARBOHYD 776; /note="N-linked (GlcNAc...) asparagine"; /evidence="ECO:0000255"; CARBOHYD 803; /note="N-linked (GlcNAc...) asparagine"; /evidence="ECO:0000255"; CARBOHYD 847; /note="N-linked (GlcNAc...) asparagine"; /evidence="ECO:0000255"; CARBOHYD 919; /note="N-linked (GlcNAc...) asparagine"; /evidence="ECO:0000255"; CARBOHYD 962; /note="N-linked (GlcNAc...) asparagine"; /evidence="ECO:0000255"; CARBOHYD 982; /note="N-linked (GlcNAc...) asparagine"; /evidence="ECO:0000255"; CARBOHYD 1020; /note="N-linked (GlcNAc...) asparagine"; /evidence="ECO:0000255"; CARBOHYD 1024; /note="N-linked (GlcNAc...) asparagine"; /evidence="ECO:0000255"; CARBOHYD 1074; /note="N-linked (GlcNAc...) asparagine"; /evidence="ECO:0000255"; CARBOHYD 1085; /note="N-linked (GlcNAc...) asparagine"; /evidence="ECO:0000255"; CARBOHYD 1204; /note="N-linked (GlcNAc...) asparagine"; /evidence="ECO:0000255"; CARBOHYD 1274; /note="N-linked (GlcNAc...) asparagine"; /evidence="ECO:0000255"; CARBOHYD 1278; /note="N-linked (GlcNAc...) asparagine"; /evidence="ECO:0000255"; CARBOHYD 1301; /note="N-linked (GlcNAc...) asparagine"; /evidence="ECO:0000255"; CARBOHYD 1319; /note="N-linked (GlcNAc...) asparagine"; /evidence="ECO:0000255"; CARBOHYD 1431; /note="N-linked (GlcNAc...) asparagine"; /evidence="ECO:0000255"; CARBOHYD 1461; /note="N-linked (GlcNAc...) asparagine"; /evidence="ECO:0000255"; CARBOHYD 1829; /note="N-linked (GlcNAc...) asparagine"; /evidence="ECO:0000255"; CARBOHYD 2137; /note="N-linked (GlcNAc...) asparagine"; /evidence="ECO:0000255"	
Q92913	FGF13 FHF2		
P12314	FCGR1A FCG1 FCGR1 IGFR1	CARBOHYD 59; /note="N-linked (GlcNAc...) asparagine"; /evidence="ECO:0000269|PubMed:21965667"; CARBOHYD 78; /note="N-linked (GlcNAc...) asparagine"; /evidence="ECO:0000269|PubMed:19159218, ECO:0000269|PubMed:21965667"; CARBOHYD 152; /note="N-linked (GlcNAc...) asparagine"; /evidence="ECO:0000269|PubMed:21965667"; CARBOHYD 159; /note="N-linked (GlcNAc...) asparagine"; /evidence="ECO:0000269|PubMed:21965667"; CARBOHYD 163; /note="N-linked (GlcNAc...) asparagine"; /evidence="ECO:0000269|PubMed:21965667"; CARBOHYD 195; /note="N-linked (GlcNAc...) asparagine"; /evidence="ECO:0000269|PubMed:21965667"; CARBOHYD 240; /note="N-linked (GlcNAc...) asparagine"; /evidence="ECO:0000255"	
O43921	EFNA2 EPLG6 LERK6	CARBOHYD 42; /note="N-linked (GlcNAc...) asparagine"; /evidence="ECO:0000255"; CARBOHYD 174; /note="N-linked (GlcNAc...) asparagine"; /evidence="ECO:0000255"; CARBOHYD 188; /note="N-linked (GlcNAc...) asparagine"; /evidence="ECO:0000255"	LIPID 188; /note="GPI-anchor amidated asparagine"; /evidence="ECO:0000255"
P23142	FBLN1 PP213	CARBOHYD 98; /note="N-linked (GlcNAc...) (complex) asparagine"; /evidence="ECO:0000269|PubMed:19139490"; CARBOHYD 535; /note="N-linked (GlcNAc...) asparagine"; /evidence="ECO:0000255"; CARBOHYD 539; /note="N-linked (GlcNAc...) asparagine"; /evidence="ECO:0000255"	
Q15303	ERBB4 HER4	CARBOHYD 138; /note="N-linked (GlcNAc...) asparagine"; /evidence="ECO:0000269|PubMed:16203964"; CARBOHYD 174; /note="N-linked (GlcNAc...) asparagine"; /evidence="ECO:0000269|PubMed:16203964"; CARBOHYD 181; /note="N-linked (GlcNAc...) asparagine"; /evidence="ECO:0000255"; CARBOHYD 253; /note="N-linked (GlcNAc...) asparagine"; /evidence="ECO:0000269|PubMed:16203964"; CARBOHYD 358; /note="N-linked (GlcNAc...) asparagine"; /evidence="ECO:0000269|PubMed:16203964"; CARBOHYD 410; /note="N-linked (GlcNAc...) asparagine"; /evidence="ECO:0000269|PubMed:16203964"; CARBOHYD 473; /note="N-linked (GlcNAc...) asparagine"; /evidence="ECO:0000269|PubMed:16203964"; CARBOHYD 495; /note="N-linked (GlcNAc...) asparagine"; /evidence="ECO:0000269|PubMed:16203964"; CARBOHYD 548; /note="N-linked (GlcNAc...) asparagine"; /evidence="ECO:0000255"; CARBOHYD 576; /note="N-linked (GlcNAc...) asparagine"; /evidence="ECO:0000269|PubMed:16203964"; CARBOHYD 620; /note="N-linked (GlcNAc...) asparagine"; /evidence="ECO:0000255"	
O60258	FGF17 UNQ161/PRO187	CARBOHYD 137; /note="N-linked (GlcNAc...) asparagine"; /evidence="ECO:0000255"	
O95750	FGF19 UNQ334/PRO533		
Q96AP7	ESAM UNQ220/PRO246	CARBOHYD 108; /note="N-linked (GlcNAc...) asparagine"; /evidence="ECO:0000255"; CARBOHYD 169; /note="N-linked (GlcNAc...) asparagine"; /evidence="ECO:0000269|PubMed:19159218"; CARBOHYD 213; /note="N-linked (GlcNAc...) asparagine"; /evidence="ECO:0000255"; CARBOHYD 236; /note="N-linked (GlcNAc...) asparagine"; /evidence="ECO:0000255"	
P55085	F2RL1 GPR11 PAR2	CARBOHYD 30; /note="N-linked (GlcNAc...) asparagine"; /evidence="ECO:0000269|PubMed:12171601"; CARBOHYD 222; /note="N-linked (GlcNAc...) asparagine"; /evidence="ECO:0000269|PubMed:12171601"	LIPID 361; /note="S-palmitoyl cysteine"; /evidence="ECO:0000269|PubMed:21627585"
P35555	FBN1 FBN	CARBOHYD 268; /note="O-linked (Glc) serine"; /evidence="ECO:0000269|PubMed:34411563"; CARBOHYD 448; /note="N-linked (GlcNAc...) asparagine"; /evidence="ECO:0000269|PubMed:19159218"; CARBOHYD 471; /note="O-linked (Glc) serine"; /evidence="ECO:0000269|PubMed:34411563"; CARBOHYD 510; /note="O-linked (Glc) serine"; /evidence="ECO:0000269|PubMed:34411563"; CARBOHYD 552; /note="O-linked (Glc) serine"; /evidence="ECO:0000269|PubMed:34411563"; CARBOHYD 593; /note="O-linked (Glc) serine"; /evidence="ECO:0000269|PubMed:34411563"; CARBOHYD 634; /note="O-linked (Glc) serine"; /evidence="ECO:0000269|PubMed:34411563"; CARBOHYD 787; /note="O-linked (Glc) serine"; /evidence="ECO:0000269|PubMed:34411563"; CARBOHYD 827; /note="O-linked (Glc) serine"; /evidence="ECO:0000269|PubMed:34411563"; CARBOHYD 1050; /note="O-linked (Glc) serine"; /evidence="ECO:0000269|PubMed:34411563"; CARBOHYD 1067; /note="N-linked (GlcNAc...) asparagine"; /evidence="ECO:0000269|PubMed:19159218"; CARBOHYD 1135; /note="O-linked (Glc) serine"; /evidence="ECO:0000269|PubMed:34411563"; CARBOHYD 1149; /note="N-linked (GlcNAc...) asparagine"; /evidence="ECO:0000255"; CARBOHYD 1218; /note="O-linked (Glc) serine"; /evidence="ECO:0000269|PubMed:34411563"; CARBOHYD 1302; /note="O-linked (Glc) serine"; /evidence="ECO:0000269|PubMed:34411563"; CARBOHYD 1345; /note="O-linked (Glc) serine"; /evidence="ECO:0000269|PubMed:34411563"; CARBOHYD 1369; /note="N-linked (GlcNAc...) asparagine"; /evidence="ECO:0000255"; CARBOHYD 1386; /note="O-linked (Glc) serine"; /evidence="ECO:0000269|PubMed:34411563"; CARBOHYD 1484; /note="N-linked (GlcNAc...) asparagine"; /evidence="ECO:0000269|PubMed:19159218"; CARBOHYD 1508; /note="O-linked (Glc) serine"; /evidence="ECO:0000269|PubMed:34411563"; CARBOHYD 1581; /note="N-linked (GlcNAc...) asparagine"; /evidence="ECO:0000269|PubMed:19159218"; CARBOHYD 1628; /note="O-linked (Glc) serine"; /evidence="ECO:0000269|PubMed:34411563"; CARBOHYD 1669; /note="N-linked (GlcNAc...) asparagine"; /evidence="ECO:0000255"; CARBOHYD 1703; /note="N-linked (GlcNAc...) asparagine"; /evidence="ECO:0000255"; CARBOHYD 1713; /note="N-linked (GlcNAc...) asparagine"; /evidence="ECO:0000255"; CARBOHYD 1830; /note="O-linked (Glc) serine"; /evidence="ECO:0000269|PubMed:34411563"; CARBOHYD 1871; /note="O-linked (Glc) serine"; /evidence="ECO:0000269|PubMed:34411563"; CARBOHYD 1902; /note="N-linked (GlcNAc...) asparagine"; /evidence="ECO:0000255"; CARBOHYD 1911; /note="O-linked (Glc) serine"; /evidence="ECO:0000269|PubMed:34411563"; CARBOHYD 1953; /note="O-linked (Glc) serine"; /evidence="ECO:0000269|PubMed:34411563"; CARBOHYD 2035; /note="O-linked (Glc) serine"; /evidence="ECO:0000269|PubMed:34411563"; CARBOHYD 2077; /note="N-linked (GlcNAc...) asparagine"; /evidence="ECO:0000255"; CARBOHYD 2148; /note="O-linked (Glc) serine"; /evidence="ECO:0000269|PubMed:34411563"; CARBOHYD 2178; /note="N-linked (GlcNAc...) asparagine"; /evidence="ECO:0000255"; CARBOHYD 2227; /note="O-linked (Glc) serine"; /evidence="ECO:0000269|PubMed:34411563"; CARBOHYD 2313; /note="O-linked (Glc) serine"; /evidence="ECO:0000269|PubMed:34411563"; CARBOHYD 2465; /note="O-linked (Glc) serine"; /evidence="ECO:0000269|PubMed:34411563"; CARBOHYD 2547; /note="O-linked (Glc) serine"; /evidence="ECO:0000269|PubMed:34411563"; CARBOHYD 2628; /note="O-linked (Glc) serine"; /evidence="ECO:0000269|PubMed:34411563"; CARBOHYD 2734; /note="N-linked (GlcNAc...) asparagine"; /evidence="ECO:0000255"; CARBOHYD 2750; /note="N-linked (GlcNAc...) asparagine"; /evidence="ECO:0000255"; CARBOHYD 2767; /note="N-linked (GlcNAc...) asparagine"; /evidence="ECO:0000255"	
P10767	FGF6 HST2 HSTF2	CARBOHYD 45; /note="N-linked (GlcNAc...) asparagine"; /evidence="ECO:0000255"	
P25101	EDNRA ETA ETRA	CARBOHYD 29; /note="N-linked (GlcNAc...) asparagine"; /evidence="ECO:0000255"; CARBOHYD 62; /note="N-linked (GlcNAc...) asparagine"; /evidence="ECO:0000255"	
O76093	FGF18 UNQ420/PRO856	CARBOHYD 39; /note="N-linked (GlcNAc...) asparagine"; /evidence="ECO:0000255"; CARBOHYD 137; /note="N-linked (GlcNAc...) asparagine"; /evidence="ECO:0000255"	
P52803	EFNA5 EPLG7 LERK7	CARBOHYD 37; /note="N-linked (GlcNAc...) asparagine"; /evidence="ECO:0000269|PubMed:17400922"	LIPID 203; /note="GPI-anchor amidated asparagine"; /evidence="ECO:0000255"
Q6UW88	EPGN UNQ3072/PRO9904	CARBOHYD 37; /note="N-linked (GlcNAc...) asparagine"; /evidence="ECO:0000255"; CARBOHYD 41; /note="N-linked (GlcNAc...) asparagine"; /evidence="ECO:0000255"	
Q12805	EFEMP1 FBLN3 FBNL	CARBOHYD 249; /note="N-linked (GlcNAc...) asparagine"; /evidence="ECO:0000255"	
Q9UF33	EPHA6 EHK2 HEK12	CARBOHYD 343; /note="N-linked (GlcNAc...) asparagine"; /evidence="ECO:0000255"; CARBOHYD 397; /note="N-linked (GlcNAc...) asparagine"; /evidence="ECO:0000255"; CARBOHYD 410; /note="N-linked (GlcNAc...) asparagine"; /evidence="ECO:0000255"	
Q9BQ89	FAM110A C20orf55 F10		
P11678	EPX EPER EPO EPP	CARBOHYD 52; /note="N-linked (GlcNAc...) asparagine"; /evidence="ECO:0000255"; CARBOHYD 113; /note="N-linked (GlcNAc...) asparagine"; /evidence="ECO:0000255"; CARBOHYD 327; /note="N-linked (GlcNAc...) asparagine"; /evidence="ECO:0000255"; CARBOHYD 363; /note="N-linked (GlcNAc...) asparagine"; /evidence="ECO:0000269|PubMed:38229400, ECO:0007744|PDB:8OGI"; CARBOHYD 700; /note="N-linked (GlcNAc...) asparagine"; /evidence="ECO:0000255"; CARBOHYD 708; /note="N-linked (GlcNAc...) asparagine"; /evidence="ECO:0000255"	
P61328	FGF12 FGF12B FHF1		
P25116	F2R CF2R PAR1 TR	CARBOHYD 35; /note="N-linked (GlcNAc...) asparagine"; /evidence="ECO:0000255"; CARBOHYD 62; /note="N-linked (GlcNAc...) asparagine"; /evidence="ECO:0000255"; CARBOHYD 75; /note="N-linked (GlcNAc...) asparagine"; /evidence="ECO:0000255"; CARBOHYD 250; /note="N-linked (GlcNAc...) asparagine"; /evidence="ECO:0000255"; CARBOHYD 259; /note="N-linked (GlcNAc...) asparagine"; /evidence="ECO:0000255"	
O95967	EFEMP2 FBLN4 UNQ200/PRO226	CARBOHYD 198; /note="N-linked (GlcNAc...) asparagine"; /evidence="ECO:0000255"; CARBOHYD 394; /note="N-linked (GlcNAc...) asparagine"; /evidence="ECO:0000255"	
P54760	EPHB4 HTK MYK1 TYRO11	CARBOHYD 203; /note="N-linked (GlcNAc...) asparagine"; /evidence="ECO:0000255"; CARBOHYD 335; /note="N-linked (GlcNAc...) asparagine"; /evidence="ECO:0000255"; CARBOHYD 426; /note="N-linked (GlcNAc...) asparagine"; /evidence="ECO:0000255"	
O94887	FARP2 KIAA0793 PLEKHC3		
Q15375	EPHA7 EHK3 HEK11	CARBOHYD 343; /note="N-linked (GlcNAc...) asparagine"; /evidence="ECO:0000255"; CARBOHYD 410; /note="N-linked (GlcNAc...) asparagine"; /evidence="ECO:0000255"	
P52797	EFNA3 EFL2 EPLG3 LERK3	CARBOHYD 38; /note="N-linked (GlcNAc...) asparagine"; /evidence="ECO:0000255"; CARBOHYD 67; /note="N-linked (GlcNAc...) asparagine"; /evidence="ECO:0000255"; CARBOHYD 100; /note="N-linked (GlcNAc...) asparagine"; /evidence="ECO:0000255"	LIPID 214; /note="GPI-anchor amidated glycine"; /evidence="ECO:0000255"
P08620	FGF4 HST HSTF1 KS3		
P25445	FAS APT1 FAS1 TNFRSF6	CARBOHYD 28; /note="O-linked (GalNAc...) threonine"; /evidence="ECO:0000269|PubMed:22171320"; CARBOHYD 118; /note="N-linked (GlcNAc...) asparagine"; /evidence="ECO:0000269|PubMed:19159218"; CARBOHYD 136; /note="N-linked (GlcNAc...) asparagine"; /evidence="ECO:0000255"; CARBOHYD 250; /note="(Microbial infection) N-beta-linked (GlcNAc) arginine"; /evidence="ECO:0000269|PubMed:30979585, ECO:0000305|PubMed:23955153"	LIPID 199; /note="S-palmitoyl cysteine"; /evidence="ECO:0000269|PubMed:25301068"
P52799	EFNB2 EPLG5 HTKL LERK5	CARBOHYD 36; /note="N-linked (GlcNAc...) asparagine"; /evidence="ECO:0000255, ECO:0000269|PubMed:18488039, ECO:0000269|PubMed:19836338"; CARBOHYD 139; /note="N-linked (GlcNAc...) asparagine"; /evidence="ECO:0000255"	
P21709	EPHA1 EPH EPHT EPHT1	CARBOHYD 414; /note="N-linked (GlcNAc...) asparagine"; /evidence="ECO:0000255"	
Q9GZV9	FGF23 HYPF UNQ3027/PRO9828	CARBOHYD 171; /note="O-linked (GalNAc) threonine"; /evidence="ECO:0000269|PubMed:31932717"; CARBOHYD 178; /note="O-linked (GalNAc) threonine"; /evidence="ECO:0000269|PubMed:16638743, ECO:0000269|PubMed:31932717"	
P29322	EPHA8 EEK HEK3 KIAA1459	CARBOHYD 340; /note="N-linked (GlcNAc...) asparagine"; /evidence="ECO:0000255"; CARBOHYD 407; /note="N-linked (GlcNAc...) asparagine"; /evidence="ECO:0000255"; CARBOHYD 432; /note="N-linked (GlcNAc...) asparagine"; /evidence="ECO:0000255"	
P20827	EFNA1 EPLG1 LERK1 TNFAIP4	CARBOHYD 26; /note="N-linked (GlcNAc...) asparagine"; /evidence="ECO:0000269|PubMed:20505120, ECO:0000269|PubMed:23661698"	LIPID 182; /note="GPI-anchor amidated serine"; /evidence="ECO:0000255"
P98172	EFNB1 EFL3 EPLG2 LERK2	CARBOHYD 139; /note="N-linked (GlcNAc...) asparagine"; /evidence="ECO:0000255"	
Q99944	EGFL8 C6orf8 NG3 UNQ8752/PRO29920	CARBOHYD 50; /note="N-linked (GlcNAc...) asparagine"; /evidence="ECO:0000255"	
P54753	EPHB3 ETK2 HEK2 TYRO6	CARBOHYD 351; /note="N-linked (GlcNAc...) asparagine"; /evidence="ECO:0000255"; CARBOHYD 445; /note="N-linked (GlcNAc...) asparagine"; /evidence="ECO:0000255"	
P54764	EPHA4 HEK8 SEK TYRO1	CARBOHYD 235; /note="N-linked (GlcNAc...) asparagine"; /evidence="ECO:0000255"; CARBOHYD 340; /note="N-linked (GlcNAc...) asparagine"; /evidence="ECO:0000255"; CARBOHYD 408; /note="N-linked (GlcNAc...) asparagine"; /evidence="ECO:0000255"; CARBOHYD 545; /note="N-linked (GlcNAc...) asparagine"; /evidence="ECO:0000255"	
P00533	EGFR ERBB ERBB1 HER1	CARBOHYD 56; /note="N-linked (GlcNAc...) (complex) asparagine; atypical; partial"; /evidence="ECO:0000269|PubMed:10731668, ECO:0000269|PubMed:12297049, ECO:0000269|PubMed:12297050, ECO:0000269|PubMed:12731890, ECO:0000269|PubMed:16083266, ECO:0000269|PubMed:20837704, ECO:0007744|PDB:1IVO, ECO:0007744|PDB:1MOX, ECO:0007744|PDB:3NJP, ECO:0007744|PDB:3QWQ"; /id="CAR_000227"; CARBOHYD 73; /note="N-linked (GlcNAc...) asparagine; atypical"; /evidence="ECO:0000269|PubMed:20837704, ECO:0007744|PDB:3NJP"; CARBOHYD 128; /note="N-linked (GlcNAc...) asparagine"; /evidence="ECO:0000269|PubMed:12731890, ECO:0000269|PubMed:16083266, ECO:0000269|PubMed:8962717"; CARBOHYD 175; /note="N-linked (GlcNAc...) asparagine"; /evidence="ECO:0000269|PubMed:12297050, ECO:0000269|PubMed:12731890, ECO:0000269|PubMed:16083266, ECO:0000269|PubMed:20837704, ECO:0000269|PubMed:8962717, ECO:0007744|PDB:1IVO, ECO:0007744|PDB:3NJP"; CARBOHYD 196; /note="N-linked (GlcNAc...) asparagine"; /evidence="ECO:0000269|PubMed:12297049, ECO:0000269|PubMed:12297050, ECO:0000269|PubMed:12731890, ECO:0000269|PubMed:16083266, ECO:0000269|PubMed:20837704, ECO:0007744|PDB:1IVO, ECO:0007744|PDB:1MOX, ECO:0007744|PDB:3NJP"; CARBOHYD 352; /note="N-linked (GlcNAc...) asparagine"; /evidence="ECO:0000269|PubMed:10731668, ECO:0000269|PubMed:12297049, ECO:0000269|PubMed:12297050, ECO:0000269|PubMed:12620237, ECO:0000269|PubMed:12731890, ECO:0000269|PubMed:16083266, ECO:0000269|PubMed:19159218, ECO:0000269|PubMed:20837704, ECO:0007744|PDB:1IVO, ECO:0007744|PDB:1MOX, ECO:0007744|PDB:1NQL, ECO:0007744|PDB:1YY9, ECO:0007744|PDB:3B2U, ECO:0007744|PDB:3B2V, ECO:0007744|PDB:3NJP, ECO:0007744|PDB:3P0Y, ECO:0007744|PDB:3QWQ, ECO:0007744|PDB:4KRL, ECO:0007744|PDB:4KRM, ECO:0007744|PDB:4KRO, ECO:0007744|PDB:4KRP, ECO:0007744|PDB:4UIP, ECO:0007744|PDB:4UV7"; CARBOHYD 361; /note="N-linked (GlcNAc...) asparagine"; /evidence="ECO:0000269|PubMed:10731668, ECO:0000269|PubMed:12297050, ECO:0000269|PubMed:12620237, ECO:0000269|PubMed:12731890, ECO:0000269|PubMed:16083266, ECO:0000269|PubMed:20837704, ECO:0007744|PDB:1IVO, ECO:0007744|PDB:1NQL, ECO:0007744|PDB:1YY9, ECO:0007744|PDB:3B2U, ECO:0007744|PDB:3NJP, ECO:0007744|PDB:3QWQ, ECO:0007744|PDB:4KRL, ECO:0007744|PDB:4KRM, ECO:0007744|PDB:4KRO, ECO:0007744|PDB:4KRP, ECO:0007744|PDB:4UV7"; CARBOHYD 413; /note="N-linked (GlcNAc...) asparagine"; /evidence="ECO:0000269|PubMed:12731890, ECO:0000269|PubMed:16083266, ECO:0000269|PubMed:19159218, ECO:0000269|PubMed:8962717, ECO:0007744|PDB:1YY9, ECO:0007744|PDB:3B2U, ECO:0007744|PDB:3B2V, ECO:0007744|PDB:3P0Y, ECO:0007744|PDB:3QWQ, ECO:0007744|PDB:4KRO, ECO:0007744|PDB:4KRP"; CARBOHYD 444; /note="N-linked (GlcNAc...) asparagine"; /evidence="ECO:0000269|PubMed:12297050, ECO:0000269|PubMed:12620237, ECO:0000269|PubMed:12731890, ECO:0000269|PubMed:16083266, ECO:0000269|PubMed:20837704, ECO:0000269|PubMed:8962717, ECO:0007744|PDB:1IVO, ECO:0007744|PDB:1NQL, ECO:0007744|PDB:1YY9, ECO:0007744|PDB:3B2U, ECO:0007744|PDB:3B2V, ECO:0007744|PDB:3NJP, ECO:0007744|PDB:3P0Y, ECO:0007744|PDB:3QWQ, ECO:0007744|PDB:4KRL, ECO:0007744|PDB:4KRM, ECO:0007744|PDB:4KRO, ECO:0007744|PDB:4KRP, ECO:0007744|PDB:4UIP, ECO:0007744|PDB:4UV7"; CARBOHYD 528; /note="N-linked (GlcNAc...) asparagine"; /evidence="ECO:0000269|PubMed:12620237, ECO:0000269|PubMed:12731890, ECO:0000269|PubMed:16083266, ECO:0000269|PubMed:20837704, ECO:0000269|PubMed:25922362, ECO:0000269|PubMed:8962717, ECO:0007744|PDB:1NQL, ECO:0007744|PDB:1YY9, ECO:0007744|PDB:3B2V, ECO:0007744|PDB:3NJP, ECO:0007744|PDB:3QWQ, ECO:0007744|PDB:4KRP, ECO:0007744|PDB:4UIP, ECO:0007744|PDB:4UV7"; CARBOHYD 568; /note="N-linked (GlcNAc...) asparagine; partial"; /evidence="ECO:0000269|PubMed:10731668, ECO:0000269|PubMed:12620237, ECO:0000269|PubMed:12731890, ECO:0000269|PubMed:16083266, ECO:0000269|PubMed:19159218, ECO:0007744|PDB:1NQL, ECO:0007744|PDB:1YY9"; CARBOHYD 603; /note="N-linked (GlcNAc...) asparagine; partial"; /evidence="ECO:0000269|PubMed:10731668, ECO:0000269|PubMed:12620237, ECO:0000269|PubMed:12731890, ECO:0000269|PubMed:16083266, ECO:0007744|PDB:1NQL, ECO:0007744|PDB:1YY9"; CARBOHYD 623; /note="N-linked (GlcNAc...) (high mannose) asparagine"; /evidence="ECO:0000305|PubMed:12731890"	LIPID 1049; /note="S-palmitoyl cysteine"; /evidence="ECO:0000269|PubMed:27153536"; LIPID 1146; /note="S-palmitoyl cysteine"; /evidence="ECO:0000269|PubMed:27153536"
Q6V0I7	FAT4 CDHF14 FATJ Nbla00548	CARBOHYD 84; /note="N-linked (GlcNAc...) asparagine"; /evidence="ECO:0000255"; CARBOHYD 237; /note="N-linked (GlcNAc...) asparagine"; /evidence="ECO:0000255"; CARBOHYD 393; /note="N-linked (GlcNAc...) asparagine"; /evidence="ECO:0000255"; CARBOHYD 416; /note="N-linked (GlcNAc...) asparagine"; /evidence="ECO:0000255"; CARBOHYD 435; /note="N-linked (GlcNAc...) asparagine"; /evidence="ECO:0000255"; CARBOHYD 483; /note="N-linked (GlcNAc...) asparagine"; /evidence="ECO:0000255"; CARBOHYD 551; /note="N-linked (GlcNAc...) asparagine"; /evidence="ECO:0000255"; CARBOHYD 615; /note="N-linked (GlcNAc...) asparagine"; /evidence="ECO:0000255"; CARBOHYD 676; /note="N-linked (GlcNAc...) asparagine"; /evidence="ECO:0000255"; CARBOHYD 721; /note="N-linked (GlcNAc...) asparagine"; /evidence="ECO:0000255"; CARBOHYD 825; /note="N-linked (GlcNAc...) asparagine"; /evidence="ECO:0000255"; CARBOHYD 880; /note="N-linked (GlcNAc...) asparagine"; /evidence="ECO:0000255"; CARBOHYD 946; /note="N-linked (GlcNAc...) asparagine"; /evidence="ECO:0000255"; CARBOHYD 1085; /note="N-linked (GlcNAc...) asparagine"; /evidence="ECO:0000255"; CARBOHYD 1101; /note="N-linked (GlcNAc...) asparagine"; /evidence="ECO:0000255"; CARBOHYD 1104; /note="N-linked (GlcNAc...) asparagine"; /evidence="ECO:0000255"; CARBOHYD 1225; /note="N-linked (GlcNAc...) asparagine"; /evidence="ECO:0000255"; CARBOHYD 1296; /note="N-linked (GlcNAc...) asparagine"; /evidence="ECO:0000255"; CARBOHYD 1389; /note="N-linked (GlcNAc...) asparagine"; /evidence="ECO:0000255"; CARBOHYD 1514; /note="N-linked (GlcNAc...) asparagine"; /evidence="ECO:0000255"; CARBOHYD 1828; /note="N-linked (GlcNAc...) asparagine"; /evidence="ECO:0000255"; CARBOHYD 1899; /note="N-linked (GlcNAc...) asparagine"; /evidence="ECO:0000255"; CARBOHYD 1967; /note="N-linked (GlcNAc...) asparagine"; /evidence="ECO:0000255"; CARBOHYD 2119; /note="N-linked (GlcNAc...) asparagine"; /evidence="ECO:0000255"; CARBOHYD 2387; /note="N-linked (GlcNAc...) asparagine"; /evidence="ECO:0000255"; CARBOHYD 2430; /note="N-linked (GlcNAc...) asparagine"; /evidence="ECO:0000255"; CARBOHYD 2921; /note="N-linked (GlcNAc...) asparagine"; /evidence="ECO:0000255"; CARBOHYD 2937; /note="N-linked (GlcNAc...) asparagine"; /evidence="ECO:0000255"; CARBOHYD 3036; /note="N-linked (GlcNAc...) asparagine"; /evidence="ECO:0000255"; CARBOHYD 3140; /note="N-linked (GlcNAc...) asparagine"; /evidence="ECO:0000255"; CARBOHYD 3217; /note="N-linked (GlcNAc...) asparagine"; /evidence="ECO:0000255"; CARBOHYD 3392; /note="N-linked (GlcNAc...) asparagine"; /evidence="ECO:0000255"; CARBOHYD 3477; /note="N-linked (GlcNAc...) asparagine"; /evidence="ECO:0000255"; CARBOHYD 3706; /note="N-linked (GlcNAc...) asparagine"; /evidence="ECO:0000255"; CARBOHYD 3758; /note="N-linked (GlcNAc...) asparagine"; /evidence="ECO:0000255"; CARBOHYD 4017; /note="N-linked (GlcNAc...) asparagine"; /evidence="ECO:0000255"; CARBOHYD 4267; /note="N-linked (GlcNAc...) asparagine"; /evidence="ECO:0000255"; CARBOHYD 4312; /note="N-linked (GlcNAc...) asparagine"; /evidence="ECO:0000255"	
Q9Y624	F11R JAM1 JCAM UNQ264/PRO301	CARBOHYD 185; /note="N-linked (GlcNAc...) asparagine"; /evidence="ECO:0000269|PubMed:19159218"	
P48023	FASLG APT1LG1 CD95L FASL TNFSF6	CARBOHYD 184; /note="N-linked (GlcNAc...) asparagine"; /evidence="ECO:0000255"; CARBOHYD 250; /note="N-linked (GlcNAc...) asparagine"; /evidence="ECO:0000255"; CARBOHYD 260; /note="N-linked (GlcNAc...) asparagine"; /evidence="ECO:0000255"	
P54762	EPHB1 ELK EPHT2 HEK6 NET	CARBOHYD 334; /note="N-linked (GlcNAc...) asparagine"; /evidence="ECO:0000255"; CARBOHYD 426; /note="N-linked (GlcNAc...) asparagine"; /evidence="ECO:0000255"; CARBOHYD 480; /note="N-linked (GlcNAc...) asparagine"; /evidence="ECO:0000255"	
P29320	EPHA3 ETK ETK1 HEK TYRO4	CARBOHYD 232; /note="N-linked (GlcNAc...) asparagine"; /evidence="ECO:0000255"; CARBOHYD 337; /note="N-linked (GlcNAc...) asparagine"; /evidence="ECO:0000255"; CARBOHYD 391; /note="N-linked (GlcNAc...) asparagine"; /evidence="ECO:0000255"; CARBOHYD 404; /note="N-linked (GlcNAc...) asparagine"; /evidence="ECO:0000255"; CARBOHYD 493; /note="N-linked (GlcNAc...) asparagine"; /evidence="ECO:0000255"	
P54756	EPHA5 BSK EHK1 HEK7 TYRO4	CARBOHYD 264; /note="N-linked (GlcNAc...) asparagine"; /evidence="ECO:0000255"; CARBOHYD 299; /note="N-linked (GlcNAc...) asparagine"; /evidence="ECO:0000255"; CARBOHYD 369; /note="N-linked (GlcNAc...) asparagine"; /evidence="ECO:0000255"; CARBOHYD 423; /note="N-linked (GlcNAc...) asparagine"; /evidence="ECO:0000255"; CARBOHYD 436; /note="N-linked (GlcNAc...) asparagine"; /evidence="ECO:0000255"; CARBOHYD 461; /note="N-linked (GlcNAc...) asparagine"; /evidence="ECO:0000255"	
P04626	ERBB2 HER2 MLN19 NEU NGL	CARBOHYD 68; /note="N-linked (GlcNAc...) asparagine"; /evidence="ECO:0000269|PubMed:20696930, ECO:0007744|PDB:2A91, ECO:0007744|PDB:3MZW"; CARBOHYD 124; /note="N-linked (GlcNAc...) asparagine"; /evidence="ECO:0000255"; CARBOHYD 187; /note="N-linked (GlcNAc...) asparagine"; /evidence="ECO:0000255, ECO:0007744|PDB:1N8Z, ECO:0007744|PDB:1S78, ECO:0007744|PDB:2A91, ECO:0007744|PDB:3N85"; CARBOHYD 259; /note="N-linked (GlcNAc...) asparagine"; /evidence="ECO:0000269|PubMed:15093539, ECO:0000269|PubMed:19299620, ECO:0000269|PubMed:20696930, ECO:0007744|PDB:1N8Z, ECO:0007744|PDB:1S78, ECO:0007744|PDB:2A91, ECO:0007744|PDB:3MZW, ECO:0007744|PDB:3N85"; CARBOHYD 530; /note="N-linked (GlcNAc...) asparagine"; /evidence="ECO:0000269|PubMed:15093539, ECO:0000269|PubMed:19299620, ECO:0007744|PDB:1S78"; CARBOHYD 571; /note="N-linked (GlcNAc...) asparagine"; /evidence="ECO:0000269|PubMed:20696930, ECO:0007744|PDB:3MZW"; CARBOHYD 629; /note="N-linked (GlcNAc...) asparagine"; /evidence="ECO:0000255"	
P29323	EPHB2 DRT EPHT3 EPTH3 ERK HEK5 TYRO5	CARBOHYD 265; /note="N-linked (GlcNAc...) asparagine"; /evidence="ECO:0000255"; CARBOHYD 336; /note="N-linked (GlcNAc...) asparagine"; /evidence="ECO:0000255"; CARBOHYD 428; /note="N-linked (GlcNAc...) asparagine"; /evidence="ECO:0000255"; CARBOHYD 482; /note="N-linked (GlcNAc...) asparagine"; /evidence="ECO:0000255"	
Q92914	FGF11 FHF3		
Q9HCT0	FGF22 UNQ2500/PRO5800		
O00144	FZD9 FZD3	CARBOHYD 53; /note="N-linked (GlcNAc...) asparagine"; /evidence="ECO:0000255"; CARBOHYD 158; /note="N-linked (GlcNAc...) asparagine"; /evidence="ECO:0000255"	
P01242	GH2	CARBOHYD 166; /note="N-linked (GlcNAc...) asparagine"; /evidence="ECO:0000255"	
O43915	VEGFD FIGF	CARBOHYD 155; /note="N-linked (GlcNAc...) asparagine"; /evidence="ECO:0000269|PubMed:21148085"; CARBOHYD 185; /note="N-linked (GlcNAc...) asparagine"; /evidence="ECO:0000269|PubMed:21148085"; CARBOHYD 287; /note="N-linked (GlcNAc...) asparagine"; /evidence="ECO:0000255"	
Q9UBC7	GALP		
P29033	GJB2		
P49771	FLT3LG	CARBOHYD 126; /note="N-linked (GlcNAc...) asparagine"; /evidence="ECO:0000255"; CARBOHYD 149; /note="N-linked (GlcNAc...) asparagine"; /evidence="ECO:0000255"	
Q8N158	GPC2	CARBOHYD 55; /note="O-linked (Xyl...) (heparan sulfate) serine"; /evidence="ECO:0000255"; CARBOHYD 92; /note="O-linked (Xyl...) (heparan sulfate) serine"; /evidence="ECO:0000255"; CARBOHYD 155; /note="O-linked (Xyl...) (heparan sulfate) serine"; /evidence="ECO:0000255"; CARBOHYD 500; /note="O-linked (Xyl...) (heparan sulfate) serine"; /evidence="ECO:0000255"; CARBOHYD 502; /note="O-linked (Xyl...) (heparan sulfate) serine"; /evidence="ECO:0000255"	LIPID 554; /note="GPI-anchor amidated glycine"; /evidence="ECO:0000255"
Q8IZ08	GPR135		
P07359	GP1BA	CARBOHYD 37; /note="N-linked (GlcNAc...) asparagine"; /evidence="ECO:0000269|PubMed:16263699, ECO:0000269|PubMed:3497398, ECO:0000269|PubMed:36740532"; CARBOHYD 175; /note="N-linked (GlcNAc...) asparagine"; /evidence="ECO:0000269|PubMed:3497398"; CARBOHYD 308; /note="O-linked (GalNAc...) threonine"; /evidence="ECO:0000269|PubMed:3497398, ECO:0000269|PubMed:36740532"; CARBOHYD 316; /note="O-linked (GalNAc...) threonine"; /evidence="ECO:0000269|PubMed:36740532"; CARBOHYD 320; /note="O-linked (GalNAc...) threonine"; /evidence="ECO:0000269|PubMed:36740532"; CARBOHYD 321; /note="O-linked (GalNAc...) threonine"; /evidence="ECO:0000269|PubMed:36740532"; CARBOHYD 328; /note="O-linked (GalNAc...) serine"; /evidence="ECO:0000269|PubMed:36740532"; CARBOHYD 331; /note="O-linked (GalNAc...) threonine"; /evidence="ECO:0000269|PubMed:36740532"; CARBOHYD 340; /note="O-linked (GalNAc...) serine"; /evidence="ECO:0000269|PubMed:36740532"; CARBOHYD 341; /note="O-linked (GalNAc...) serine"; /evidence="ECO:0000269|PubMed:36740532"; CARBOHYD 345; /note="O-linked (GalNAc...) threonine"; /evidence="ECO:0000269|PubMed:36740532"; CARBOHYD 353; /note="O-linked (GalNAc...) threonine"; /evidence="ECO:0000269|PubMed:36740532"; CARBOHYD 354; /note="O-linked (GalNAc...) threonine"; /evidence="ECO:0000269|PubMed:36740532"; CARBOHYD 360; /note="O-linked (GalNAc...) threonine"; /evidence="ECO:0000269|PubMed:36740532"; CARBOHYD 364; /note="O-linked (GalNAc...) threonine"; /evidence="ECO:0000269|PubMed:36740532"; CARBOHYD 369; /note="O-linked (GalNAc...) serine"; /evidence="ECO:0000269|PubMed:36740532"; CARBOHYD 371; /note="O-linked (GalNAc...) threonine"; /evidence="ECO:0000269|PubMed:36740532"; CARBOHYD 373; /note="O-linked (GalNAc...) serine"; /evidence="ECO:0000269|PubMed:36740532"; CARBOHYD 379; /note="O-linked (GalNAc...) threonine"; /evidence="ECO:0000269|PubMed:36740532"; CARBOHYD 380; /note="O-linked (GalNAc...) threonine"; /evidence="ECO:0000269|PubMed:36740532"; CARBOHYD 383; /note="O-linked (GalNAc...) threonine"; /evidence="ECO:0000269|PubMed:36740532"; CARBOHYD 385; /note="O-linked (GalNAc...) serine"; /evidence="ECO:0000269|PubMed:36740532"; CARBOHYD 387; /note="O-linked (GalNAc...) threonine"; /evidence="ECO:0000269|PubMed:36740532"; CARBOHYD 388; /note="O-linked (GalNAc...) threonine"; /evidence="ECO:0000269|PubMed:36740532"; CARBOHYD 389; /note="O-linked (GalNAc...) serine"; /evidence="ECO:0000269|PubMed:36740532"; CARBOHYD 400; /note="O-linked (GalNAc...) threonine"; /evidence="ECO:0000269|PubMed:36740532"; CARBOHYD 401; /note="O-linked (GalNAc...) threonine"; /evidence="ECO:0000269|PubMed:36740532"; CARBOHYD 405; /note="O-linked (GalNAc...) threonine"; /evidence="ECO:0000269|PubMed:36740532"; CARBOHYD 453; /note="O-linked (GalNAc...) threonine"; /evidence="ECO:0000269|PubMed:36740532"; CARBOHYD 457; /note="O-linked (GalNAc...) threonine"; /evidence="ECO:0000269|PubMed:36740532"; CARBOHYD 460; /note="O-linked (GalNAc...) threonine"; /evidence="ECO:0000269|PubMed:36740532"; CARBOHYD 461; /note="O-linked (GalNAc...) serine"; /evidence="ECO:0000269|PubMed:36740532"; CARBOHYD 463; /note="O-linked (GalNAc...) threonine"; /evidence="ECO:0000269|PubMed:36740532"; CARBOHYD 467; /note="O-linked (GalNAc...) serine"; /evidence="ECO:0000269|PubMed:36740532"; CARBOHYD 469; /note="O-linked (GalNAc...) threonine"; /evidence="ECO:0000269|PubMed:36740532"; CARBOHYD 473; /note="O-linked (GalNAc...) threonine"; /evidence="ECO:0000269|PubMed:36740532"; CARBOHYD 477; /note="O-linked (GalNAc...) threonine"; /evidence="ECO:0000269|PubMed:36740532"; CARBOHYD 480; /note="O-linked (GalNAc...) threonine"; /evidence="ECO:0000269|PubMed:36740532"; CARBOHYD 481; /note="O-linked (GalNAc...) threonine"; /evidence="ECO:0000269|PubMed:36740532"; CARBOHYD 482; /note="O-linked (GalNAc...) threonine"; /evidence="ECO:0000269|PubMed:36740532"; CARBOHYD 486; /note="O-linked (GalNAc...) serine"; /evidence="ECO:0000269|PubMed:36740532"; CARBOHYD 490; /note="O-linked (GalNAc...) serine"; /evidence="ECO:0000269|PubMed:36740532"; CARBOHYD 491; /note="O-linked (GalNAc...) threonine"; /evidence="ECO:0000269|PubMed:36740532"; CARBOHYD 494; /note="O-linked (GalNAc...) threonine"; /evidence="ECO:0000269|PubMed:36740532"	
P21462	FPR1	CARBOHYD 4; /note="N-linked (GlcNAc...) asparagine"; /evidence="ECO:0000255"; CARBOHYD 10; /note="N-linked (GlcNAc...) asparagine"; /evidence="ECO:0000255"	
O60755	GALR3 GALNR3	CARBOHYD 6; /note="N-linked (GlcNAc...) asparagine"; /evidence="ECO:0000255"	LIPID 308; /note="S-palmitoyl cysteine"; /evidence="ECO:0000250"
P48546	GIPR	CARBOHYD 62; /note="N-linked (GlcNAc...) asparagine"; /evidence="ECO:0000269|PubMed:22412906"; CARBOHYD 77; /note="N-linked (GlcNAc...) asparagine"; /evidence="ECO:0000269|PubMed:22412906"	
P01225	FSHB	CARBOHYD 25; /note="N-linked (GlcNAc...) asparagine"; /evidence="ECO:0000269|PubMed:15662415, ECO:0000269|PubMed:4835136, ECO:0007744|PDB:4MQW"; CARBOHYD 42; /note="N-linked (GlcNAc...) asparagine"; /evidence="ECO:0000269|PubMed:15662415, ECO:0000269|PubMed:4835136, ECO:0007744|PDB:4MQW"	
P01241	GH1		
P01350	GAST GAS		
Q9H461	FZD8	CARBOHYD 49; /note="N-linked (GlcNAc...) asparagine"; /evidence="ECO:0000255"; CARBOHYD 152; /note="N-linked (GlcNAc...) asparagine"; /evidence="ECO:0000255"; CARBOHYD 475; /note="N-linked (GlcNAc...) asparagine"; /evidence="ECO:0000255"	
P43220	GLP1R	CARBOHYD 63; /note="N-linked (GlcNAc...) asparagine"; /evidence="ECO:0000269|PubMed:22412906"; CARBOHYD 82; /note="N-linked (GlcNAc...) asparagine"; /evidence="ECO:0000269|PubMed:22412906"; CARBOHYD 115; /note="N-linked (GlcNAc...) asparagine"; /evidence="ECO:0000269|PubMed:22412906"	
O75084	FZD7	CARBOHYD 63; /note="N-linked (GlcNAc...) asparagine"; /evidence="ECO:0000255"; CARBOHYD 164; /note="N-linked (GlcNAc...) asparagine"; /evidence="ECO:0000255"	
O15354	GPR37	CARBOHYD 36; /note="N-linked (GlcNAc...) asparagine"; /evidence="ECO:0000255"; CARBOHYD 222; /note="N-linked (GlcNAc...) asparagine"; /evidence="ECO:0000255"; CARBOHYD 239; /note="N-linked (GlcNAc...) asparagine"; /evidence="ECO:0000255"	
O43194	GPR39	CARBOHYD 192; /note="N-linked (GlcNAc...) asparagine"; /evidence="ECO:0000255"; CARBOHYD 206; /note="N-linked (GlcNAc...) asparagine"; /evidence="ECO:0000255"; CARBOHYD 212; /note="N-linked (GlcNAc...) asparagine"; /evidence="ECO:0000255"	
O60353	FZD6	CARBOHYD 38; /note="N-linked (GlcNAc...) asparagine"; /evidence="ECO:0000255"; CARBOHYD 352; /note="N-linked (GlcNAc...) asparagine"; /evidence="ECO:0000255"	
Q14332	FZD2	CARBOHYD 53; /note="N-linked (GlcNAc...) asparagine"; /evidence="ECO:0000269|PubMed:29748286, ECO:0007744|PDB:6C0B"; CARBOHYD 154; /note="N-linked (GlcNAc...) asparagine"; /evidence="ECO:0000255"	
Q9UP38	FZD1	CARBOHYD 130; /note="N-linked (GlcNAc...) asparagine"; /evidence="ECO:0000255"; CARBOHYD 231; /note="N-linked (GlcNAc...) asparagine"; /evidence="ECO:0000255"	
P13224	GP1BB	CARBOHYD 66; /note="N-linked (GlcNAc...) asparagine"; /evidence="ECO:0000269|PubMed:21908432, ECO:0000269|PubMed:3353370"	
Q9ULV1	FZD4	CARBOHYD 59; /note="N-linked (GlcNAc...) asparagine"; /evidence="ECO:0000255"; CARBOHYD 144; /note="N-linked (GlcNAc...) asparagine"; /evidence="ECO:0000255"	
Q9ULW2	FZD10	CARBOHYD 48; /note="N-linked (GlcNAc...) asparagine"; /evidence="ECO:0000255"; CARBOHYD 153; /note="N-linked (GlcNAc...) asparagine"; /evidence="ECO:0000255"; CARBOHYD 485; /note="N-linked (GlcNAc...) asparagine"; /evidence="ECO:0000255"	
P01275	GCG		
P31371	FGF9	CARBOHYD 79; /note="N-linked (GlcNAc...) asparagine"	
Q8IV16	GPIHBP1 HBP1	CARBOHYD 78; /note="N-linked (GlcNAc...) asparagine"; /evidence="ECO:0000269|PubMed:29899144, ECO:0000269|PubMed:30559189, ECO:0007744|PDB:6E7K"	LIPID 151; /note="GPI-anchor amidated glycine"; /evidence="ECO:0000250|UniProtKB:Q9D1N2"
P14770	GP9	CARBOHYD 60; /note="N-linked (GlcNAc...) asparagine"; /evidence="ECO:0000255"	
P39905	GDNF	CARBOHYD 126; /note="N-linked (GlcNAc...) asparagine"; /evidence="ECO:0000269|PubMed:19478429, ECO:0000269|PubMed:25242331, ECO:0007744|PDB:4UX8"; CARBOHYD 162; /note="N-linked (GlcNAc...) asparagine"; /evidence="ECO:0000255"	
Q92847	GHSR	CARBOHYD 13; /note="N-linked (GlcNAc...) asparagine"; /evidence="ECO:0000255"; CARBOHYD 27; /note="N-linked (GlcNAc...) asparagine"; /evidence="ECO:0000255"	
Q02643	GHRHR	CARBOHYD 50; /note="N-linked (GlcNAc...) asparagine"; /evidence="ECO:0000255"	
P47871	GCGR	CARBOHYD 46; /note="N-linked (GlcNAc...) asparagine"; /evidence="ECO:0000269|PubMed:28514451"; CARBOHYD 59; /note="N-linked (GlcNAc...) asparagine"; /evidence="ECO:0000269|PubMed:28514451"; CARBOHYD 74; /note="N-linked (GlcNAc...) asparagine"; /evidence="ECO:0000269|PubMed:22908259, ECO:0000269|PubMed:28514451, ECO:0007744|PDB:4ERS"; CARBOHYD 78; /note="N-linked (GlcNAc...) asparagine"; /evidence="ECO:0000269|PubMed:22908259, ECO:0000269|PubMed:28514451, ECO:0007744|PDB:4ERS"	
P16520	GNB3		
P35052	GPC1	CARBOHYD 79; /note="N-linked (GlcNAc...) asparagine"; /evidence="ECO:0000269|PubMed:21932778, ECO:0000269|PubMed:22351761"; CARBOHYD 116; /note="N-linked (GlcNAc...) asparagine"; /evidence="ECO:0000269|PubMed:2148568, ECO:0000269|PubMed:21932778, ECO:0000269|PubMed:22351761"; CARBOHYD 486; /note="O-linked (Xyl...) (heparan sulfate) serine"; /evidence="ECO:0000305"; CARBOHYD 488; /note="O-linked (Xyl...) (heparan sulfate) serine"; /evidence="ECO:0000305"; CARBOHYD 490; /note="O-linked (Xyl...) (heparan sulfate) serine"; /evidence="ECO:0000305"	LIPID 530; /note="GPI-anchor amidated serine"; /evidence="ECO:0000305|PubMed:2148568"
Q9NPG1	FZD3	CARBOHYD 42; /note="N-linked (GlcNAc...) asparagine"; /evidence="ECO:0000255"; CARBOHYD 265; /note="N-linked (GlcNAc...) asparagine"; /evidence="ECO:0000255"; CARBOHYD 356; /note="N-linked (GlcNAc...) asparagine"; /evidence="ECO:0000255"	
P25089	FPR3 FPRL2	CARBOHYD 4; /note="N-linked (GlcNAc...) asparagine"; /evidence="ECO:0000255"; CARBOHYD 10; /note="N-linked (GlcNAc...) asparagine"; /evidence="ECO:0000255"	
O60383	GDF9	CARBOHYD 106; /note="N-linked (GlcNAc...) asparagine"; /evidence="ECO:0000255"; CARBOHYD 163; /note="N-linked (GlcNAc...) asparagine"; /evidence="ECO:0000255"; CARBOHYD 236; /note="N-linked (GlcNAc...) asparagine"; /evidence="ECO:0000255"; CARBOHYD 255; /note="N-linked (GlcNAc...) asparagine"; /evidence="ECO:0000255"; CARBOHYD 268; /note="N-linked (GlcNAc...) asparagine"; /evidence="ECO:0000255"; CARBOHYD 338; /note="N-linked (GlcNAc...) asparagine"; /evidence="ECO:0000255"	
P19883	FST	CARBOHYD 124; /note="N-linked (GlcNAc...) asparagine"; /evidence="ECO:0000255"; CARBOHYD 288; /note="N-linked (GlcNAc...) asparagine"; /evidence="ECO:0000255"	
Q9GZZ7	GFRA4	CARBOHYD 208; /note="N-linked (GlcNAc...) asparagine"; /evidence="ECO:0000255"	LIPID 278; /note="GPI-anchor amidated glycine"; /evidence="ECO:0000255"
Q9UK05	GDF2 BMP9	CARBOHYD 71; /note="N-linked (GlcNAc...) asparagine"; /evidence="ECO:0000255"; CARBOHYD 136; /note="N-linked (GlcNAc...) asparagine"; /evidence="ECO:0000255"	
P78333	GPC5	CARBOHYD 120; /note="N-linked (GlcNAc...) asparagine"; /evidence="ECO:0000255"; CARBOHYD 237; /note="N-linked (GlcNAc...) asparagine"; /evidence="ECO:0000255"; CARBOHYD 441; /note="O-linked (Xyl...) (glycosaminoglycan) serine"; /evidence="ECO:0000255"; CARBOHYD 486; /note="O-linked (Xyl...) (glycosaminoglycan) serine"; /evidence="ECO:0000255"; CARBOHYD 495; /note="O-linked (Xyl...) (glycosaminoglycan) serine"; /evidence="ECO:0000255"; CARBOHYD 507; /note="O-linked (Xyl...) (glycosaminoglycan) serine"; /evidence="ECO:0000255"; CARBOHYD 509; /note="O-linked (Xyl...) (glycosaminoglycan) serine"; /evidence="ECO:0000255"; CARBOHYD 527; /note="N-linked (GlcNAc...) asparagine"; /evidence="ECO:0000255"	
P01286	GHRH GHRF		
P30968	GNRHR GRHR	CARBOHYD 18; /note="N-linked (GlcNAc...) asparagine"; /evidence="ECO:0000255"; CARBOHYD 102; /note="N-linked (GlcNAc...) asparagine"; /evidence="ECO:0000255"	
P10912	GHR	CARBOHYD 46; /note="N-linked (GlcNAc...) asparagine"; /evidence="ECO:0000255"; CARBOHYD 115; /note="N-linked (GlcNAc...) asparagine"; /evidence="ECO:0000255"; CARBOHYD 156; /note="N-linked (GlcNAc...) asparagine"; /evidence="ECO:0000255"; CARBOHYD 161; /note="N-linked (GlcNAc...) asparagine"; /evidence="ECO:0000255"; CARBOHYD 200; /note="N-linked (GlcNAc...) asparagine"; /evidence="ECO:0000255"	
P06744	GPI		
P55107	GDF10 BMP3B	CARBOHYD 118; /note="N-linked (GlcNAc...) asparagine"; /evidence="ECO:0000255"; CARBOHYD 156; /note="N-linked (GlcNAc...) asparagine"; /evidence="ECO:0000255"; CARBOHYD 281; /note="N-linked (GlcNAc...) asparagine"; /evidence="ECO:0000255"; CARBOHYD 469; /note="N-linked (GlcNAc...) asparagine"; /evidence="ECO:0000255"	
O95390	GDF11 BMP11	CARBOHYD 94; /note="N-linked (GlcNAc...) asparagine"; /evidence="ECO:0000255"	
Q13467	FZD5 C2orf31	CARBOHYD 47; /note="N-linked (GlcNAc...) asparagine"; /evidence="ECO:0000269|PubMed:28377511, ECO:0007744|PDB:5URY, ECO:0007744|PDB:5URZ"; CARBOHYD 151; /note="N-linked (GlcNAc...) asparagine"; /evidence="ECO:0000255"	
P04899	GNAI2 GNAI2B		LIPID 2; /note="N-myristoyl glycine"; /evidence="ECO:0000269|PubMed:22223895, ECO:0000269|PubMed:25255805, ECO:0000269|PubMed:25807930"; LIPID 3; /note="S-palmitoyl cysteine"; /evidence="ECO:0000250"
O60883	GPR37L1 ETBRLP2	CARBOHYD 79; /note="O-linked (GalNAc...) threonine"; /evidence="ECO:0000269|PubMed:23234360"; CARBOHYD 85; /note="O-linked (GalNAc...) threonine"; /evidence="ECO:0000269|PubMed:23234360"; CARBOHYD 86; /note="O-linked (GalNAc...) serine"; /evidence="ECO:0000269|PubMed:23234360"; CARBOHYD 95; /note="O-linked (GalNAc...) threonine"; /evidence="ECO:0000269|PubMed:23234360"; CARBOHYD 105; /note="N-linked (GlcNAc...) asparagine"; /evidence="ECO:0000255"; CARBOHYD 107; /note="O-linked (GalNAc...) threonine"; /evidence="ECO:0000269|PubMed:23234360"	
P51654	GPC3 OCI5	CARBOHYD 124; /note="N-linked (GlcNAc...) asparagine"; /evidence="ECO:0000269|PubMed:29345911"; CARBOHYD 241; /note="N-linked (GlcNAc...) asparagine"; /evidence="ECO:0000269|PubMed:29345911"; CARBOHYD 418; /note="N-linked (GlcNAc...) asparagine"; /evidence="ECO:0000269|PubMed:29345911"; CARBOHYD 495; /note="O-linked (Xyl...) (glycosaminoglycan) serine"; /evidence="ECO:0000255"; CARBOHYD 509; /note="O-linked (Xyl...) (glycosaminoglycan) serine"; /evidence="ECO:0000255"	LIPID 554; /note="GPI-anchor amidated asparagine"; /evidence="ECO:0000255"
P02679	FGG PRO2061	CARBOHYD 78; /note="N-linked (GlcNAc...) (complex) asparagine"; /evidence="ECO:0000269|PubMed:14760718, ECO:0000269|PubMed:16263699, ECO:0000269|PubMed:16335952, ECO:0000269|PubMed:18780401, ECO:0000269|PubMed:19139490, ECO:0000269|PubMed:19159218"; CARBOHYD 334; /note="N-linked (GlcNAc...) asparagine; in variant Asahi"	
Q96T91	GPHA2 GPA2 ZSIG51	CARBOHYD 37; /note="N-linked (GlcNAc...) asparagine"; /evidence="ECO:0000255"; CARBOHYD 81; /note="N-linked (GlcNAc...) asparagine"; /evidence="ECO:0000255"	
P46091	CMKLR2 GPR1	CARBOHYD 14; /note="N-linked (GlcNAc...) asparagine"; /evidence="ECO:0000255"	
Q14393	GAS6 AXLLG	CARBOHYD 420; /note="N-linked (GlcNAc...) asparagine"; /evidence="ECO:0000269|PubMed:16362042"	
P84996	GNAS GNAS1		
Q5JWF2	GNAS GNAS1		
Q6KF10	GDF6 BMP13 GDF16	CARBOHYD 114; /note="N-linked (GlcNAc...) asparagine"; /evidence="ECO:0000255"	
P35916	FLT4 VEGFR3	CARBOHYD 33; /note="N-linked (GlcNAc...) asparagine"; /evidence="ECO:0000269|PubMed:23878260, ECO:0007744|PDB:4BSK"; CARBOHYD 104; /note="N-linked (GlcNAc...) asparagine"; /evidence="ECO:0000269|PubMed:23878260, ECO:0007744|PDB:4BSK"; CARBOHYD 166; /note="N-linked (GlcNAc...) asparagine"; /evidence="ECO:0000255"; CARBOHYD 251; /note="N-linked (GlcNAc...) asparagine"; /evidence="ECO:0000255"; CARBOHYD 299; /note="N-linked (GlcNAc...) asparagine"; /evidence="ECO:0000255"; CARBOHYD 411; /note="N-linked (GlcNAc...) asparagine"; /evidence="ECO:0000269|PubMed:23878260, ECO:0007744|PDB:4BSK"; CARBOHYD 515; /note="N-linked (GlcNAc...) asparagine"; /evidence="ECO:0000269|PubMed:23878260, ECO:0007744|PDB:4BSK"; CARBOHYD 527; /note="N-linked (GlcNAc...) asparagine"; /evidence="ECO:0000269|PubMed:16335952"; CARBOHYD 594; /note="N-linked (GlcNAc...) asparagine"; /evidence="ECO:0000255"; CARBOHYD 683; /note="N-linked (GlcNAc...) asparagine"; /evidence="ECO:0000255"; CARBOHYD 690; /note="N-linked (GlcNAc...) asparagine"; /evidence="ECO:0000255"; CARBOHYD 758; /note="N-linked (GlcNAc...) asparagine"; /evidence="ECO:0000255"	
P09681	GIP		
O43603	GALR2 GALNR2	CARBOHYD 2; /note="N-linked (GlcNAc...) asparagine"; /evidence="ECO:0000255"; CARBOHYD 11; /note="N-linked (GlcNAc...) asparagine"; /evidence="ECO:0000255"	
Q08830	FGL1 HFREP1		
O95467	GNAS GNAS1		
P23945	FSHR LGR1	CARBOHYD 191; /note="N-linked (GlcNAc...) asparagine"; /evidence="ECO:0000269|PubMed:15662415, ECO:0000269|PubMed:24692546, ECO:0000269|PubMed:36720854, ECO:0007744|PDB:4MQW"; CARBOHYD 199; /note="N-linked (GlcNAc...) asparagine"; /evidence="ECO:0000255"; CARBOHYD 293; /note="N-linked (GlcNAc...) asparagine"; /evidence="ECO:0000250"; CARBOHYD 318; /note="N-linked (GlcNAc...) asparagine"; /evidence="ECO:0000255"	
Q9H0Q3	FXYD6 UNQ521/PRO1056		
O15218	ACKR5 ADMR GPR182	CARBOHYD 28; /note="N-linked (GlcNAc...) asparagine"; /evidence="ECO:0000255"; CARBOHYD 37; /note="N-linked (GlcNAc...) asparagine"; /evidence="ECO:0000255"	
P02751	FN1 FN	CARBOHYD 279; /note="O-linked (GalNAc...) threonine"; /evidence="ECO:0000269|PubMed:16037490"; CARBOHYD 430; /note="N-linked (GlcNAc...) asparagine"; /evidence="ECO:0000269|PubMed:11285216, ECO:0000269|PubMed:16037490, ECO:0000269|PubMed:16335952"; CARBOHYD 528; /note="N-linked (GlcNAc...) (complex) asparagine"; /evidence="ECO:0000269|PubMed:14760718, ECO:0000269|PubMed:16037490, ECO:0000269|PubMed:16335952, ECO:0000269|PubMed:19139490, ECO:0000269|PubMed:19159218"; CARBOHYD 542; /note="N-linked (GlcNAc...) (complex) asparagine"; /evidence="ECO:0000269|PubMed:16037490, ECO:0000269|PubMed:16335952, ECO:0000269|PubMed:19139490"; CARBOHYD 877; /note="N-linked (GlcNAc...) asparagine"; /evidence="ECO:0000269|PubMed:16037490, ECO:0000269|PubMed:17614963"; CARBOHYD 1007; /note="N-linked (GlcNAc...) (complex) asparagine"; /evidence="ECO:0000269|PubMed:16037490, ECO:0000269|PubMed:16335952, ECO:0000269|PubMed:19139490, ECO:0000269|PubMed:19159218"; CARBOHYD 1244; /note="N-linked (GlcNAc...) asparagine"; /evidence="ECO:0000269|PubMed:16037490, ECO:0000269|PubMed:16335952"; CARBOHYD 2199; /note="N-linked (GlcNAc...) asparagine"; /evidence="ECO:0000269|PubMed:16037490"	
Q8TDV0	GPR151 GALR4 GALRL PGR7	CARBOHYD 10; /note="N-linked (GlcNAc...) asparagine"; /evidence="ECO:0000255"; CARBOHYD 15; /note="N-linked (GlcNAc...) asparagine"; /evidence="ECO:0000255"	
O75487	GPC4 UNQ474/PRO937	CARBOHYD 494; /note="O-linked (Xyl...) (glycosaminoglycan) serine"; /evidence="ECO:0000255"; CARBOHYD 498; /note="O-linked (Xyl...) (glycosaminoglycan) serine"; /evidence="ECO:0000255"; CARBOHYD 500; /note="O-linked (Xyl...) (glycosaminoglycan) serine"; /evidence="ECO:0000255"; CARBOHYD 514; /note="N-linked (GlcNAc...) asparagine"; /evidence="ECO:0000255"	LIPID 529; /note="GPI-anchor amidated serine"; /evidence="ECO:0000255"
P43026	GDF5 BMP14 CDMP1	CARBOHYD 189; /note="N-linked (GlcNAc...) asparagine"; /evidence="ECO:0000255"	
P22607	FGFR3 JTK4	CARBOHYD 98; /note="N-linked (GlcNAc...) asparagine"; /evidence="ECO:0000255"; CARBOHYD 225; /note="N-linked (GlcNAc...) asparagine"; /evidence="ECO:0000255"; CARBOHYD 262; /note="N-linked (GlcNAc...) asparagine"; /evidence="ECO:0000255"; CARBOHYD 294; /note="N-linked (GlcNAc...) asparagine"; /evidence="ECO:0000255"; CARBOHYD 315; /note="N-linked (GlcNAc...) asparagine"; /evidence="ECO:0000255"; CARBOHYD 328; /note="N-linked (GlcNAc...) asparagine"; /evidence="ECO:0000255"	
Q8N6F7	GCSAM GAL GCET2		
O75899	GABBR2 GPR51 GPRC3B	CARBOHYD 90; /note="N-linked (GlcNAc...) asparagine"; /evidence="ECO:0000269|PubMed:22660477"; CARBOHYD 298; /note="N-linked (GlcNAc...) asparagine"; /evidence="ECO:0000255"; CARBOHYD 389; /note="N-linked (GlcNAc...) asparagine"; /evidence="ECO:0000269|PubMed:22660477"; CARBOHYD 404; /note="N-linked (GlcNAc...) asparagine"; /evidence="ECO:0000269|PubMed:22660477, ECO:0000269|PubMed:24305054"; CARBOHYD 453; /note="N-linked (GlcNAc...) asparagine"; /evidence="ECO:0000269|PubMed:22660477"	
P47211	GALR1 GALNR GALNR1	CARBOHYD 7; /note="N-linked (GlcNAc...) asparagine"; /evidence="ECO:0000255"; CARBOHYD 12; /note="N-linked (GlcNAc...) asparagine"; /evidence="ECO:0000255"; CARBOHYD 183; /note="N-linked (GlcNAc...) asparagine"; /evidence="ECO:0000255"	LIPID 320; /note="S-palmitoyl cysteine"; /evidence="ECO:0000250"
O60609	GFRA3 UNQ339/PRO538/PRO3664	CARBOHYD 95; /note="N-linked (GlcNAc...) asparagine"; /evidence="ECO:0000255"; CARBOHYD 148; /note="N-linked (GlcNAc...) asparagine"; /evidence="ECO:0000255"; CARBOHYD 309; /note="N-linked (GlcNAc...) asparagine"; /evidence="ECO:0000269|PubMed:16765900, ECO:0007744|PDB:2GH0"	LIPID 374; /note="GPI-anchor amidated asparagine"; /evidence="ECO:0000255"
P22455	FGFR4 JTK2 TKF	CARBOHYD 112; /note="N-linked (GlcNAc...) asparagine"; /evidence="ECO:0000255"; CARBOHYD 258; /note="N-linked (GlcNAc...) asparagine"; /evidence="ECO:0000255"; CARBOHYD 290; /note="N-linked (GlcNAc...) asparagine"; /evidence="ECO:0000255"; CARBOHYD 311; /note="N-linked (GlcNAc...) asparagine"; /evidence="ECO:0000255"; CARBOHYD 322; /note="N-linked (GlcNAc...) asparagine"; /evidence="ECO:0000255"	
P63092	GNAS GNAS1 GSP		LIPID 2; /note="N-palmitoyl glycine"; /evidence="ECO:0000250|UniProtKB:P04896"; LIPID 3; /note="S-palmitoyl cysteine"; /evidence="ECO:0000269|PubMed:21044946, ECO:0000305|PubMed:12135370"
P25090	FPR2 FPRH1 FPRL1 LXA4R	CARBOHYD 4; /note="N-linked (GlcNAc...) asparagine"; /evidence="ECO:0000255"	
P01148	GNRH1 GNRH GRH LHRH		
Q9UBU3	GHRL MTLRP UNQ524/PRO1066		LIPID 26; /note="O-decanoyl serine; alternate"; /evidence="ECO:0000269|PubMed:10604470, ECO:0000269|PubMed:12414809"; LIPID 26; /note="O-hexanoyl serine; alternate"; /evidence="ECO:0000250|UniProtKB:Q9EQX0"; LIPID 26; /note="O-octanoyl serine; alternate"; /evidence="ECO:0000269|PubMed:10604470, ECO:0000269|PubMed:12414809, ECO:0000269|PubMed:18443287"
P56159	GFRA1 GDNFRA RETL1 TRNR1	CARBOHYD 59; /note="N-linked (GlcNAc...) asparagine"; /evidence="ECO:0000255"; CARBOHYD 347; /note="N-linked (GlcNAc...) asparagine"; /evidence="ECO:0000255"; CARBOHYD 406; /note="N-linked (GlcNAc...) asparagine"; /evidence="ECO:0000255"	LIPID 429; /note="GPI-anchor amidated serine"; /evidence="ECO:0000255"
O00451	GFRA2 GDNFRB RETL2 TRNR2	CARBOHYD 52; /note="N-linked (GlcNAc...) asparagine"; /evidence="ECO:0000255"; CARBOHYD 357; /note="N-linked (GlcNAc...) asparagine"; /evidence="ECO:0000255"; CARBOHYD 413; /note="N-linked (GlcNAc...) asparagine"; /evidence="ECO:0000255"	LIPID 444; /note="GPI-anchor amidated serine"; /evidence="ECO:0000255"
P36888	FLT3 CD135 FLK2 STK1	CARBOHYD 43; /note="N-linked (GlcNAc...) asparagine"; /evidence="ECO:0000269|PubMed:21389326"; CARBOHYD 100; /note="N-linked (GlcNAc...) asparagine"; /evidence="ECO:0000269|PubMed:21389326"; CARBOHYD 151; /note="N-linked (GlcNAc...) asparagine"; /evidence="ECO:0000269|PubMed:21389326"; CARBOHYD 306; /note="N-linked (GlcNAc...) asparagine"; /evidence="ECO:0000269|PubMed:21389326"; CARBOHYD 323; /note="N-linked (GlcNAc...) asparagine"; /evidence="ECO:0000269|PubMed:21389326"; CARBOHYD 351; /note="N-linked (GlcNAc...) asparagine"; /evidence="ECO:0000269|PubMed:21389326"; CARBOHYD 354; /note="N-linked (GlcNAc...) asparagine"; /evidence="ECO:0000269|PubMed:21389326"; CARBOHYD 473; /note="N-linked (GlcNAc...) asparagine"; CARBOHYD 502; /note="N-linked (GlcNAc...) asparagine"; CARBOHYD 541; /note="N-linked (GlcNAc...) asparagine"; /evidence="ECO:0000255"	
P22466	GAL GAL1 GALN GLNN		
P17948	FLT1 FLT FRT VEGFR1	CARBOHYD 100; /note="N-linked (GlcNAc...) asparagine"; /evidence="ECO:0000255"; CARBOHYD 164; /note="N-linked (GlcNAc...) asparagine"; /evidence="ECO:0000255"; CARBOHYD 196; /note="N-linked (GlcNAc...) asparagine"; /evidence="ECO:0000255"; CARBOHYD 251; /note="N-linked (GlcNAc...) asparagine"; /evidence="ECO:0000255"; CARBOHYD 323; /note="N-linked (GlcNAc...) asparagine"; /evidence="ECO:0000255"; CARBOHYD 402; /note="N-linked (GlcNAc...) asparagine"; /evidence="ECO:0000255"; CARBOHYD 417; /note="N-linked (GlcNAc...) asparagine"; /evidence="ECO:0000255"; CARBOHYD 474; /note="N-linked (GlcNAc...) asparagine"; /evidence="ECO:0000255"; CARBOHYD 547; /note="N-linked (GlcNAc...) asparagine"; /evidence="ECO:0000255"; CARBOHYD 597; /note="N-linked (GlcNAc...) asparagine"; /evidence="ECO:0000255"; CARBOHYD 620; /note="N-linked (GlcNAc...) asparagine"; /evidence="ECO:0000255"; CARBOHYD 625; /note="N-linked (GlcNAc...) asparagine"; /evidence="ECO:0000255"; CARBOHYD 666; /note="N-linked (GlcNAc...) asparagine"; /evidence="ECO:0000255"	
Q8N441	FGFRL1 FGFR5 FHFR UNQ480/PRO943	CARBOHYD 111; /note="N-linked (GlcNAc...) asparagine"; /evidence="ECO:0000255"; CARBOHYD 231; /note="N-linked (GlcNAc...) asparagine"; /evidence="ECO:0000255"; CARBOHYD 255; /note="N-linked (GlcNAc...) asparagine"; /evidence="ECO:0000255"; CARBOHYD 293; /note="N-linked (GlcNAc...) asparagine"; /evidence="ECO:0000255"	
P21802	FGFR2 BEK KGFR KSAM	CARBOHYD 83; /note="N-linked (GlcNAc...) asparagine"; /evidence="ECO:0000255"; CARBOHYD 123; /note="N-linked (GlcNAc...) asparagine"; /evidence="ECO:0000255"; CARBOHYD 228; /note="N-linked (GlcNAc...) asparagine"; /evidence="ECO:0000255"; CARBOHYD 241; /note="N-linked (GlcNAc...) asparagine"; /evidence="ECO:0000255"; CARBOHYD 265; /note="N-linked (GlcNAc...) asparagine"; /evidence="ECO:0000255"; CARBOHYD 297; /note="N-linked (GlcNAc...) asparagine"; /evidence="ECO:0000255"; CARBOHYD 318; /note="N-linked (GlcNAc...) asparagine"; /evidence="ECO:0000255"; CARBOHYD 331; /note="N-linked (GlcNAc...) asparagine"; /evidence="ECO:0000255"	
P11362	FGFR1 BFGFR CEK FGFBR FLG FLT2 HBGFR	CARBOHYD 77; /note="N-linked (GlcNAc...) asparagine"; /evidence="ECO:0000255"; CARBOHYD 117; /note="N-linked (GlcNAc...) asparagine"; /evidence="ECO:0000255"; CARBOHYD 227; /note="N-linked (GlcNAc...) asparagine"; /evidence="ECO:0000255"; CARBOHYD 240; /note="N-linked (GlcNAc...) asparagine"; /evidence="ECO:0000255"; CARBOHYD 264; /note="N-linked (GlcNAc...) asparagine"; /evidence="ECO:0000255"; CARBOHYD 296; /note="N-linked (GlcNAc...) asparagine"; /evidence="ECO:0000269|PubMed:16335952"; CARBOHYD 317; /note="N-linked (GlcNAc...) asparagine"; /evidence="ECO:0000255"; CARBOHYD 330; /note="N-linked (GlcNAc...) asparagine"; /evidence="ECO:0000255"	
O43555	GNRH2		
Q7Z4P5	GDF7	CARBOHYD 83; /note="N-linked (GlcNAc...) asparagine"; /evidence="ECO:0000255"	
O95838	GLP2R	CARBOHYD 97; /note="N-linked (GlcNAc...) asparagine"; /evidence="ECO:0000255"; CARBOHYD 113; /note="N-linked (GlcNAc...) asparagine"; /evidence="ECO:0000255"; CARBOHYD 148; /note="N-linked (GlcNAc...) asparagine"; /evidence="ECO:0000255"; CARBOHYD 162; /note="N-linked (GlcNAc...) asparagine"; /evidence="ECO:0000255"	
Q16538	GPR162 GRCA	CARBOHYD 86; /note="N-linked (GlcNAc...) asparagine"; /evidence="ECO:0000255"	
Q5U4N7	GDF5-AS1 GDF5OS		
P10321	HLA-C HLAC	CARBOHYD 110; /note="N-linked (GlcNAc...) asparagine"; /evidence="ECO:0000269|PubMed:19159218"	
P05014	IFNA4		
P13747	HLA-E HLA-6.2 HLAE	CARBOHYD 107; /note="N-linked (GlcNAc...) asparagine"; /evidence="ECO:0000269|PubMed:19349973"	
P04439	HLA-A HLAA	CARBOHYD 110; /note="N-linked (GlcNAc...) asparagine"; /evidence="ECO:0000269|PubMed:19159218"	
P30511	HLA-F HLA-5.4 HLAF	CARBOHYD 107; /note="N-linked (GlcNAc...) asparagine"; /evidence="ECO:0000250"	
P01889	HLA-B HLAB	CARBOHYD 110; /note="N-linked (GlcNAc...) asparagine"; /evidence="ECO:0000269|PubMed:19159218"	
P32881	IFNA8		
P17693	HLA-G HLA-6.0 HLAG	CARBOHYD 110; /note="N-linked (GlcNAc...) asparagine"; /evidence="ECO:0000255"	
P01570	IFNA14	CARBOHYD 95; /note="N-linked (GlcNAc...) asparagine"; /evidence="ECO:0000269|PubMed:9425112"	
P01568	IFNA21		
P05000	IFNW1	CARBOHYD 101; /note="N-linked (GlcNAc...) asparagine"; /evidence="ECO:0000269|PubMed:1693148"; /id="CAR_000050"	
Q16661	GUCA2B		
P32942	ICAM3	CARBOHYD 52; /note="N-linked (GlcNAc...) asparagine"; /evidence="ECO:0000269|PubMed:15728350"; CARBOHYD 84; /note="N-linked (GlcNAc...) asparagine"; /evidence="ECO:0000269|PubMed:19349973"; CARBOHYD 87; /note="N-linked (GlcNAc...) asparagine"; /evidence="ECO:0000269|PubMed:19349973"; CARBOHYD 101; /note="N-linked (GlcNAc...) asparagine"; /evidence="ECO:0000255"; CARBOHYD 110; /note="N-linked (GlcNAc...) asparagine"; /evidence="ECO:0000269|PubMed:15728350"; CARBOHYD 134; /note="N-linked (GlcNAc...) asparagine"; /evidence="ECO:0000269|PubMed:19349973"; CARBOHYD 206; /note="N-linked (GlcNAc...) asparagine"; /evidence="ECO:0000269|PubMed:16335952, ECO:0000269|PubMed:19159218, ECO:0000269|PubMed:19349973"; CARBOHYD 264; /note="N-linked (GlcNAc...) asparagine"; /evidence="ECO:0000255"; CARBOHYD 295; /note="N-linked (GlcNAc...) asparagine"; /evidence="ECO:0000269|PubMed:19349973"; CARBOHYD 308; /note="N-linked (GlcNAc...) asparagine"; /evidence="ECO:0000255"; CARBOHYD 320; /note="N-linked (GlcNAc...) asparagine"; /evidence="ECO:0000255"; CARBOHYD 363; /note="N-linked (GlcNAc...) asparagine"; /evidence="ECO:0000269|PubMed:16335952, ECO:0000269|PubMed:19159218, ECO:0000269|PubMed:19349973"; CARBOHYD 389; /note="N-linked (GlcNAc...) asparagine"; /evidence="ECO:0000255"; CARBOHYD 453; /note="N-linked (GlcNAc...) asparagine"; /evidence="ECO:0000255"; CARBOHYD 457; /note="N-linked (GlcNAc...) asparagine"; /evidence="ECO:0000255"	
P05362	ICAM1	CARBOHYD 130; /note="N-linked (GlcNAc...) asparagine"; /evidence="ECO:0000269|PubMed:12526797, ECO:0000269|PubMed:9539702"; CARBOHYD 145; /note="N-linked (GlcNAc...) (complex) asparagine"; /evidence="ECO:0000269|PubMed:12526797, ECO:0000269|PubMed:19139490, ECO:0000269|PubMed:19349973, ECO:0000269|PubMed:9539702"; CARBOHYD 183; /note="N-linked (GlcNAc...) asparagine"; /evidence="ECO:0000269|PubMed:12526797, ECO:0000269|PubMed:9539702"; CARBOHYD 202; /note="N-linked (GlcNAc...) asparagine"; /evidence="ECO:0000269|PubMed:12526797, ECO:0000269|PubMed:19159218, ECO:0000269|PubMed:9539702, ECO:0000269|PubMed:9539703"; CARBOHYD 267; /note="N-linked (GlcNAc...) asparagine"; /evidence="ECO:0000269|PubMed:15099525, ECO:0000269|PubMed:16335952, ECO:0000269|PubMed:19159218, ECO:0000269|PubMed:19349973"; CARBOHYD 296; /note="N-linked (GlcNAc...) asparagine"; /evidence="ECO:0000269|PubMed:15099525"; CARBOHYD 385; /note="N-linked (GlcNAc...) asparagine"; /evidence="ECO:0000269|PubMed:15099525"; CARBOHYD 406; /note="N-linked (GlcNAc...) asparagine"; /evidence="ECO:0000255"	
P13598	ICAM2	CARBOHYD 47; /note="N-linked (GlcNAc...) asparagine"; /evidence="ECO:0000269|PubMed:9153399, ECO:0007744|PDB:1ZXQ"; CARBOHYD 82; /note="N-linked (GlcNAc...) asparagine"; /evidence="ECO:0000269|PubMed:19349973, ECO:0000269|PubMed:9153399, ECO:0007744|PDB:1ZXQ"; CARBOHYD 105; /note="N-linked (GlcNAc...) asparagine"; /evidence="ECO:0000269|PubMed:16335952, ECO:0000269|PubMed:19349973, ECO:0000269|PubMed:9153399, ECO:0007744|PDB:1ZXQ"; CARBOHYD 153; /note="N-linked (GlcNAc...) asparagine"; /evidence="ECO:0000269|PubMed:19349973, ECO:0000269|PubMed:9153399, ECO:0007744|PDB:1ZXQ"; CARBOHYD 176; /note="N-linked (GlcNAc...) asparagine"; /evidence="ECO:0000269|PubMed:16335952, ECO:0000269|PubMed:19349973"; CARBOHYD 187; /note="N-linked (GlcNAc...) asparagine"; /evidence="ECO:0000269|PubMed:9153399, ECO:0007744|PDB:1ZXQ"	
P07492	GRP		
P10997	IAPP		
Q14623	IHH	CARBOHYD 282; /note="N-linked (GlcNAc...) asparagine"; /evidence="ECO:0000269|PubMed:16335952"	LIPID 28; /note="N-palmitoyl cysteine"; /evidence="ECO:0000305|PubMed:9593755"; LIPID 202; /note="Cholesterol glycine ester"; /evidence="ECO:0000250|UniProtKB:Q62226"
Q14773	ICAM4 LW	CARBOHYD 68; /note="N-linked (GlcNAc...) asparagine"; /evidence="ECO:0000255"; CARBOHYD 78; /note="N-linked (GlcNAc...) asparagine"; /evidence="ECO:0000255"; CARBOHYD 190; /note="N-linked (GlcNAc...) asparagine"; /evidence="ECO:0000255"; CARBOHYD 223; /note="N-linked (GlcNAc...) asparagine"; /evidence="ECO:0000255"	
P30550	GRPR	CARBOHYD 20; /note="N-linked (GlcNAc...) asparagine"; /evidence="ECO:0000255"	LIPID 339; /note="S-palmitoyl cysteine"; /evidence="ECO:0000250"
Q92819	HAS2	CARBOHYD 221; /note="O-linked (GlcNAc) serine"; /evidence="ECO:0000269|PubMed:22887999"	
P01579	IFNG	CARBOHYD 48; /note="N-linked (GlcNAc...) asparagine"; /evidence="ECO:0000269|PubMed:6427223"; CARBOHYD 120; /note="N-linked (GlcNAc...) asparagine; in dimeric form"; /evidence="ECO:0000269|PubMed:6427223"	
P22301	IL10	CARBOHYD 134; /note="N-linked (GlcNAc...) asparagine"; /evidence="ECO:0000255"	
Q8IU54	IFNL1 IL29 ZCYTO21	CARBOHYD 65; /note="N-linked (GlcNAc...) asparagine"; /evidence="ECO:0000255"	
Q9H3N8	HRH4 GPCR105	CARBOHYD 5; /note="N-linked (GlcNAc...) asparagine"; /evidence="ECO:0000255"; CARBOHYD 9; /note="N-linked (GlcNAc...) asparagine"; /evidence="ECO:0000255"	
P50406	HTR6		
P15260	IFNGR1	CARBOHYD 34; /note="N-linked (GlcNAc...) asparagine"; /evidence="ECO:0000255"; CARBOHYD 79; /note="N-linked (GlcNAc...) asparagine"; /evidence="ECO:0000255"; CARBOHYD 86; /note="N-linked (GlcNAc...) asparagine"; /evidence="ECO:0000255"; CARBOHYD 179; /note="N-linked (GlcNAc...) asparagine"; /evidence="ECO:0000255"; CARBOHYD 240; /note="N-linked (GlcNAc...) asparagine"; /evidence="ECO:0000255"	
P08069	IGF1R	CARBOHYD 51; /note="N-linked (GlcNAc...) asparagine"; /evidence="ECO:0000269|PubMed:9690478"; CARBOHYD 102; /note="N-linked (GlcNAc...) asparagine"; /evidence="ECO:0000255"; CARBOHYD 135; /note="N-linked (GlcNAc...) asparagine"; /evidence="ECO:0000269|PubMed:9690478"; CARBOHYD 244; /note="N-linked (GlcNAc...) asparagine"; /evidence="ECO:0000269|PubMed:9690478"; CARBOHYD 314; /note="N-linked (GlcNAc...) asparagine"; /evidence="ECO:0000269|PubMed:9690478"; CARBOHYD 417; /note="N-linked (GlcNAc...) asparagine"; /evidence="ECO:0000255"; CARBOHYD 438; /note="N-linked (GlcNAc...) asparagine"; /evidence="ECO:0000255"; CARBOHYD 534; /note="N-linked (GlcNAc...) asparagine"; /evidence="ECO:0000255"; CARBOHYD 607; /note="N-linked (GlcNAc...) asparagine"; /evidence="ECO:0000255"; CARBOHYD 622; /note="N-linked (GlcNAc...) asparagine"; /evidence="ECO:0000255"; CARBOHYD 640; /note="N-linked (GlcNAc...) asparagine"; /evidence="ECO:0000255"; CARBOHYD 747; /note="N-linked (GlcNAc...) asparagine"; /evidence="ECO:0000255"; CARBOHYD 756; /note="N-linked (GlcNAc...) asparagine"; /evidence="ECO:0000255"; CARBOHYD 764; /note="N-linked (GlcNAc...) asparagine"; /evidence="ECO:0000255"; CARBOHYD 900; /note="N-linked (GlcNAc...) asparagine"; /evidence="ECO:0000255"; CARBOHYD 913; /note="N-linked (GlcNAc...) asparagine"; /evidence="ECO:0000255"	
P21815	IBSP BNSP	CARBOHYD 104; /note="N-linked (GlcNAc...) asparagine"; /evidence="ECO:0000255"; CARBOHYD 119; /note="O-linked (GalNAc...) threonine"; /evidence="ECO:0000305|PubMed:11459848"; CARBOHYD 122; /note="O-linked (GalNAc...) threonine"; /evidence="ECO:0000305|PubMed:11459848"; CARBOHYD 177; /note="N-linked (GlcNAc...) asparagine"; /evidence="ECO:0000255"; CARBOHYD 182; /note="N-linked (GlcNAc...) asparagine"; /evidence="ECO:0000255"; CARBOHYD 190; /note="N-linked (GlcNAc...) asparagine"; /evidence="ECO:0000255"; CARBOHYD 227; /note="O-linked (GalNAc...) threonine"; /evidence="ECO:0000305|PubMed:11459848"; CARBOHYD 228; /note="O-linked (GalNAc...) threonine"; /evidence="ECO:0000305|PubMed:11459848"; CARBOHYD 229; /note="O-linked (GalNAc...) threonine"; /evidence="ECO:0000305|PubMed:11459848"; CARBOHYD 238; /note="O-linked (GalNAc...) threonine"; /evidence="ECO:0000305|PubMed:11459848"; CARBOHYD 239; /note="O-linked (GalNAc...) threonine"; /evidence="ECO:0000305|PubMed:11459848"	
Q02747	GUCA2A GUCA2		
P28335	HTR2C HTR1C	CARBOHYD 39; /note="N-linked (GlcNAc...) asparagine"; /evidence="ECO:0000255|PROSITE-ProRule:PRU00498"; CARBOHYD 204; /note="N-linked (GlcNAc...) asparagine"; /evidence="ECO:0000255|PROSITE-ProRule:PRU00498"	
P01574	IFNB1 IFB IFNB	CARBOHYD 101; /note="N-linked (GlcNAc...) asparagine"; /evidence="ECO:0000269|PubMed:9342320"	
Q30201	HFE HLAH	CARBOHYD 110; /note="N-linked (GlcNAc...) asparagine"; /evidence="ECO:0000255"; CARBOHYD 130; /note="N-linked (GlcNAc...) asparagine"; /evidence="ECO:0000255"; CARBOHYD 234; /note="N-linked (GlcNAc...) asparagine"; /evidence="ECO:0000255"	
P22692	IGFBP4 IBP4	CARBOHYD 125; /note="N-linked (GlcNAc...) asparagine"; /evidence="ECO:0000255, ECO:0000303|PubMed:1709161"	
P28223	HTR2A HTR2	CARBOHYD 8; /note="N-linked (GlcNAc...) asparagine"; /evidence="ECO:0000255"; CARBOHYD 38; /note="N-linked (GlcNAc...) asparagine"; /evidence="ECO:0000255"; CARBOHYD 44; /note="N-linked (GlcNAc...) asparagine"; /evidence="ECO:0000255"; CARBOHYD 51; /note="N-linked (GlcNAc...) asparagine"; /evidence="ECO:0000255"; CARBOHYD 54; /note="N-linked (GlcNAc...) asparagine"; /evidence="ECO:0000255"	
P98160	HSPG2	CARBOHYD 42; /note="O-linked (GalNAc...) threonine"; /evidence="ECO:0000269|PubMed:22171320"; CARBOHYD 65; /note="O-linked (Xyl...) (heparan sulfate) serine"; /evidence="ECO:0000255"; CARBOHYD 71; /note="O-linked (Xyl...) (heparan sulfate) serine"; /evidence="ECO:0000255"; CARBOHYD 76; /note="O-linked (Xyl...) (heparan sulfate) serine"; /evidence="ECO:0000255"; CARBOHYD 89; /note="N-linked (GlcNAc...) asparagine"; /evidence="ECO:0000255"; CARBOHYD 554; /note="N-linked (GlcNAc...) asparagine"; /evidence="ECO:0000269|PubMed:19159218"; CARBOHYD 1755; /note="N-linked (GlcNAc...) asparagine"; /evidence="ECO:0000269|PubMed:16335952, ECO:0000269|PubMed:19159218"; CARBOHYD 2121; /note="N-linked (GlcNAc...) asparagine"; /evidence="ECO:0000269|PubMed:12754519"; CARBOHYD 2995; /note="O-linked (Xyl...) (chondroitin sulfate) serine"; /evidence="ECO:0000255"; CARBOHYD 3072; /note="N-linked (GlcNAc...) asparagine"; /evidence="ECO:0000269|PubMed:19159218"; CARBOHYD 3105; /note="N-linked (GlcNAc...) asparagine"; /evidence="ECO:0000255"; CARBOHYD 3279; /note="N-linked (GlcNAc...) asparagine"; /evidence="ECO:0000255"; CARBOHYD 3780; /note="N-linked (GlcNAc...) asparagine"; /evidence="ECO:0000269|PubMed:19159218"; CARBOHYD 3836; /note="N-linked (GlcNAc...) asparagine"; /evidence="ECO:0000269|PubMed:19159218"; CARBOHYD 3933; /note="O-linked (Xyl...) (chondroitin sulfate) serine"; /evidence="ECO:0000255"; CARBOHYD 4068; /note="N-linked (GlcNAc...) asparagine"; /evidence="ECO:0000269|PubMed:19159218"; CARBOHYD 4179; /note="O-linked (Xyl...) (chondroitin sulfate) serine"; /evidence="ECO:0000255"; CARBOHYD 4193; /note="O-linked (Xyl...) (chondroitin sulfate) serine"; /evidence="ECO:0000269|PubMed:25326458, ECO:0000269|PubMed:32337544, ECO:0000269|PubMed:36213313"	
P38484	IFNGR2 IFNGT1	CARBOHYD 56; /note="N-linked (GlcNAc...) asparagine"; /evidence="ECO:0000269|PubMed:27599734"; CARBOHYD 85; /note="N-linked (GlcNAc...) asparagine"; /evidence="ECO:0000269|PubMed:27599734"; CARBOHYD 110; /note="N-linked (GlcNAc...) asparagine"; /evidence="ECO:0000269|PubMed:27599734"; CARBOHYD 137; /note="N-linked (GlcNAc...) asparagine"; /evidence="ECO:0000269|PubMed:27599734"; CARBOHYD 219; /note="N-linked (GlcNAc...) asparagine"; /evidence="ECO:0000269|PubMed:27599734"; CARBOHYD 231; /note="N-linked (GlcNAc...) asparagine"; /evidence="ECO:0000269|PubMed:27599734"	
Q13651	IL10RA IL10R	CARBOHYD 50; /note="N-linked (GlcNAc...) asparagine"; /evidence="ECO:0000255"; CARBOHYD 74; /note="N-linked (GlcNAc...) asparagine"; /evidence="ECO:0000255"; CARBOHYD 110; /note="N-linked (GlcNAc...) asparagine"; /evidence="ECO:0000255"; CARBOHYD 154; /note="N-linked (GlcNAc...) asparagine"; /evidence="ECO:0000255"; CARBOHYD 177; /note="N-linked (GlcNAc...) asparagine"; /evidence="ECO:0000255"; CARBOHYD 189; /note="N-linked (GlcNAc...) asparagine"; /evidence="ECO:0000255"	
P17181	IFNAR1 IFNAR	CARBOHYD 50; /note="N-linked (GlcNAc...) asparagine"; /evidence="ECO:0000255"; CARBOHYD 58; /note="N-linked (GlcNAc...) asparagine"; /evidence="ECO:0000269|PubMed:19349973"; CARBOHYD 81; /note="N-linked (GlcNAc...) asparagine"; /evidence="ECO:0000255"; CARBOHYD 88; /note="N-linked (GlcNAc...) asparagine"; /evidence="ECO:0000255"; CARBOHYD 110; /note="N-linked (GlcNAc...) asparagine"; /evidence="ECO:0000269|PubMed:19349973"; CARBOHYD 172; /note="N-linked (GlcNAc...) asparagine"; /evidence="ECO:0000269|PubMed:21854986, ECO:0007744|PDB:3S98"; CARBOHYD 254; /note="N-linked (GlcNAc...) asparagine"; /evidence="ECO:0000255"; CARBOHYD 313; /note="N-linked (GlcNAc...) asparagine"; /evidence="ECO:0000269|PubMed:19349973"; CARBOHYD 314; /note="N-linked (GlcNAc...) asparagine"; /evidence="ECO:0000255"; CARBOHYD 376; /note="N-linked (GlcNAc...) asparagine"; /evidence="ECO:0000255"; CARBOHYD 416; /note="N-linked (GlcNAc...) asparagine"; /evidence="ECO:0000255"; CARBOHYD 433; /note="N-linked (GlcNAc...) asparagine"; /evidence="ECO:0000255"	LIPID 463; /note="S-palmitoyl cysteine"; /evidence="ECO:0000269|PubMed:19561067"
P00738	HP	CARBOHYD 184; /note="N-linked (GlcNAc...) (complex) asparagine"; /evidence="ECO:0000269|PubMed:14760718, ECO:0000269|PubMed:16335952, ECO:0000269|PubMed:19139490, ECO:0000269|PubMed:19159218"; CARBOHYD 207; /note="N-linked (GlcNAc...) asparagine"; /evidence="ECO:0000269|PubMed:12754519, ECO:0000269|PubMed:14760718, ECO:0000269|PubMed:16335952, ECO:0000269|PubMed:16740002, ECO:0000269|PubMed:19159218"; CARBOHYD 211; /note="N-linked (GlcNAc...) asparagine"; /evidence="ECO:0000269|PubMed:14760718, ECO:0000269|PubMed:16335952, ECO:0000269|PubMed:16740002, ECO:0000269|PubMed:19159218"; CARBOHYD 241; /note="N-linked (GlcNAc...) (complex) asparagine"; /evidence="ECO:0000269|PubMed:12754519, ECO:0000269|PubMed:14760718, ECO:0000269|PubMed:16335952, ECO:0000269|PubMed:19139490, ECO:0000269|PubMed:19159218, ECO:0000269|PubMed:19838169"	
P01112	HRAS HRAS1	CARBOHYD 35; /note="(Microbial infection) O-linked (Glc) threonine; by P.sordellii toxin TcsL"; /evidence="ECO:0000269|PubMed:19744486, ECO:0000269|PubMed:8626575, ECO:0000269|PubMed:8626586, ECO:0000269|PubMed:9632667"	LIPID 181; /note="S-palmitoyl cysteine"; /evidence="ECO:0000269|PubMed:15705808, ECO:0000269|PubMed:16000296, ECO:0000269|PubMed:2661017, ECO:0000269|PubMed:8626715"; LIPID 184; /note="S-(15-deoxy-Delta12,14-prostaglandin J2-9-yl)cysteine; alternate"; /evidence="ECO:0000269|PubMed:12684535"; LIPID 184; /note="S-palmitoyl cysteine; alternate"; /evidence="ECO:0000269|PubMed:15705808, ECO:0000269|PubMed:16000296, ECO:0000269|PubMed:2661017, ECO:0000269|PubMed:8626715"; LIPID 186; /note="S-farnesyl cysteine"; /evidence="ECO:0000269|PubMed:8626715"
Q14957	GRIN2C NMDAR2C	CARBOHYD 70; /note="N-linked (GlcNAc...) asparagine"; /evidence="ECO:0000255"; CARBOHYD 73; /note="N-linked (GlcNAc...) asparagine"; /evidence="ECO:0000255"; CARBOHYD 337; /note="N-linked (GlcNAc...) asparagine"; /evidence="ECO:0000255, ECO:0000269|PubMed:36309015, ECO:0007744|PDB:8E94, ECO:0007744|PDB:8E98"; CARBOHYD 438; /note="N-linked (GlcNAc...) asparagine"; /evidence="ECO:0000255"; CARBOHYD 539; /note="N-linked (GlcNAc...) asparagine"; /evidence="ECO:0000255"; CARBOHYD 685; /note="N-linked (GlcNAc...) asparagine"; /evidence="ECO:0000255, ECO:0000269|PubMed:36309015, ECO:0007744|PDB:8E92"	
P09429	HMGB1 HMG1		
P09211	GSTP1 FAEES3 GST3		
P13164	IFITM1 CD225 IFI17		LIPID 50; /note="S-palmitoyl cysteine"; /evidence="ECO:0000305|PubMed:26354436"; LIPID 51; /note="S-palmitoyl cysteine"; /evidence="ECO:0000305|PubMed:26354436"; LIPID 84; /note="S-palmitoyl cysteine"; /evidence="ECO:0000305|PubMed:26354436"
P14210	HGF HPTA	CARBOHYD 294; /note="N-linked (GlcNAc...) (complex) asparagine"; /evidence="ECO:0000255"; /id="CAR_000021"; CARBOHYD 402; /note="N-linked (GlcNAc...) (complex) asparagine"; /evidence="ECO:0000255"; /id="CAR_000022"; CARBOHYD 476; /note="O-linked (GalNAc...) threonine"; /evidence="ECO:0000269|PubMed:1482348"; /id="CAR_000023"; CARBOHYD 566; /note="N-linked (GlcNAc...) (complex) asparagine"; /evidence="ECO:0000255"; /id="CAR_000024"; CARBOHYD 653; /note="N-linked (GlcNAc...) (complex) asparagine"; /evidence="ECO:0000255"; /id="CAR_000025"	
Q6ZVN8	HJV HFE2 RGMC	CARBOHYD 118; /note="N-linked (GlcNAc...) asparagine"; /evidence="ECO:0000255"; CARBOHYD 213; /note="N-linked (GlcNAc...) asparagine"; /evidence="ECO:0000255"; CARBOHYD 372; /note="N-linked (GlcNAc...) asparagine"; /evidence="ECO:0000255"	LIPID 400; /note="GPI-anchor amidated aspartate"; /evidence="ECO:0000255"
P11717	IGF2R MPRI	CARBOHYD 112; /note="N-linked (GlcNAc...) asparagine"; /evidence="ECO:0000269|PubMed:12754519"; CARBOHYD 400; /note="N-linked (GlcNAc...) asparagine"; /evidence="ECO:0000255"; CARBOHYD 435; /note="N-linked (GlcNAc...) asparagine"; /evidence="ECO:0000255"; CARBOHYD 543; /note="N-linked (GlcNAc...) asparagine"; /evidence="ECO:0000255"; CARBOHYD 581; /note="N-linked (GlcNAc...) asparagine"; /evidence="ECO:0000269|PubMed:12754519"; CARBOHYD 626; /note="N-linked (GlcNAc...) asparagine"; /evidence="ECO:0000269|PubMed:19159218"; CARBOHYD 747; /note="N-linked (GlcNAc...) asparagine"; /evidence="ECO:0000269|PubMed:12754519, ECO:0000269|PubMed:19159218"; CARBOHYD 871; /note="N-linked (GlcNAc...) asparagine"; /evidence="ECO:0000255"; CARBOHYD 951; /note="N-linked (GlcNAc...) asparagine"; /evidence="ECO:0000255"; CARBOHYD 957; /note="N-linked (GlcNAc...) asparagine"; /evidence="ECO:0000255"; CARBOHYD 1164; /note="N-linked (GlcNAc...) asparagine"; /evidence="ECO:0000255"; CARBOHYD 1246; /note="N-linked (GlcNAc...) asparagine"; /evidence="ECO:0000269|PubMed:12754519"; CARBOHYD 1312; /note="N-linked (GlcNAc...) asparagine"; /evidence="ECO:0000255"; CARBOHYD 1656; /note="N-linked (GlcNAc...) asparagine"; /evidence="ECO:0000255"; CARBOHYD 1757; /note="N-linked (GlcNAc...) asparagine"; /evidence="ECO:0000255"; CARBOHYD 1816; /note="N-linked (GlcNAc...) asparagine"; /evidence="ECO:0000255"; CARBOHYD 2085; /note="N-linked (GlcNAc...) asparagine"; /evidence="ECO:0000255"; CARBOHYD 2136; /note="N-linked (GlcNAc...) asparagine"; /evidence="ECO:0000255"	
O15399	GRIN2D GluN2D NMDAR2D	CARBOHYD 92; /note="N-linked (GlcNAc...) asparagine"; /evidence="ECO:0000255"; CARBOHYD 352; /note="N-linked (GlcNAc...) asparagine"; /evidence="ECO:0000255"; CARBOHYD 366; /note="N-linked (GlcNAc...) asparagine"; /evidence="ECO:0000255"; CARBOHYD 384; /note="N-linked (GlcNAc...) asparagine"; /evidence="ECO:0000255"; CARBOHYD 467; /note="N-linked (GlcNAc...) asparagine"; /evidence="ECO:0000255"; CARBOHYD 569; /note="N-linked (GlcNAc...) asparagine"; /evidence="ECO:0000255"	
Q8IU57	IFNLR1 IL28RA LICR2	CARBOHYD 29; /note="N-linked (GlcNAc...) asparagine"; /evidence="ECO:0000269|PubMed:20934432"; CARBOHYD 36; /note="N-linked (GlcNAc...) asparagine"; /evidence="ECO:0000269|PubMed:20934432"; CARBOHYD 142; /note="N-linked (GlcNAc...) asparagine"; /evidence="ECO:0000269|PubMed:20934432"; CARBOHYD 169; /note="N-linked (GlcNAc...) asparagine"; /evidence="ECO:0000255"	
Q9Y653	ADGRG1 GPR56 TM7LN4 TM7XN1 UNQ540/PRO1083	CARBOHYD 39; /note="N-linked (GlcNAc...) asparagine"; /evidence="ECO:0000255"; CARBOHYD 148; /note="N-linked (GlcNAc...) asparagine"; /evidence="ECO:0000255"; CARBOHYD 171; /note="N-linked (GlcNAc...) asparagine"; /evidence="ECO:0000255"; CARBOHYD 234; /note="N-linked (GlcNAc...) asparagine"; /evidence="ECO:0000255"; CARBOHYD 303; /note="N-linked (GlcNAc...) asparagine"; /evidence="ECO:0000255"; CARBOHYD 324; /note="N-linked (GlcNAc...) asparagine"; /evidence="ECO:0000255"; CARBOHYD 341; /note="N-linked (GlcNAc...) asparagine"; /evidence="ECO:0000255"	
Q9UMF0	ICAM5 TLCN TLN	CARBOHYD 54; /note="N-linked (GlcNAc...) (high mannose) asparagine"; /evidence="ECO:0000305|PubMed:18691975"; CARBOHYD 74; /note="N-linked (GlcNAc...) asparagine"; /evidence="ECO:0000269|PubMed:18691975, ECO:0000269|PubMed:25004970, ECO:0007744|PDB:3BN3, ECO:0007744|PDB:4OI9"; CARBOHYD 137; /note="N-linked (GlcNAc...) asparagine"; /evidence="ECO:0000269|PubMed:18691975, ECO:0000269|PubMed:25004970, ECO:0007744|PDB:3BN3, ECO:0007744|PDB:4OI9"; CARBOHYD 195; /note="N-linked (GlcNAc...) asparagine"; /evidence="ECO:0000269|PubMed:18691975, ECO:0000269|PubMed:25004970, ECO:0007744|PDB:3BN3, ECO:0007744|PDB:4OI9"; CARBOHYD 214; /note="N-linked (GlcNAc...) asparagine"; /evidence="ECO:0000269|PubMed:18691975, ECO:0000269|PubMed:25004970, ECO:0007744|PDB:3BN3, ECO:0007744|PDB:4OIA, ECO:0007744|PDB:4OIB"; CARBOHYD 303; /note="N-linked (GlcNAc...) asparagine"; /evidence="ECO:0000255"; CARBOHYD 316; /note="N-linked (GlcNAc...) asparagine"; /evidence="ECO:0000255, ECO:0000269|PubMed:25004970, ECO:0007744|PDB:4OIA, ECO:0007744|PDB:4OIB"; CARBOHYD 371; /note="N-linked (GlcNAc...) asparagine"; /evidence="ECO:0000255, ECO:0000269|PubMed:25004970, ECO:0007744|PDB:4OI9, ECO:0007744|PDB:4OIB"; CARBOHYD 397; /note="N-linked (GlcNAc...) asparagine"; /evidence="ECO:0000255, ECO:0000269|PubMed:25004970, ECO:0007744|PDB:4OI9, ECO:0007744|PDB:4OIA, ECO:0007744|PDB:4OIB"; CARBOHYD 583; /note="N-linked (GlcNAc...) asparagine"; /evidence="ECO:0000255"; CARBOHYD 646; /note="N-linked (GlcNAc...) asparagine"; /evidence="ECO:0000255"; CARBOHYD 764; /note="N-linked (GlcNAc...) asparagine"; /evidence="ECO:0000255"; CARBOHYD 795; /note="N-linked (GlcNAc...) asparagine"; /evidence="ECO:0000255"; CARBOHYD 796; /note="N-linked (GlcNAc...) asparagine"; /evidence="ECO:0000255"	
O43613	HCRTR1 ORXR1 OX1R OXR1	CARBOHYD 194; /note="N-linked (GlcNAc...) asparagine"; /evidence="ECO:0000255"	
P01563	IFNA2 IFNA2A IFNA2B IFNA2C	CARBOHYD 129; /note="O-linked (GalNAc...) threonine"; /evidence="ECO:0000269|PubMed:2049076"; /id="CAR_000049"	
P48551	IFNAR2 IFNABR IFNARB	CARBOHYD 58; /note="N-linked (GlcNAc...) asparagine"; /evidence="ECO:0000255"; CARBOHYD 87; /note="N-linked (GlcNAc...) asparagine"; /evidence="ECO:0000269|PubMed:8181059"; CARBOHYD 116; /note="N-linked (GlcNAc...) asparagine"; /evidence="ECO:0000255"; CARBOHYD 188; /note="N-linked (GlcNAc...) asparagine"; /evidence="ECO:0000255"; CARBOHYD 192; /note="N-linked (GlcNAc...) asparagine"; /evidence="ECO:0000269|PubMed:8181059"	
Q13255	GRM1 GPRC1A MGLUR1	CARBOHYD 98; /note="N-linked (GlcNAc...) asparagine"; /evidence="ECO:0000255"; CARBOHYD 223; /note="N-linked (GlcNAc...) asparagine"; /evidence="ECO:0000269|Ref.9"; CARBOHYD 397; /note="N-linked (GlcNAc...) asparagine"; /evidence="ECO:0000255"; CARBOHYD 515; /note="N-linked (GlcNAc...) asparagine"; /evidence="ECO:0000255"	
P25092	GUCY2C GUC2C STAR	CARBOHYD 32; /note="N-linked (GlcNAc...) asparagine"; /evidence="ECO:0000269|PubMed:23269669"; CARBOHYD 75; /note="N-linked (GlcNAc...) asparagine"; /evidence="ECO:0000269|PubMed:23269669"; CARBOHYD 79; /note="N-linked (GlcNAc...) asparagine"; /evidence="ECO:0000269|PubMed:23269669"; CARBOHYD 195; /note="N-linked (GlcNAc...) asparagine"; /evidence="ECO:0000269|PubMed:23269669"; CARBOHYD 284; /note="N-linked (GlcNAc...) asparagine"; /evidence="ECO:0000269|PubMed:23269669"; CARBOHYD 307; /note="N-linked (GlcNAc...) asparagine"; /evidence="ECO:0000269|PubMed:23269669"; CARBOHYD 345; /note="N-linked (GlcNAc...) asparagine"; /evidence="ECO:0000269|PubMed:23269669"; CARBOHYD 402; /note="N-linked (GlcNAc...) asparagine"; /evidence="ECO:0000269|PubMed:23269669"	
O75330	HMMR IHABP RHAMM	CARBOHYD 133; /note="N-linked (GlcNAc...) asparagine"; /evidence="ECO:0000255"; CARBOHYD 477; /note="N-linked (GlcNAc...) asparagine"; /evidence="ECO:0000255"; CARBOHYD 567; /note="N-linked (GlcNAc...) asparagine"; /evidence="ECO:0000255"; CARBOHYD 588; /note="N-linked (GlcNAc...) asparagine"; /evidence="ECO:0000255"	
P10144	GZMB CGL1 CSPB CTLA1 GRB	CARBOHYD 71; /note="N-linked (GlcNAc...) asparagine"; /evidence="ECO:0000269|PubMed:11325591"; CARBOHYD 104; /note="N-linked (GlcNAc...) asparagine"; /evidence="ECO:0000269|PubMed:11325591"	
P41594	GRM5 GPRC1E MGLUR5	CARBOHYD 88; /note="N-linked (GlcNAc...) asparagine"; /evidence="ECO:0000255"; CARBOHYD 210; /note="N-linked (GlcNAc...) asparagine"; /evidence="ECO:0000255"; CARBOHYD 378; /note="N-linked (GlcNAc...) asparagine"; /evidence="ECO:0000255"; CARBOHYD 382; /note="N-linked (GlcNAc...) asparagine"; /evidence="ECO:0000255"; CARBOHYD 445; /note="N-linked (GlcNAc...) asparagine"; /evidence="ECO:0000269|Ref.8"; CARBOHYD 734; /note="N-linked (GlcNAc...) asparagine"; /evidence="ECO:0000255"	
Q8IZI9	IFNL3 IL28B IL28C ZCYTO22		
O43614	HCRTR2 ORXR2 OX2R OXR2	CARBOHYD 14; /note="N-linked (GlcNAc...) asparagine"; /evidence="ECO:0000255"; CARBOHYD 22; /note="N-linked (GlcNAc...) asparagine"; /evidence="ECO:0000255"; CARBOHYD 202; /note="N-linked (GlcNAc...) asparagine"; /evidence="ECO:0000255"	
O43612	HCRT OX PPORX PPOX		
Q96QV1	HHIP HIP UNQ5825/PRO19644	CARBOHYD 99; /note="N-linked (GlcNAc...) asparagine"; /evidence="ECO:0000255"; CARBOHYD 416; /note="N-linked (GlcNAc...) asparagine"; /evidence="ECO:0000255"; CARBOHYD 447; /note="N-linked (GlcNAc...) asparagine"; /evidence="ECO:0000269|PubMed:19561611"; CARBOHYD 459; /note="N-linked (GlcNAc...) asparagine"; /evidence="ECO:0000255"	
Q99075	HBEGF DTR DTS HEGFL	CARBOHYD 37; /note="O-linked (GalNAc...) threonine"; /evidence="ECO:0000305|PubMed:23234360"; CARBOHYD 38; /note="O-linked (GalNAc...) serine"; /evidence="ECO:0000305|PubMed:23234360"; CARBOHYD 44; /note="O-linked (GalNAc...) threonine"; /evidence="ECO:0000269|PubMed:22171320, ECO:0000269|PubMed:23234360"; CARBOHYD 47; /note="O-linked (GalNAc...) threonine"; /evidence="ECO:0000269|PubMed:22171320"; CARBOHYD 75; /note="O-linked (GalNAc...) threonine"; /evidence="ECO:0000269|PubMed:1556128"; CARBOHYD 85; /note="O-linked (GalNAc...) threonine"; /evidence="ECO:0000269|PubMed:1556128"	
Q08334	IL10RB CRFB4 D21S58 D21S66	CARBOHYD 49; /note="N-linked (GlcNAc...) asparagine"; /evidence="ECO:0000255"; CARBOHYD 68; /note="N-linked (GlcNAc...) asparagine"; /evidence="ECO:0000255"; CARBOHYD 102; /note="N-linked (GlcNAc...) asparagine"; /evidence="ECO:0000255"; CARBOHYD 161; /note="N-linked (GlcNAc...) asparagine"; /evidence="ECO:0000255"	
P01344	IGF2 IGF-2 PP1446	CARBOHYD 96; /note="O-linked (GalNAc...) threonine"; /evidence="ECO:0000269|PubMed:22171320, ECO:0000269|PubMed:23234360"; CARBOHYD 99; /note="O-linked (GalNAc...) threonine"; /evidence="ECO:0000269|PubMed:1569071, ECO:0000269|PubMed:22171320"; CARBOHYD 163; /note="O-linked (GalNAc...) threonine"; /evidence="ECO:0000269|PubMed:19838169, ECO:0000269|PubMed:22171320"	
P07900	HSP90AA1 HSP90A HSPC1 HSPCA		
P05019	IGF1 IBP1 IGF-1		
O60565	GREM1 CKTSF1B1 DAND2 DRM PIG2	CARBOHYD 42; /note="N-linked (GlcNAc...) asparagine"; /evidence="ECO:0000255"	
P04196	HRG	CARBOHYD 63; /note="N-linked (GlcNAc...) asparagine"; /evidence="ECO:0000269|PubMed:16335952, ECO:0000269|PubMed:19285951"; CARBOHYD 125; /note="N-linked (GlcNAc...) asparagine"; /evidence="ECO:0000269|PubMed:16335952, ECO:0000269|PubMed:19159218"; CARBOHYD 344; /note="N-linked (GlcNAc...) asparagine"; /evidence="ECO:0000269|PubMed:16335952"; CARBOHYD 345; /note="N-linked (GlcNAc...) asparagine"; /evidence="ECO:0000255"	
Q02846	GUCY2D CORD6 GUC1A4 GUC2D RETGC RETGC1	CARBOHYD 297; /note="N-linked (GlcNAc...) asparagine"; /evidence="ECO:0000255"	
P01571	IFNA17		
P01566	IFNA10		
P05015	IFNA16		
P01567	IFNA7		
P01569	IFNA5		
P05013	IFNA6		
P0DY56	IFNA1		
Q6UWQ7	IGFL2 UNQ645/PRO1275		
Q8IZJ0	IFNL2 IL28A ZCYTO20		
Q6UW32	IGFL1 UNQ644/PRO1274	CARBOHYD 71; /note="N-linked (GlcNAc...) asparagine"; /evidence="ECO:0000255"	
O95800	GPR75	CARBOHYD 2; /note="N-linked (GlcNAc...) asparagine"; /evidence="ECO:0000255"; CARBOHYD 12; /note="N-linked (GlcNAc...) asparagine"; /evidence="ECO:0000255"; CARBOHYD 25; /note="N-linked (GlcNAc...) asparagine"; /evidence="ECO:0000255"	
Q9H665	IGFLR1 TMEM149 U2AF1L4		
Q9NRV9	HEBP1 HBP		
P15421	GYPE GPE		
Q9XRX5	ANKRD13C-DT HHLA3		
Q6UXB1	IGFL3 UNQ483/PRO982		
Q6U949	IGF2-AS IGF2-AS1 IGF2AS		
Q3ZCW2	LGALSL GRP HSPC159		
Q6UWX4	HHIPL2 HHIP3 KIAA1822L UNQ841/PRO1779	CARBOHYD 480; /note="N-linked (GlcNAc...) asparagine"; /evidence="ECO:0000255"	
A0A087WWS6	IFNA13		
F8WCM5	INS-IGF2		
Q9UHF5	IL17B IL20 NIRF ZCYTO7 UNQ516/PRO1031	CARBOHYD 75; /note="N-linked (GlcNAc...) asparagine"; /evidence="ECO:0000255"	
P08700	IL3	CARBOHYD 34; /note="N-linked (GlcNAc...) asparagine"; /evidence="ECO:0000255"; CARBOHYD 89; /note="N-linked (GlcNAc...) asparagine"; /evidence="ECO:0000255"	
Q13349	ITGAD	CARBOHYD 59; /note="N-linked (GlcNAc...) asparagine"; /evidence="ECO:0000255"; CARBOHYD 87; /note="N-linked (GlcNAc...) asparagine"; /evidence="ECO:0000255"; CARBOHYD 99; /note="N-linked (GlcNAc...) asparagine"; /evidence="ECO:0000255"; CARBOHYD 391; /note="N-linked (GlcNAc...) asparagine"; /evidence="ECO:0000255"; CARBOHYD 690; /note="N-linked (GlcNAc...) asparagine"; /evidence="ECO:0000255"; CARBOHYD 732; /note="N-linked (GlcNAc...) asparagine"; /evidence="ECO:0000255"; CARBOHYD 872; /note="N-linked (GlcNAc...) asparagine"; /evidence="ECO:0000255"; CARBOHYD 956; /note="N-linked (GlcNAc...) asparagine"; /evidence="ECO:0000255"; CARBOHYD 1045; /note="N-linked (GlcNAc...) asparagine"; /evidence="ECO:0000255"	
P10145	CXCL8 IL8		
P15248	IL9	CARBOHYD 50; /note="N-linked (GlcNAc...) asparagine"; /evidence="ECO:0000255"; CARBOHYD 63; /note="N-linked (GlcNAc...) asparagine"; /evidence="ECO:0000255"; CARBOHYD 78; /note="N-linked (GlcNAc...) asparagine"; /evidence="ECO:0000255"; CARBOHYD 114; /note="N-linked (GlcNAc...) asparagine"; /evidence="ECO:0000255"	
P20809	IL11		
P38570	ITGAE	CARBOHYD 49; /note="N-linked (GlcNAc...) asparagine"; /evidence="ECO:0000255"; CARBOHYD 271; /note="N-linked (GlcNAc...) asparagine"; /evidence="ECO:0000255"; CARBOHYD 321; /note="N-linked (GlcNAc...) asparagine"; /evidence="ECO:0000255"; CARBOHYD 444; /note="N-linked (GlcNAc...) asparagine"; /evidence="ECO:0000255"; CARBOHYD 726; /note="N-linked (GlcNAc...) asparagine"; /evidence="ECO:0000255"; CARBOHYD 782; /note="N-linked (GlcNAc...) asparagine"; /evidence="ECO:0000255"; CARBOHYD 857; /note="N-linked (GlcNAc...) asparagine"; /evidence="ECO:0000255"; CARBOHYD 934; /note="N-linked (GlcNAc...) asparagine"; /evidence="ECO:0000255"; CARBOHYD 954; /note="N-linked (GlcNAc...) asparagine"; /evidence="ECO:0000255"; CARBOHYD 1065; /note="N-linked (GlcNAc...) asparagine"; /evidence="ECO:0000255"; CARBOHYD 1096; /note="N-linked (GlcNAc...) asparagine"; /evidence="ECO:0000255"	
P05112	IL4	CARBOHYD 62; /note="N-linked (GlcNAc...) asparagine"; /evidence="ECO:0000269|PubMed:1993171"	
Q5VWK5	IL23R	CARBOHYD 29; /note="N-linked (GlcNAc...) asparagine; partial"; /evidence="ECO:0000269|PubMed:21053369"; CARBOHYD 47; /note="N-linked (GlcNAc...) asparagine"; /evidence="ECO:0000269|PubMed:21053369"; CARBOHYD 81; /note="N-linked (GlcNAc...) asparagine"; /evidence="ECO:0000269|PubMed:21053369"; CARBOHYD 141; /note="N-linked (GlcNAc...) asparagine"; /evidence="ECO:0000269|PubMed:21053369"; CARBOHYD 180; /note="N-linked (GlcNAc...) (high mannose) asparagine"; /evidence="ECO:0000269|PubMed:21053369"; CARBOHYD 232; /note="N-linked (GlcNAc...) asparagine"; /evidence="ECO:0000269|PubMed:21053369"; CARBOHYD 262; /note="N-linked (GlcNAc...) asparagine"; /evidence="ECO:0000269|PubMed:21053369"; CARBOHYD 273; /note="N-linked (GlcNAc...) asparagine; partial"; /evidence="ECO:0000269|PubMed:21053369"	
P01589	IL2RA	CARBOHYD 70; /note="N-linked (GlcNAc...) asparagine"; /evidence="ECO:0000269|PubMed:3134887"; CARBOHYD 89; /note="N-linked (GlcNAc...) asparagine"; /evidence="ECO:0000269|PubMed:3134887"; CARBOHYD 218; /note="O-linked (GalNAc...) threonine"; /evidence="ECO:0000269|PubMed:3134887"; CARBOHYD 224; /note="O-linked (GalNAc...) threonine"; /evidence="ECO:0000269|PubMed:3134887"; CARBOHYD 229; /note="O-linked (GalNAc...) threonine"; /evidence="ECO:0000269|PubMed:3134887"; CARBOHYD 237; /note="O-linked (GalNAc...) threonine"; /evidence="ECO:0000269|PubMed:3134887"	
P60568	IL2	CARBOHYD 23; /note="O-linked (GalNAc...) threonine"; /evidence="ECO:0000269|PubMed:2793860, ECO:0000269|PubMed:6333684"; /id="CAR_000051"	
P05113	IL5	CARBOHYD 22; /note="O-linked (GalNAc...) threonine"; /evidence="ECO:0000269|PubMed:2361960"; CARBOHYD 47; /note="N-linked (GlcNAc...) asparagine"; /evidence="ECO:0000305|PubMed:2361960"	
Q01113	IL9R	CARBOHYD 117; /note="N-linked (GlcNAc...) asparagine"; /evidence="ECO:0000255"; CARBOHYD 156; /note="N-linked (GlcNAc...) asparagine"; /evidence="ECO:0000255"	
Q9HBE4	IL21	CARBOHYD 97; /note="N-linked (GlcNAc...) asparagine"; /evidence="ECO:0000255"	
P26951	IL3RA IL3R	CARBOHYD 46; /note="N-linked (GlcNAc...) asparagine"; /evidence="ECO:0000269|PubMed:25043189, ECO:0007744|PDB:4JZJ"; CARBOHYD 64; /note="N-linked (GlcNAc...) asparagine"; /evidence="ECO:0000255"; CARBOHYD 80; /note="N-linked (GlcNAc...) asparagine"; /evidence="ECO:0000269|PubMed:25043189, ECO:0007744|PDB:4JZJ"; CARBOHYD 109; /note="N-linked (GlcNAc...) asparagine"; /evidence="ECO:0000255"; CARBOHYD 212; /note="N-linked (GlcNAc...) asparagine"; /evidence="ECO:0000255"; CARBOHYD 218; /note="N-linked (GlcNAc...) asparagine"; /evidence="ECO:0000255"	
Q9UHD0	IL19 ZMDA1	CARBOHYD 56; /note="N-linked (GlcNAc...) asparagine"; /evidence="ECO:0000255"; CARBOHYD 135; /note="N-linked (GlcNAc...) asparagine"; /evidence="ECO:0000255"	
Q13261	IL15RA	CARBOHYD 137; /note="N-linked (GlcNAc...) asparagine"; /evidence="ECO:0000255"	
P08476	INHBA	CARBOHYD 165; /note="N-linked (GlcNAc...) asparagine"; /evidence="ECO:0000255"	
P09529	INHBB	CARBOHYD 93; /note="N-linked (GlcNAc...) asparagine"; /evidence="ECO:0000255"	
P31785	IL2RG	CARBOHYD 24; /note="N-linked (GlcNAc...) asparagine"; /evidence="ECO:0000255"; CARBOHYD 71; /note="N-linked (GlcNAc...) asparagine"; /evidence="ECO:0000269|PubMed:16293754, ECO:0000269|PubMed:16477002"; CARBOHYD 75; /note="N-linked (GlcNAc...) asparagine"; /evidence="ECO:0000255"; CARBOHYD 84; /note="N-linked (GlcNAc...) asparagine"; /evidence="ECO:0000269|PubMed:16293754, ECO:0000269|PubMed:16477002"; CARBOHYD 159; /note="N-linked (GlcNAc...) asparagine"; /evidence="ECO:0000269|PubMed:16293754, ECO:0000269|PubMed:16477002"; CARBOHYD 249; /note="N-linked (GlcNAc...) asparagine"; /evidence="ECO:0000255"	
Q14626	IL11RA	CARBOHYD 127; /note="N-linked (GlcNAc...) asparagine"; /evidence="ECO:0000255"; CARBOHYD 194; /note="N-linked (GlcNAc...) asparagine"; /evidence="ECO:0000255"	
Q99665	IL12RB2	CARBOHYD 48; /note="N-linked (GlcNAc...) asparagine"; /evidence="ECO:0000255"; CARBOHYD 129; /note="N-linked (GlcNAc...) asparagine"; /evidence="ECO:0000255"; CARBOHYD 166; /note="N-linked (GlcNAc...) asparagine"; /evidence="ECO:0000255"; CARBOHYD 195; /note="N-linked (GlcNAc...) asparagine"; /evidence="ECO:0000255"; CARBOHYD 271; /note="N-linked (GlcNAc...) asparagine"; /evidence="ECO:0000255"; CARBOHYD 347; /note="N-linked (GlcNAc...) asparagine"; /evidence="ECO:0000255"; CARBOHYD 376; /note="N-linked (GlcNAc...) asparagine"; /evidence="ECO:0000255"; CARBOHYD 480; /note="N-linked (GlcNAc...) asparagine"; /evidence="ECO:0000255"	
P16871	IL7R	CARBOHYD 49; /note="N-linked (GlcNAc...) asparagine"; /evidence="ECO:0000269|PubMed:19141282"; CARBOHYD 65; /note="N-linked (GlcNAc...) asparagine"; /evidence="ECO:0000269|PubMed:19141282"; CARBOHYD 151; /note="N-linked (GlcNAc...) asparagine"; /evidence="ECO:0000269|PubMed:19141282"; CARBOHYD 182; /note="N-linked (GlcNAc...) asparagine"; /evidence="ECO:0000255"; CARBOHYD 232; /note="N-linked (GlcNAc...) asparagine"; /evidence="ECO:0000255"; CARBOHYD 233; /note="N-linked (GlcNAc...) asparagine"; /evidence="ECO:0000255"	
P40933	IL15	CARBOHYD 127; /note="N-linked (GlcNAc...) asparagine"; /evidence="ECO:0000255"	
P08887	IL6R	CARBOHYD 55; /note="N-linked (GlcNAc...) asparagine"; /evidence="ECO:0000269|PubMed:10066782, ECO:0000269|PubMed:28060820"; CARBOHYD 93; /note="N-linked (GlcNAc...) asparagine"; /evidence="ECO:0000269|PubMed:10066782, ECO:0000269|PubMed:28060820"; CARBOHYD 221; /note="N-linked (GlcNAc...) asparagine"; /evidence="ECO:0000269|PubMed:10066782, ECO:0000269|PubMed:28060820"; CARBOHYD 245; /note="N-linked (GlcNAc...) asparagine"; /evidence="ECO:0000269|PubMed:28060820"; CARBOHYD 350; /note="N-linked (GlcNAc...) asparagine"; /evidence="ECO:0000269|PubMed:28060820"; CARBOHYD 352; /note="O-linked (GlcNAc) threonine"; /evidence="ECO:0000269|PubMed:28060820"	
P13232	IL7	CARBOHYD 95; /note="N-linked (GlcNAc...) asparagine"; /evidence="ECO:0000255"; CARBOHYD 116; /note="N-linked (GlcNAc...) asparagine"; /evidence="ECO:0000255"; CARBOHYD 141; /note="N-linked (GlcNAc...) asparagine"; /evidence="ECO:0000255"	
P35225	IL13 NC30	CARBOHYD 52; /note="N-linked (GlcNAc...) asparagine"; /evidence="ECO:0000255"; CARBOHYD 63; /note="N-linked (GlcNAc...) asparagine"; /evidence="ECO:0000255"; CARBOHYD 71; /note="N-linked (GlcNAc...) asparagine"; /evidence="ECO:0000255"; CARBOHYD 86; /note="N-linked (GlcNAc...) asparagine"; /evidence="ECO:0000255"	
Q96PD4	IL17F	CARBOHYD 83; /note="N-linked (GlcNAc...) asparagine"; /evidence="ECO:0000269|PubMed:19838198"	
P01583	IL1A IL1F1	CARBOHYD 102; /note="N-linked (GlcNAc...) asparagine"; /evidence="ECO:0000255"; CARBOHYD 141; /note="N-linked (GlcNAc...) asparagine"; /evidence="ECO:0000255"	LIPID 82; /note="N6-myristoyl lysine"; /evidence="ECO:0000269|PubMed:8346241"; LIPID 83; /note="N6-myristoyl lysine"; /evidence="ECO:0000269|PubMed:8346241"
P01308	INS		
Q13797	ITGA9	CARBOHYD 225; /note="N-linked (GlcNAc...) asparagine"; /evidence="ECO:0000269|PubMed:19159218"; CARBOHYD 476; /note="N-linked (GlcNAc...) asparagine"; /evidence="ECO:0000255"; CARBOHYD 493; /note="N-linked (GlcNAc...) asparagine"; /evidence="ECO:0000255"; CARBOHYD 612; /note="N-linked (GlcNAc...) asparagine"; /evidence="ECO:0000255"; CARBOHYD 654; /note="N-linked (GlcNAc...) asparagine"; /evidence="ECO:0000255"; CARBOHYD 658; /note="N-linked (GlcNAc...) asparagine"; /evidence="ECO:0000255"; CARBOHYD 672; /note="N-linked (GlcNAc...) asparagine"; /evidence="ECO:0000255"; CARBOHYD 676; /note="N-linked (GlcNAc...) asparagine"; /evidence="ECO:0000255"; CARBOHYD 807; /note="N-linked (GlcNAc...) asparagine"; /evidence="ECO:0000255"; CARBOHYD 854; /note="N-linked (GlcNAc...) asparagine"; /evidence="ECO:0000255"; CARBOHYD 904; /note="N-linked (GlcNAc...) asparagine"; /evidence="ECO:0000255"	
P56199	ITGA1	CARBOHYD 74; /note="N-linked (GlcNAc...) asparagine"; /evidence="ECO:0000255"; CARBOHYD 100; /note="N-linked (GlcNAc...) asparagine"; /evidence="ECO:0000269|PubMed:19159218"; CARBOHYD 105; /note="N-linked (GlcNAc...) asparagine"; /evidence="ECO:0000269|PubMed:19159218"; CARBOHYD 112; /note="N-linked (GlcNAc...) asparagine"; /evidence="ECO:0000255"; CARBOHYD 217; /note="N-linked (GlcNAc...) asparagine"; /evidence="ECO:0000269|PubMed:19159218"; CARBOHYD 317; /note="N-linked (GlcNAc...) asparagine"; /evidence="ECO:0000255"; CARBOHYD 341; /note="N-linked (GlcNAc...) asparagine"; /evidence="ECO:0000269|PubMed:19159218"; CARBOHYD 402; /note="N-linked (GlcNAc...) asparagine"; /evidence="ECO:0000255"; CARBOHYD 418; /note="N-linked (GlcNAc...) asparagine"; /evidence="ECO:0000269|PubMed:19159218"; CARBOHYD 460; /note="N-linked (GlcNAc...) asparagine"; /evidence="ECO:0000269|PubMed:19159218"; CARBOHYD 532; /note="N-linked (GlcNAc...) asparagine"; /evidence="ECO:0000269|PubMed:16335952, ECO:0000269|PubMed:19159218"; CARBOHYD 699; /note="N-linked (GlcNAc...) asparagine"; /evidence="ECO:0000255"; CARBOHYD 748; /note="N-linked (GlcNAc...) asparagine"; /evidence="ECO:0000255"; CARBOHYD 780; /note="N-linked (GlcNAc...) asparagine"; /evidence="ECO:0000269|PubMed:19159218"; CARBOHYD 840; /note="N-linked (GlcNAc...) asparagine"; /evidence="ECO:0000269|PubMed:19159218"; CARBOHYD 883; /note="N-linked (GlcNAc...) asparagine"; /evidence="ECO:0000255"; CARBOHYD 908; /note="N-linked (GlcNAc...) asparagine"; /evidence="ECO:0000255"; CARBOHYD 915; /note="N-linked (GlcNAc...) asparagine"; /evidence="ECO:0000255"; CARBOHYD 939; /note="N-linked (GlcNAc...) asparagine"; /evidence="ECO:0000255"; CARBOHYD 966; /note="N-linked (GlcNAc...) asparagine"; /evidence="ECO:0000269|PubMed:19159218"; CARBOHYD 974; /note="N-linked (GlcNAc...) asparagine"; /evidence="ECO:0000269|PubMed:19159218"; CARBOHYD 1008; /note="N-linked (GlcNAc...) asparagine"; /evidence="ECO:0000269|PubMed:19159218"; CARBOHYD 1073; /note="N-linked (GlcNAc...) asparagine"; /evidence="ECO:0000255"; CARBOHYD 1083; /note="N-linked (GlcNAc...) asparagine"; /evidence="ECO:0000255"; CARBOHYD 1102; /note="N-linked (GlcNAc...) asparagine"; /evidence="ECO:0000255"; CARBOHYD 1113; /note="N-linked (GlcNAc...) asparagine"; /evidence="ECO:0000255"	
P53708	ITGA8	CARBOHYD 81; /note="N-linked (GlcNAc...) asparagine"; /evidence="ECO:0000255"; CARBOHYD 122; /note="N-linked (GlcNAc...) asparagine"; /evidence="ECO:0000255"; CARBOHYD 177; /note="N-linked (GlcNAc...) asparagine"; /evidence="ECO:0000255"; CARBOHYD 239; /note="N-linked (GlcNAc...) asparagine"; /evidence="ECO:0000255"; CARBOHYD 302; /note="N-linked (GlcNAc...) asparagine"; /evidence="ECO:0000255"; CARBOHYD 311; /note="N-linked (GlcNAc...) asparagine"; /evidence="ECO:0000255"; CARBOHYD 504; /note="N-linked (GlcNAc...) asparagine"; /evidence="ECO:0000255"; CARBOHYD 601; /note="N-linked (GlcNAc...) asparagine"; /evidence="ECO:0000255"; CARBOHYD 605; /note="N-linked (GlcNAc...) asparagine"; /evidence="ECO:0000255"; CARBOHYD 719; /note="N-linked (GlcNAc...) asparagine"; /evidence="ECO:0000255"; CARBOHYD 737; /note="N-linked (GlcNAc...) asparagine"; /evidence="ECO:0000255"; CARBOHYD 753; /note="N-linked (GlcNAc...) asparagine"; /evidence="ECO:0000255"; CARBOHYD 780; /note="N-linked (GlcNAc...) asparagine"; /evidence="ECO:0000255"; CARBOHYD 896; /note="N-linked (GlcNAc...) asparagine"; /evidence="ECO:0000255"; CARBOHYD 923; /note="N-linked (GlcNAc...) asparagine"; /evidence="ECO:0000255"; CARBOHYD 1005; /note="N-linked (GlcNAc...) asparagine"; /evidence="ECO:0000255"	
P40189	IL6ST	CARBOHYD 43; /note="N-linked (GlcNAc...) asparagine"; /evidence="ECO:0000269|PubMed:11098061, ECO:0000269|PubMed:20489211"; CARBOHYD 83; /note="N-linked (GlcNAc...) asparagine"; /evidence="ECO:0000269|PubMed:11098061, ECO:0000269|PubMed:20489211, ECO:0000269|PubMed:39532904, ECO:0007744|PDB:8V29"; CARBOHYD 131; /note="N-linked (GlcNAc...) asparagine"; /evidence="ECO:0000269|PubMed:11098061, ECO:0000269|PubMed:36930708, ECO:0000269|PubMed:39532904, ECO:0007744|PDB:8D6A, ECO:0007744|PDB:8D74, ECO:0007744|PDB:8D7R, ECO:0007744|PDB:8D85, ECO:0007744|PDB:8V29, ECO:0007744|PDB:8V2A"; CARBOHYD 157; /note="N-linked (GlcNAc...) asparagine"; /evidence="ECO:0000269|PubMed:11098061, ECO:0000269|PubMed:36930708, ECO:0000269|PubMed:39532904, ECO:0007744|PDB:8D6A, ECO:0007744|PDB:8D74, ECO:0007744|PDB:8D7R, ECO:0007744|PDB:8D82, ECO:0007744|PDB:8D85, ECO:0007744|PDB:8V2A"; CARBOHYD 227; /note="N-linked (GlcNAc...) asparagine"; /evidence="ECO:0000269|PubMed:11098061, ECO:0000269|PubMed:19159218, ECO:0000269|PubMed:20489211, ECO:0000269|PubMed:36930708, ECO:0000269|PubMed:39532904, ECO:0007744|PDB:8D82, ECO:0007744|PDB:8D85, ECO:0007744|PDB:8V29, ECO:0007744|PDB:8V2A"; CARBOHYD 379; /note="N-linked (GlcNAc...) asparagine"; /evidence="ECO:0000269|PubMed:11098061, ECO:0000269|PubMed:16335952, ECO:0000269|PubMed:36930708, ECO:0000269|PubMed:39532904, ECO:0007744|PDB:8D6A, ECO:0007744|PDB:8D74, ECO:0007744|PDB:8D7R, ECO:0007744|PDB:8D82, ECO:0007744|PDB:8V29"; CARBOHYD 383; /note="N-linked (GlcNAc...) asparagine"; /evidence="ECO:0000269|PubMed:11098061, ECO:0000269|PubMed:16335952, ECO:0000269|PubMed:20489211, ECO:0000269|PubMed:36930708, ECO:0000269|PubMed:39532904, ECO:0007744|PDB:8D6A, ECO:0007744|PDB:8D74, ECO:0007744|PDB:8D7R, ECO:0007744|PDB:8D82, ECO:0007744|PDB:8V29"; CARBOHYD 390; /note="N-linked (GlcNAc...) (complex) asparagine"; /evidence="ECO:0000269|PubMed:19139490, ECO:0000269|PubMed:19159218, ECO:0000269|PubMed:36930708, ECO:0000269|PubMed:39532904, ECO:0007744|PDB:8D6A, ECO:0007744|PDB:8D74, ECO:0007744|PDB:8D82, ECO:0007744|PDB:8V29"; CARBOHYD 553; /note="N-linked (GlcNAc...) asparagine"; /evidence="ECO:0000269|PubMed:11098061, ECO:0000269|PubMed:20489211, ECO:0000269|PubMed:36930708, ECO:0007744|PDB:8D82"; CARBOHYD 564; /note="N-linked (GlcNAc...) asparagine"; /evidence="ECO:0000269|PubMed:11098061, ECO:0000269|PubMed:36930708, ECO:0007744|PDB:8D82"	
Q9HB29	IL1RL2 IL1RRP2	CARBOHYD 41; /note="N-linked (GlcNAc...) asparagine"; /evidence="ECO:0000255"; CARBOHYD 59; /note="N-linked (GlcNAc...) asparagine"; /evidence="ECO:0000255"; CARBOHYD 109; /note="N-linked (GlcNAc...) asparagine"; /evidence="ECO:0000255"; CARBOHYD 127; /note="N-linked (GlcNAc...) asparagine"; /evidence="ECO:0000255"; CARBOHYD 184; /note="N-linked (GlcNAc...) asparagine"; /evidence="ECO:0000255"; CARBOHYD 234; /note="N-linked (GlcNAc...) asparagine"; /evidence="ECO:0000255"; CARBOHYD 250; /note="N-linked (GlcNAc...) asparagine"; /evidence="ECO:0000255"; CARBOHYD 266; /note="N-linked (GlcNAc...) asparagine"; /evidence="ECO:0000255"; CARBOHYD 299; /note="N-linked (GlcNAc...) asparagine"; /evidence="ECO:0000255"	
P06213	INSR	CARBOHYD 43; /note="N-linked (GlcNAc...) asparagine"; /evidence="ECO:0000269|PubMed:16894147, ECO:0000269|PubMed:23302862, ECO:0000269|PubMed:2983222"; CARBOHYD 52; /note="N-linked (GlcNAc...) asparagine"; /evidence="ECO:0000269|PubMed:16894147, ECO:0000269|PubMed:23302862"; CARBOHYD 105; /note="N-linked (GlcNAc...) asparagine"; /evidence="ECO:0000255"; CARBOHYD 138; /note="N-linked (GlcNAc...) asparagine"; /evidence="ECO:0000269|PubMed:16894147, ECO:0000269|PubMed:23302862"; CARBOHYD 242; /note="N-linked (GlcNAc...) asparagine"; /evidence="ECO:0000269|PubMed:16894147, ECO:0000269|PubMed:19159218, ECO:0000269|PubMed:23302862"; CARBOHYD 282; /note="N-linked (GlcNAc...) asparagine"; /evidence="ECO:0000269|PubMed:16894147, ECO:0000269|PubMed:23302862"; CARBOHYD 322; /note="N-linked (GlcNAc...) asparagine"; /evidence="ECO:0000255"; CARBOHYD 364; /note="N-linked (GlcNAc...) asparagine"; /evidence="ECO:0000269|PubMed:16894147"; CARBOHYD 424; /note="N-linked (GlcNAc...) asparagine"; /evidence="ECO:0000269|PubMed:16894147"; CARBOHYD 445; /note="N-linked (GlcNAc...) asparagine"; /evidence="ECO:0000269|PubMed:16894147, ECO:0000269|PubMed:19349973"; CARBOHYD 541; /note="N-linked (GlcNAc...) asparagine"; /evidence="ECO:0000269|PubMed:1472036, ECO:0000269|PubMed:19159218"; CARBOHYD 633; /note="N-linked (GlcNAc...) asparagine"; /evidence="ECO:0000255"; CARBOHYD 651; /note="N-linked (GlcNAc...) asparagine"; /evidence="ECO:0000255"; CARBOHYD 698; /note="N-linked (GlcNAc...) asparagine"; /evidence="ECO:0000255"; CARBOHYD 769; /note="N-linked (GlcNAc...) asparagine"; /evidence="ECO:0000269|PubMed:2983222"; CARBOHYD 782; /note="N-linked (GlcNAc...) asparagine"; /evidence="ECO:0000255"; CARBOHYD 920; /note="N-linked (GlcNAc...) asparagine"; /evidence="ECO:0000269|PubMed:19349973"; CARBOHYD 933; /note="N-linked (GlcNAc...) asparagine"; /evidence="ECO:0000255"	
Q9Y5Q6	INSL5 UNQ156/PRO182		
P05111	INHA	CARBOHYD 146; /note="N-linked (GlcNAc...) asparagine"; /evidence="ECO:0000255"; CARBOHYD 268; /note="N-linked (GlcNAc...) asparagine"; /evidence="ECO:0000269|PubMed:8885240"; CARBOHYD 302; /note="N-linked (GlcNAc...) asparagine; partial"; /evidence="ECO:0000269|PubMed:8885240"	
Q9NPH9	IL26 AK155		
P23229	ITGA6	CARBOHYD 78; /note="N-linked (GlcNAc...) asparagine"; /evidence="ECO:0000255"; CARBOHYD 223; /note="N-linked (GlcNAc...) asparagine"; /evidence="ECO:0000255"; CARBOHYD 323; /note="N-linked (GlcNAc...) asparagine"; /evidence="ECO:0000269|PubMed:16263699"; CARBOHYD 409; /note="N-linked (GlcNAc...) asparagine"; /evidence="ECO:0000255"; CARBOHYD 770; /note="N-linked (GlcNAc...) asparagine"; /evidence="ECO:0000255"; CARBOHYD 787; /note="N-linked (GlcNAc...) asparagine"; /evidence="ECO:0000255"; CARBOHYD 930; /note="N-linked (GlcNAc...) asparagine"; /evidence="ECO:0000255"; CARBOHYD 966; /note="N-linked (GlcNAc...) asparagine"; /evidence="ECO:0000255"; CARBOHYD 997; /note="N-linked (GlcNAc...) asparagine"; /evidence="ECO:0000269|PubMed:19159218"	LIPID 1078; /note="S-palmitoyl cysteine; by DHHC3"; /evidence="ECO:0000269|PubMed:15611341, ECO:0000269|PubMed:22314500"
Q8NEV9	IL27 IL27A IL30		
O95256	IL18RAP IL1R7	CARBOHYD 21; /note="N-linked (GlcNAc...) asparagine"; /evidence="ECO:0000255"; CARBOHYD 119; /note="N-linked (GlcNAc...) asparagine"; /evidence="ECO:0000269|PubMed:25500532, ECO:0007744|PDB:3WO4"; CARBOHYD 152; /note="N-linked (GlcNAc...) asparagine"; /evidence="ECO:0000269|PubMed:25500532, ECO:0007744|PDB:3WO4"; CARBOHYD 345; /note="N-linked (GlcNAc...) asparagine"; /evidence="ECO:0000269|PubMed:25500532, ECO:0007744|PDB:3WO4"	
Q8N6P7	IL22RA1 IL22R	CARBOHYD 80; /note="N-linked (GlcNAc...) asparagine"; /evidence="ECO:0000255"; CARBOHYD 172; /note="N-linked (GlcNAc...) asparagine"; /evidence="ECO:0000255"	
P26006	ITGA3 MSK18	CARBOHYD 86; /note="N-linked (GlcNAc...) asparagine"; /evidence="ECO:0000255"; CARBOHYD 107; /note="N-linked (GlcNAc...) asparagine"; /evidence="ECO:0000255"; CARBOHYD 265; /note="N-linked (GlcNAc...) asparagine"; /evidence="ECO:0000255"; CARBOHYD 500; /note="N-linked (GlcNAc...) asparagine"; /evidence="ECO:0000255"; CARBOHYD 511; /note="N-linked (GlcNAc...) asparagine"; /evidence="ECO:0000255"; CARBOHYD 573; /note="N-linked (GlcNAc...) asparagine"; /evidence="ECO:0000255"; CARBOHYD 605; /note="N-linked (GlcNAc...) asparagine"; /evidence="ECO:0000255"; CARBOHYD 656; /note="N-linked (GlcNAc...) asparagine"; /evidence="ECO:0000255"; CARBOHYD 697; /note="N-linked (GlcNAc...) asparagine"; /evidence="ECO:0000255"; CARBOHYD 841; /note="N-linked (GlcNAc...) asparagine"; /evidence="ECO:0000255"; CARBOHYD 857; /note="N-linked (GlcNAc...) asparagine"; /evidence="ECO:0000255"; CARBOHYD 926; /note="N-linked (GlcNAc...) asparagine"; /evidence="ECO:0000255"; CARBOHYD 935; /note="N-linked (GlcNAc...) asparagine"; /evidence="ECO:0000255"; CARBOHYD 969; /note="N-linked (GlcNAc...) asparagine"; /evidence="ECO:0000255"	LIPID 1016; /note="S-palmitoyl cysteine"; /evidence="ECO:0000269|PubMed:15611341"
Q14005	IL16		
P05231	IL6 IFNB2	CARBOHYD 73; /note="N-linked (GlcNAc...) asparagine"; /evidence="ECO:0000269|PubMed:1883960"	
Q13007	IL24 MDA7 ST16	CARBOHYD 85; /note="N-linked (GlcNAc...) asparagine"; /evidence="ECO:0000255"; CARBOHYD 99; /note="N-linked (GlcNAc...) asparagine"; /evidence="ECO:0000255"; CARBOHYD 126; /note="N-linked (GlcNAc...) asparagine"; /evidence="ECO:0000255"	
P51460	INSL3 RLF RLNL		
P27930	IL1R2 IL1RB	CARBOHYD 66; /note="N-linked (GlcNAc...) asparagine"; /evidence="ECO:0000255"; CARBOHYD 72; /note="N-linked (GlcNAc...) asparagine"; /evidence="ECO:0000255"; CARBOHYD 112; /note="N-linked (GlcNAc...) asparagine"; /evidence="ECO:0000269|PubMed:20802483"; CARBOHYD 219; /note="N-linked (GlcNAc...) asparagine"; /evidence="ECO:0000269|PubMed:20802483"; CARBOHYD 277; /note="N-linked (GlcNAc...) asparagine"; /evidence="ECO:0000255"	
P17301	ITGA2 CD49B	CARBOHYD 105; /note="N-linked (GlcNAc...) asparagine"; /evidence="ECO:0000255"; CARBOHYD 112; /note="N-linked (GlcNAc...) asparagine"; /evidence="ECO:0000255"; CARBOHYD 343; /note="N-linked (GlcNAc...) asparagine"; /evidence="ECO:0000269|PubMed:16263699, ECO:0000269|PubMed:19159218, ECO:0000269|PubMed:19349973"; CARBOHYD 432; /note="N-linked (GlcNAc...) asparagine"; /evidence="ECO:0000255"; CARBOHYD 460; /note="N-linked (GlcNAc...) asparagine"; /evidence="ECO:0000255"; CARBOHYD 475; /note="N-linked (GlcNAc...) asparagine"; /evidence="ECO:0000255"; CARBOHYD 699; /note="N-linked (GlcNAc...) asparagine"; /evidence="ECO:0000255"; CARBOHYD 1057; /note="N-linked (GlcNAc...) asparagine"; /evidence="ECO:0000255"; CARBOHYD 1074; /note="N-linked (GlcNAc...) asparagine"; /evidence="ECO:0000255"; CARBOHYD 1081; /note="N-linked (GlcNAc...) asparagine"; /evidence="ECO:0000255"	
Q9NZN1	IL1RAPL1 OPHN4	CARBOHYD 63; /note="N-linked (GlcNAc...) asparagine"; /evidence="ECO:0000255"; CARBOHYD 122; /note="N-linked (GlcNAc...) asparagine"; /evidence="ECO:0000255"; CARBOHYD 138; /note="N-linked (GlcNAc...) asparagine"; /evidence="ECO:0000255"; CARBOHYD 213; /note="N-linked (GlcNAc...) asparagine"; /evidence="ECO:0000255"; CARBOHYD 264; /note="N-linked (GlcNAc...) asparagine"; /evidence="ECO:0000255"; CARBOHYD 331; /note="N-linked (GlcNAc...) asparagine"; /evidence="ECO:0000255"	
P14784	IL2RB IL15RB	CARBOHYD 29; /note="N-linked (GlcNAc...) asparagine"; /evidence="ECO:0000255"; CARBOHYD 43; /note="N-linked (GlcNAc...) asparagine"; /evidence="ECO:0000269|PubMed:16477002"; CARBOHYD 71; /note="N-linked (GlcNAc...) asparagine"; /evidence="ECO:0000269|PubMed:16477002"; CARBOHYD 149; /note="N-linked (GlcNAc...) asparagine"; /evidence="ECO:0000269|PubMed:16293754, ECO:0000269|PubMed:16477002"	
Q13478	IL18R1 IL1RRP	CARBOHYD 91; /note="N-linked (GlcNAc...) asparagine"; /evidence="ECO:0000269|PubMed:25500532, ECO:0007744|PDB:3WO3, ECO:0007744|PDB:3WO4"; CARBOHYD 102; /note="N-linked (GlcNAc...) asparagine"; /evidence="ECO:0000269|PubMed:25500532, ECO:0007744|PDB:3WO3, ECO:0007744|PDB:3WO4"; CARBOHYD 150; /note="N-linked (GlcNAc...) asparagine"; /evidence="ECO:0000269|PubMed:25500532, ECO:0007744|PDB:3WO3, ECO:0007744|PDB:3WO4"; CARBOHYD 197; /note="N-linked (GlcNAc...) asparagine"; /evidence="ECO:0000269|PubMed:25261253, ECO:0000269|PubMed:25500532, ECO:0007744|PDB:3WO3, ECO:0007744|PDB:3WO4, ECO:0007744|PDB:4R6U"; CARBOHYD 203; /note="N-linked (GlcNAc...) asparagine"; /evidence="ECO:0000269|PubMed:25261253, ECO:0000269|PubMed:25500532, ECO:0007744|PDB:3WO3, ECO:0007744|PDB:3WO4, ECO:0007744|PDB:4R6U"; CARBOHYD 236; /note="N-linked (GlcNAc...) asparagine"; /evidence="ECO:0000269|PubMed:25261253, ECO:0000269|PubMed:25500532, ECO:0007744|PDB:3WO3, ECO:0007744|PDB:3WO4, ECO:0007744|PDB:4R6U"; CARBOHYD 255; /note="N-linked (GlcNAc...) asparagine"; /evidence="ECO:0000255"; CARBOHYD 297; /note="N-linked (GlcNAc...) asparagine"; /evidence="ECO:0000269|PubMed:25261253, ECO:0000269|PubMed:25500532, ECO:0007744|PDB:3WO3, ECO:0007744|PDB:3WO4, ECO:0007744|PDB:4R6U"	
Q9UKX5	ITGA11 MSTP018	CARBOHYD 82; /note="N-linked (GlcNAc...) asparagine"; /evidence="ECO:0000255"; CARBOHYD 95; /note="N-linked (GlcNAc...) asparagine"; /evidence="ECO:0000255"; CARBOHYD 291; /note="N-linked (GlcNAc...) asparagine"; /evidence="ECO:0000255"; CARBOHYD 331; /note="N-linked (GlcNAc...) asparagine"; /evidence="ECO:0000269|PubMed:19159218"; CARBOHYD 358; /note="N-linked (GlcNAc...) asparagine"; /evidence="ECO:0000255"; CARBOHYD 449; /note="N-linked (GlcNAc...) asparagine"; /evidence="ECO:0000255"; CARBOHYD 462; /note="N-linked (GlcNAc...) asparagine"; /evidence="ECO:0000255"; CARBOHYD 528; /note="N-linked (GlcNAc...) asparagine"; /evidence="ECO:0000255"; CARBOHYD 642; /note="N-linked (GlcNAc...) asparagine"; /evidence="ECO:0000255"; CARBOHYD 694; /note="N-linked (GlcNAc...) asparagine"; /evidence="ECO:0000255"; CARBOHYD 857; /note="N-linked (GlcNAc...) asparagine"; /evidence="ECO:0000255"; CARBOHYD 894; /note="N-linked (GlcNAc...) asparagine"; /evidence="ECO:0000255"; CARBOHYD 973; /note="N-linked (GlcNAc...) asparagine"; /evidence="ECO:0000255"; CARBOHYD 1031; /note="N-linked (GlcNAc...) asparagine"; /evidence="ECO:0000255"; CARBOHYD 1039; /note="N-linked (GlcNAc...) asparagine"; /evidence="ECO:0000255"; CARBOHYD 1059; /note="N-linked (GlcNAc...) asparagine"; /evidence="ECO:0000255"	
Q96F46	IL17RA IL17R	CARBOHYD 49; /note="N-linked (GlcNAc...) asparagine"; /evidence="ECO:0000269|PubMed:19838198, ECO:0000269|PubMed:23695682"; CARBOHYD 54; /note="N-linked (GlcNAc...) asparagine"; /evidence="ECO:0000269|PubMed:19838198, ECO:0000269|PubMed:23695682"; CARBOHYD 67; /note="N-linked (GlcNAc...) asparagine"; /evidence="ECO:0000269|PubMed:19838198"; CARBOHYD 206; /note="N-linked (GlcNAc...) asparagine"; /evidence="ECO:0000255"; CARBOHYD 225; /note="N-linked (GlcNAc...) asparagine"; /evidence="ECO:0000269|PubMed:19838198, ECO:0000269|PubMed:23695682"; CARBOHYD 242; /note="N-linked (GlcNAc...) asparagine"; /evidence="ECO:0000255"; CARBOHYD 265; /note="N-linked (GlcNAc...) asparagine"; /evidence="ECO:0000269|PubMed:19838198"	
P08648	ITGA5 FNRA	CARBOHYD 84; /note="N-linked (GlcNAc...) asparagine"; /evidence="ECO:0000269|PubMed:22451694, ECO:0000269|PubMed:33962943, ECO:0007744|PDB:7NWL, ECO:0007744|PDB:7NXD"; CARBOHYD 182; /note="N-linked (GlcNAc...) asparagine"; /evidence="ECO:0000269|PubMed:22451694, ECO:0000269|PubMed:33962943, ECO:0007744|PDB:7NWL, ECO:0007744|PDB:7NXD"; CARBOHYD 297; /note="N-linked (GlcNAc...) asparagine"; /evidence="ECO:0000269|PubMed:19159218, ECO:0000269|PubMed:19349973, ECO:0000269|PubMed:22451694, ECO:0000269|PubMed:33962943, ECO:0007744|PDB:7NWL, ECO:0007744|PDB:7NXD"; CARBOHYD 307; /note="N-linked (GlcNAc...) asparagine"; /evidence="ECO:0000269|PubMed:19159218, ECO:0000269|PubMed:19349973, ECO:0000269|PubMed:22451694, ECO:0000269|PubMed:33962943, ECO:0007744|PDB:7NWL, ECO:0007744|PDB:7NXD"; CARBOHYD 316; /note="N-linked (GlcNAc...) asparagine"; /evidence="ECO:0000269|PubMed:22451694, ECO:0000269|PubMed:33962943, ECO:0007744|PDB:7NWL, ECO:0007744|PDB:7NXD"; CARBOHYD 524; /note="N-linked (GlcNAc...) asparagine"; /evidence="ECO:0000269|PubMed:33962943, ECO:0007744|PDB:7NXD"; CARBOHYD 530; /note="N-linked (GlcNAc...) asparagine"; /evidence="ECO:0000255"; CARBOHYD 593; /note="N-linked (GlcNAc...) asparagine"; /evidence="ECO:0000255"; CARBOHYD 609; /note="N-linked (GlcNAc...) asparagine"; /evidence="ECO:0000269|PubMed:22451694, ECO:0000269|PubMed:33962943, ECO:0007744|PDB:7NWL, ECO:0007744|PDB:7NXD"; CARBOHYD 675; /note="N-linked (GlcNAc...) asparagine"; /evidence="ECO:0000269|PubMed:19159218"; CARBOHYD 712; /note="N-linked (GlcNAc...) asparagine"; /evidence="ECO:0000255"; CARBOHYD 724; /note="N-linked (GlcNAc...) asparagine"; /evidence="ECO:0000255"; CARBOHYD 773; /note="N-linked (GlcNAc...) asparagine"; /evidence="ECO:0000269|PubMed:19159218, ECO:0000269|PubMed:19349973"; CARBOHYD 868; /note="N-linked (GlcNAc...) asparagine"; /evidence="ECO:0000255"	
Q01344	IL5RA IL5R	CARBOHYD 35; /note="N-linked (GlcNAc...) asparagine"; /evidence="ECO:0000255"; CARBOHYD 131; /note="N-linked (GlcNAc...) asparagine"; /evidence="ECO:0000255"; CARBOHYD 216; /note="N-linked (GlcNAc...) asparagine"; /evidence="ECO:0000255"; CARBOHYD 244; /note="N-linked (GlcNAc...) asparagine"; /evidence="ECO:0000255"	
Q6ZMJ4	IL34 C16orf77	CARBOHYD 76; /note="N-linked (GlcNAc...) asparagine"; /evidence="ECO:0000255"	
Q14627	IL13RA2 IL13R	CARBOHYD 115; /note="N-linked (GlcNAc...) asparagine"; /evidence="ECO:0000255"; CARBOHYD 215; /note="N-linked (GlcNAc...) asparagine"; /evidence="ECO:0000269|PubMed:20223216"; CARBOHYD 290; /note="N-linked (GlcNAc...) asparagine"; /evidence="ECO:0000255"; CARBOHYD 299; /note="N-linked (GlcNAc...) asparagine"; /evidence="ECO:0000255"	
P13612	ITGA4 CD49D	CARBOHYD 79; /note="N-linked (GlcNAc...) asparagine"; /evidence="ECO:0000255"; CARBOHYD 138; /note="N-linked (GlcNAc...) asparagine"; /evidence="ECO:0000255"; CARBOHYD 229; /note="N-linked (GlcNAc...) asparagine"; /evidence="ECO:0000255"; CARBOHYD 480; /note="N-linked (GlcNAc...) asparagine"; /evidence="ECO:0000269|PubMed:19349973"; CARBOHYD 518; /note="N-linked (GlcNAc...) asparagine"; /evidence="ECO:0000269|PubMed:19349973"; CARBOHYD 538; /note="N-linked (GlcNAc...) asparagine"; /evidence="ECO:0000269|PubMed:19349973"; CARBOHYD 626; /note="N-linked (GlcNAc...) asparagine"; /evidence="ECO:0000255"; CARBOHYD 645; /note="N-linked (GlcNAc...) asparagine"; /evidence="ECO:0000269|PubMed:19349973"; CARBOHYD 660; /note="N-linked (GlcNAc...) asparagine"; /evidence="ECO:0000255"; CARBOHYD 806; /note="N-linked (GlcNAc...) asparagine"; /evidence="ECO:0000255"; CARBOHYD 821; /note="N-linked (GlcNAc...) asparagine"; /evidence="ECO:0000255"	
P01584	IL1B IL1F2		
P29459	IL12A NKSF1	CARBOHYD 93; /note="N-linked (GlcNAc...) asparagine"; /evidence="ECO:0000255"; CARBOHYD 107; /note="N-linked (GlcNAc...) asparagine"; /evidence="ECO:0000255"	
Q16552	IL17A CTLA8 IL17	CARBOHYD 68; /note="N-linked (GlcNAc...) asparagine"; /evidence="ECO:0000255"	
P18510	IL1RN IL1F3 IL1RA	CARBOHYD 109; /note="N-linked (GlcNAc...) asparagine"; /evidence="ECO:0000269|PubMed:16335952, ECO:0000269|PubMed:2137200"	
Q9H293	IL25 IL17E UNQ3120/PRO10272	CARBOHYD 136; /note="N-linked (GlcNAc...) asparagine"; /evidence="ECO:0000255"	
P42701	IL12RB1 IL12R IL12RB	CARBOHYD 121; /note="N-linked (GlcNAc...) asparagine"; /evidence="ECO:0000255"; CARBOHYD 329; /note="N-linked (GlcNAc...) asparagine"; /evidence="ECO:0000255"; CARBOHYD 346; /note="N-linked (GlcNAc...) asparagine"; /evidence="ECO:0000255"; CARBOHYD 352; /note="N-linked (GlcNAc...) asparagine"; /evidence="ECO:0000255"; CARBOHYD 442; /note="N-linked (GlcNAc...) asparagine"; /evidence="ECO:0000255"; CARBOHYD 456; /note="N-linked (GlcNAc...) asparagine"; /evidence="ECO:0000255"	
P29460	IL12B NKSF2	CARBOHYD 135; /note="N-linked (GlcNAc...) asparagine"; /evidence="ECO:0000255"; CARBOHYD 222; /note="N-linked (GlcNAc...) asparagine"; /evidence="ECO:0000269|PubMed:10899108"; CARBOHYD 319; /note="C-linked (Man) tryptophan"; /evidence="ECO:0000269|PubMed:10207176"; /id="CAR_000187"	
Q14116	IL18 IGIF IL1F4		
P78552	IL13RA1 IL13R IL13RA	CARBOHYD 37; /note="N-linked (GlcNAc...) asparagine"; /evidence="ECO:0000255"; CARBOHYD 61; /note="N-linked (GlcNAc...) asparagine"; /evidence="ECO:0000255"; CARBOHYD 105; /note="N-linked (GlcNAc...) asparagine"; /evidence="ECO:0000255"; CARBOHYD 138; /note="N-linked (GlcNAc...) asparagine"; /evidence="ECO:0000255"; CARBOHYD 157; /note="N-linked (GlcNAc...) asparagine"; /evidence="ECO:0000255"; CARBOHYD 235; /note="N-linked (GlcNAc...) asparagine"; /evidence="ECO:0000255"; CARBOHYD 265; /note="N-linked (GlcNAc...) asparagine"; /evidence="ECO:0000255"; CARBOHYD 293; /note="N-linked (GlcNAc...) asparagine"; /evidence="ECO:0000255"; CARBOHYD 329; /note="N-linked (GlcNAc...) asparagine"; /evidence="ECO:0000255"; CARBOHYD 341; /note="N-linked (GlcNAc...) asparagine"; /evidence="ECO:0000255"	
Q9UHF4	IL20RA UNQ681/PRO1315	CARBOHYD 42; /note="N-linked (GlcNAc...) asparagine"; /evidence="ECO:0000255"; CARBOHYD 83; /note="N-linked (GlcNAc...) asparagine"; /evidence="ECO:0000255"; CARBOHYD 91; /note="N-linked (GlcNAc...) asparagine"; /evidence="ECO:0000255"; CARBOHYD 182; /note="N-linked (GlcNAc...) asparagine"; /evidence="ECO:0000255"; CARBOHYD 191; /note="N-linked (GlcNAc...) asparagine"; /evidence="ECO:0000255"; CARBOHYD 200; /note="N-linked (GlcNAc...) asparagine"; /evidence="ECO:0000255"	
Q9NPF7	IL23A SGRF UNQ2498/PRO5798		
O75578	ITGA10 UNQ468/PRO827	CARBOHYD 98; /note="N-linked (GlcNAc...) asparagine"; /evidence="ECO:0000255"; CARBOHYD 234; /note="N-linked (GlcNAc...) asparagine"; /evidence="ECO:0000255"; CARBOHYD 336; /note="N-linked (GlcNAc...) asparagine"; /evidence="ECO:0000255"; CARBOHYD 364; /note="N-linked (GlcNAc...) asparagine"; /evidence="ECO:0000255"; CARBOHYD 733; /note="N-linked (GlcNAc...) asparagine"; /evidence="ECO:0000255"; CARBOHYD 763; /note="N-linked (GlcNAc...) asparagine"; /evidence="ECO:0000255"; CARBOHYD 839; /note="N-linked (GlcNAc...) asparagine"; /evidence="ECO:0000255"; CARBOHYD 921; /note="N-linked (GlcNAc...) asparagine"; /evidence="ECO:0000255"; CARBOHYD 1011; /note="N-linked (GlcNAc...) asparagine"; /evidence="ECO:0000255"; CARBOHYD 1018; /note="N-linked (GlcNAc...) asparagine"; /evidence="ECO:0000255"; CARBOHYD 1039; /note="N-linked (GlcNAc...) asparagine"; /evidence="ECO:0000255"	
P08514	ITGA2B GP2B ITGAB	CARBOHYD 46; /note="N-linked (GlcNAc...) asparagine"; /evidence="ECO:0000269|PubMed:15378069, ECO:0000269|PubMed:19111664, ECO:0000269|PubMed:2775232, ECO:0007744|PDB:1TYE, ECO:0007744|PDB:3FCS, ECO:0007744|PDB:3FCU"; CARBOHYD 280; /note="N-linked (GlcNAc...) asparagine"; /evidence="ECO:0000269|PubMed:19111664, ECO:0000269|PubMed:2775232, ECO:0007744|PDB:3FCS"; CARBOHYD 601; /note="N-linked (GlcNAc...) asparagine"; /evidence="ECO:0000269|PubMed:16335952, ECO:0000269|PubMed:19111664, ECO:0000269|PubMed:2775232, ECO:0007744|PDB:3FCS"; CARBOHYD 711; /note="N-linked (GlcNAc...) asparagine"; /evidence="ECO:0000269|PubMed:2775232"; CARBOHYD 874; /note="O-linked (GalNAc...) serine; in variant S-874"; CARBOHYD 878; /note="O-linked (GalNAc...) serine"; /evidence="ECO:0000269|PubMed:7688323"; CARBOHYD 962; /note="N-linked (GlcNAc...) asparagine"	
Q9NPH3	IL1RAP C3orf13 IL1R3	CARBOHYD 57; /note="N-linked (GlcNAc...) asparagine"; /evidence="ECO:0000255"; CARBOHYD 107; /note="N-linked (GlcNAc...) asparagine"; /evidence="ECO:0000269|PubMed:20802483"; CARBOHYD 111; /note="N-linked (GlcNAc...) asparagine"; /evidence="ECO:0000269|PubMed:20802483"; CARBOHYD 118; /note="N-linked (GlcNAc...) asparagine"; /evidence="ECO:0000269|PubMed:20802483"; CARBOHYD 196; /note="N-linked (GlcNAc...) asparagine"; /evidence="ECO:0000255"; CARBOHYD 209; /note="N-linked (GlcNAc...) asparagine"; /evidence="ECO:0000269|PubMed:20802483"; CARBOHYD 299; /note="N-linked (GlcNAc...) asparagine"; /evidence="ECO:0000255"	
Q13683	ITGA7 UNQ406/PRO768	CARBOHYD 86; /note="N-linked (GlcNAc...) asparagine"; /evidence="ECO:0000255"; CARBOHYD 786; /note="N-linked (GlcNAc...) asparagine"; /evidence="ECO:0000255"; CARBOHYD 989; /note="N-linked (GlcNAc...) asparagine"; /evidence="ECO:0000255"; CARBOHYD 1025; /note="N-linked (GlcNAc...) asparagine"; /evidence="ECO:0000269|PubMed:19159218"; CARBOHYD 1045; /note="N-linked (GlcNAc...) asparagine"; /evidence="ECO:0000255"	
Q9NYY1	IL20 ZCYTO10 UNQ852/PRO1801		
Q9HBE5	IL21R NILR UNQ3121/PRO10273	CARBOHYD 73; /note="N-linked (GlcNAc...) asparagine"; /evidence="ECO:0000269|PubMed:22235133"; CARBOHYD 97; /note="N-linked (GlcNAc...) asparagine"; /evidence="ECO:0000255"; CARBOHYD 104; /note="N-linked (GlcNAc...) asparagine"; /evidence="ECO:0000255"; CARBOHYD 125; /note="N-linked (GlcNAc...) asparagine"; /evidence="ECO:0000255"; CARBOHYD 135; /note="N-linked (GlcNAc...) asparagine"; /evidence="ECO:0000255"; CARBOHYD 214; /note="C-linked (Man) tryptophan"; /evidence="ECO:0000269|PubMed:22235133"	
P24394	IL4R IL4RA 582J2.1	CARBOHYD 53; /note="N-linked (GlcNAc...) asparagine"; /evidence="ECO:0000255"; CARBOHYD 98; /note="N-linked (GlcNAc...) asparagine"; /evidence="ECO:0000255"; CARBOHYD 128; /note="N-linked (GlcNAc...) asparagine"; /evidence="ECO:0000255"; CARBOHYD 134; /note="N-linked (GlcNAc...) asparagine"; /evidence="ECO:0000255"; CARBOHYD 176; /note="N-linked (GlcNAc...) asparagine"; /evidence="ECO:0000255"; CARBOHYD 209; /note="N-linked (GlcNAc...) asparagine"; /evidence="ECO:0000255"	
Q6UXL0	IL20RB DIRS1 UNQ557/PRO1114	CARBOHYD 40; /note="N-linked (GlcNAc...) asparagine"; /evidence="ECO:0000255"; CARBOHYD 134; /note="N-linked (GlcNAc...) asparagine"; /evidence="ECO:0000255"	
Q969J5	IL22RA2 UNQ5793/PRO19598/PRO19822	CARBOHYD 56; /note="N-linked (GlcNAc...) asparagine"; /evidence="ECO:0000255"; CARBOHYD 166; /note="N-linked (GlcNAc...) asparagine"; /evidence="ECO:0000255"; CARBOHYD 171; /note="N-linked (GlcNAc...) asparagine"; /evidence="ECO:0000255"; CARBOHYD 192; /note="N-linked (GlcNAc...) asparagine"; /evidence="ECO:0000255"; CARBOHYD 209; /note="N-linked (GlcNAc...) asparagine"; /evidence="ECO:0000255"	
P14778	IL1R1 IL1R IL1RA IL1RT1	CARBOHYD 100; /note="N-linked (GlcNAc...) asparagine"; /evidence="ECO:0000255"; CARBOHYD 193; /note="N-linked (GlcNAc...) asparagine"; /evidence="ECO:0000255"; CARBOHYD 233; /note="N-linked (GlcNAc...) asparagine"; /evidence="ECO:0000255"; CARBOHYD 249; /note="N-linked (GlcNAc...) asparagine"; /evidence="ECO:0000255"; CARBOHYD 263; /note="N-linked (GlcNAc...) asparagine"; /evidence="ECO:0000255"; CARBOHYD 297; /note="N-linked (GlcNAc...) asparagine"; /evidence="ECO:0000255"	
Q9GZX6	IL22 ILTIF ZCYTO18 UNQ3099/PRO10096	CARBOHYD 54; /note="N-linked (GlcNAc...) asparagine"; /evidence="ECO:0000269|PubMed:15983417"; CARBOHYD 68; /note="N-linked (GlcNAc...) asparagine"; /evidence="ECO:0000255"; CARBOHYD 97; /note="N-linked (GlcNAc...) asparagine"; /evidence="ECO:0000269|PubMed:15983417"	
Q8NAC3	IL17RC UNQ6118/PRO20040/PRO38901	CARBOHYD 189; /note="N-linked (GlcNAc...) asparagine"; /evidence="ECO:0000255"; CARBOHYD 257; /note="N-linked (GlcNAc...) asparagine"; /evidence="ECO:0000255"; CARBOHYD 284; /note="N-linked (GlcNAc...) asparagine"; /evidence="ECO:0000255"; CARBOHYD 297; /note="N-linked (GlcNAc...) asparagine"; /evidence="ECO:0000255"; CARBOHYD 324; /note="N-linked (GlcNAc...) asparagine"; /evidence="ECO:0000255"; CARBOHYD 334; /note="N-linked (GlcNAc...) asparagine"; /evidence="ECO:0000255"; CARBOHYD 420; /note="N-linked (GlcNAc...) asparagine"; /evidence="ECO:0000255"; CARBOHYD 443; /note="N-linked (GlcNAc...) asparagine"; /evidence="ECO:0000255"; CARBOHYD 477; /note="N-linked (GlcNAc...) asparagine"; /evidence="ECO:0000255"	
Q6UWB1	IL27RA CRL1 TCCR WSX1 UNQ296/PRO336	CARBOHYD 51; /note="N-linked (GlcNAc...) asparagine"; /evidence="ECO:0000255"; CARBOHYD 76; /note="N-linked (GlcNAc...) asparagine"; /evidence="ECO:0000255, ECO:0000269|PubMed:36930708, ECO:0007744|PDB:8D85"; CARBOHYD 302; /note="N-linked (GlcNAc...) asparagine"; /evidence="ECO:0000255"; CARBOHYD 311; /note="N-linked (GlcNAc...) asparagine"; /evidence="ECO:0000255"; CARBOHYD 374; /note="N-linked (GlcNAc...) asparagine"; /evidence="ECO:0000255"; CARBOHYD 382; /note="N-linked (GlcNAc...) asparagine"; /evidence="ECO:0000255"; CARBOHYD 467; /note="N-linked (GlcNAc...) asparagine"; /evidence="ECO:0000255"	
Q9NRM6	IL17RB CRL4 EVI27 IL17BR UNQ2501/PRO19612	CARBOHYD 67; /note="N-linked (GlcNAc...) asparagine"; /evidence="ECO:0000255"; CARBOHYD 103; /note="N-linked (GlcNAc...) asparagine"; /evidence="ECO:0000255"; CARBOHYD 156; /note="N-linked (GlcNAc...) asparagine"; /evidence="ECO:0000255"; CARBOHYD 183; /note="N-linked (GlcNAc...) asparagine"; /evidence="ECO:0000255"; CARBOHYD 197; /note="N-linked (GlcNAc...) asparagine"; /evidence="ECO:0000255"; CARBOHYD 283; /note="N-linked (GlcNAc...) asparagine"; /evidence="ECO:0000255"	
Q8WWZ1	IL1F10 FIL1T IL1HY2 IL38 FKSG75 UNQ6119/PRO20041		
Q8NI17	IL31RA CRL3 GPL UNQ6368/PRO21073/PRO21384	CARBOHYD 37; /note="N-linked (GlcNAc...) asparagine"; /evidence="ECO:0000255"; CARBOHYD 67; /note="N-linked (GlcNAc...) asparagine"; /evidence="ECO:0000255"; CARBOHYD 93; /note="N-linked (GlcNAc...) asparagine"; /evidence="ECO:0000255"; CARBOHYD 166; /note="N-linked (GlcNAc...) asparagine"; /evidence="ECO:0000255"; CARBOHYD 187; /note="N-linked (GlcNAc...) asparagine"; /evidence="ECO:0000255"; CARBOHYD 277; /note="N-linked (GlcNAc...) asparagine"; /evidence="ECO:0000255"; CARBOHYD 283; /note="N-linked (GlcNAc...) asparagine"; /evidence="ECO:0000255"; CARBOHYD 395; /note="N-linked (GlcNAc...) asparagine"; /evidence="ECO:0000255"; CARBOHYD 455; /note="N-linked (GlcNAc...) asparagine"; /evidence="ECO:0000255"; CARBOHYD 504; /note="N-linked (GlcNAc...) asparagine"; /evidence="ECO:0000255"	
P58166	INHBE	CARBOHYD 198; /note="N-linked (GlcNAc...) asparagine"; /evidence="ECO:0000269|PubMed:19159218"	
P55103	INHBC	CARBOHYD 110; /note="N-linked (GlcNAc...) asparagine"; /evidence="ECO:0000255"; CARBOHYD 143; /note="N-linked (GlcNAc...) asparagine"; /evidence="ECO:0000255"; CARBOHYD 161; /note="N-linked (GlcNAc...) asparagine"; /evidence="ECO:0000255"	
Q6EBC2	IL31	CARBOHYD 67; /note="N-linked (GlcNAc...) asparagine"; /evidence="ECO:0000255"; CARBOHYD 100; /note="N-linked (GlcNAc...) asparagine"; /evidence="ECO:0000255"	
F8WCM5	INS-IGF2		
Q9BQ66	KRTAP4-12 KAP4.12 KRTAP4.12		
P11047	LAMC1 LAMB2	CARBOHYD 60; /note="N-linked (GlcNAc...) asparagine"; /evidence="ECO:0000255"; CARBOHYD 134; /note="N-linked (GlcNAc...) asparagine"; /evidence="ECO:0000255"; CARBOHYD 576; /note="N-linked (GlcNAc...) asparagine"; /evidence="ECO:0000255"; CARBOHYD 650; /note="N-linked (GlcNAc...) asparagine"; /evidence="ECO:0000269|PubMed:12754519, ECO:0000269|PubMed:19159218"; CARBOHYD 1022; /note="N-linked (GlcNAc...) asparagine"; /evidence="ECO:0000255"; CARBOHYD 1107; /note="N-linked (GlcNAc...) asparagine"; /evidence="ECO:0000269|PubMed:16335952, ECO:0000269|PubMed:19159218"; CARBOHYD 1161; /note="N-linked (GlcNAc...) asparagine"; /evidence="ECO:0000269|PubMed:16335952"; CARBOHYD 1175; /note="N-linked (GlcNAc...) asparagine"; /evidence="ECO:0000269|PubMed:16335952"; CARBOHYD 1205; /note="N-linked (GlcNAc...) asparagine"; /evidence="ECO:0000255"; CARBOHYD 1223; /note="N-linked (GlcNAc...) asparagine"; /evidence="ECO:0000269|PubMed:16335952"; CARBOHYD 1241; /note="N-linked (GlcNAc...) asparagine"; /evidence="ECO:0000269|PubMed:19159218"; CARBOHYD 1380; /note="N-linked (GlcNAc...) asparagine"; /evidence="ECO:0000255"; CARBOHYD 1395; /note="N-linked (GlcNAc...) asparagine"; /evidence="ECO:0000269|PubMed:16335952, ECO:0000269|PubMed:19159218"; CARBOHYD 1439; /note="N-linked (GlcNAc...) asparagine"; /evidence="ECO:0000255"	
Q9GZZ8	LACRT	CARBOHYD 119; /note="N-linked (GlcNAc...) asparagine"; /evidence="ECO:0000269|PubMed:16740002"	
P08519	LPA	CARBOHYD 61; /note="N-linked (GlcNAc...) asparagine"; /evidence="ECO:0000255|PROSITE-ProRule:PRU00498"; CARBOHYD 101; /note="N-linked (GlcNAc...) asparagine"; /evidence="ECO:0000255|PROSITE-ProRule:PRU00498"; CARBOHYD 215; /note="N-linked (GlcNAc...) asparagine"; /evidence="ECO:0000255|PROSITE-ProRule:PRU00498"; CARBOHYD 329; /note="N-linked (GlcNAc...) asparagine"; /evidence="ECO:0000255|PROSITE-ProRule:PRU00498"; CARBOHYD 443; /note="N-linked (GlcNAc...) asparagine"; /evidence="ECO:0000255|PROSITE-ProRule:PRU00498"; CARBOHYD 557; /note="N-linked (GlcNAc...) asparagine"; /evidence="ECO:0000255|PROSITE-ProRule:PRU00498"; CARBOHYD 671; /note="N-linked (GlcNAc...) asparagine"; /evidence="ECO:0000255|PROSITE-ProRule:PRU00498"; CARBOHYD 785; /note="N-linked (GlcNAc...) asparagine"; /evidence="ECO:0000255|PROSITE-ProRule:PRU00498"; CARBOHYD 899; /note="N-linked (GlcNAc...) asparagine"; /evidence="ECO:0000255|PROSITE-ProRule:PRU00498"; CARBOHYD 1013; /note="N-linked (GlcNAc...) asparagine"; /evidence="ECO:0000255|PROSITE-ProRule:PRU00498"; CARBOHYD 1127; /note="N-linked (GlcNAc...) asparagine"; /evidence="ECO:0000255|PROSITE-ProRule:PRU00498"; CARBOHYD 1241; /note="N-linked (GlcNAc...) asparagine"; /evidence="ECO:0000255|PROSITE-ProRule:PRU00498"; CARBOHYD 1347; /note="N-linked (GlcNAc...) asparagine"; /evidence="ECO:0000255|PROSITE-ProRule:PRU00498"; CARBOHYD 1381; /note="N-linked (GlcNAc...) asparagine"; /evidence="ECO:0000255|PROSITE-ProRule:PRU00498"; CARBOHYD 1461; /note="N-linked (GlcNAc...) asparagine"; /evidence="ECO:0000255|PROSITE-ProRule:PRU00498"; CARBOHYD 1575; /note="N-linked (GlcNAc...) asparagine"; /evidence="ECO:0000255|PROSITE-ProRule:PRU00498"; CARBOHYD 1689; /note="N-linked (GlcNAc...) asparagine"; /evidence="ECO:0000255|PROSITE-ProRule:PRU00498"	
P26715	KLRC1 NKG2A	CARBOHYD 102; /note="N-linked (GlcNAc...) asparagine"; /evidence="ECO:0000255"; CARBOHYD 103; /note="N-linked (GlcNAc...) asparagine"; /evidence="ECO:0000255"; CARBOHYD 151; /note="N-linked (GlcNAc...) asparagine"; /evidence="ECO:0000255"; CARBOHYD 180; /note="N-linked (GlcNAc...) asparagine"; /evidence="ECO:0000255"	
P03952	KLKB1 KLK3	CARBOHYD 127; /note="N-linked (GlcNAc...) asparagine"; /evidence="ECO:0000269|PubMed:16335952, ECO:0000269|PubMed:3521732"; CARBOHYD 308; /note="N-linked (GlcNAc...) asparagine"; /evidence="ECO:0000269|PubMed:16335952, ECO:0000269|PubMed:19159218, ECO:0000269|PubMed:3521732"; CARBOHYD 396; /note="N-linked (GlcNAc...) asparagine"; /evidence="ECO:0000269|PubMed:16335952, ECO:0000269|PubMed:19159218, ECO:0000269|PubMed:3521732"; CARBOHYD 453; /note="N-linked (GlcNAc...) asparagine"; /evidence="ECO:0000269|PubMed:12754519, ECO:0000269|PubMed:16335952, ECO:0000269|PubMed:19159218, ECO:0000269|PubMed:3521732"; CARBOHYD 494; /note="N-linked (GlcNAc...) asparagine"; /evidence="ECO:0000269|PubMed:16335952, ECO:0000269|PubMed:19159218, ECO:0000269|PubMed:3521732"	
P07288	KLK3 APS	CARBOHYD 69; /note="N-linked (GlcNAc...) asparagine"	
P26717	KLRC2 NKG2C	CARBOHYD 100; /note="N-linked (GlcNAc...) asparagine"; /evidence="ECO:0000255"; CARBOHYD 149; /note="N-linked (GlcNAc...) asparagine"; /evidence="ECO:0000255"; CARBOHYD 178; /note="N-linked (GlcNAc...) asparagine"; /evidence="ECO:0000255"	
P31025	LCN1 VEGP		
P01229	LHB	CARBOHYD 50; /note="N-linked (GlcNAc...) asparagine"; /id="CAR_000045"	
Q9NSA2	KCND1	CARBOHYD 352; /note="N-linked (GlcNAc...) asparagine"; /evidence="ECO:0000255"; CARBOHYD 355; /note="N-linked (GlcNAc...) asparagine"; /evidence="ECO:0000255"	
P26010	ITGB7	CARBOHYD 68; /note="N-linked (GlcNAc...) asparagine"; /evidence="ECO:0000255"; CARBOHYD 279; /note="N-linked (GlcNAc...) asparagine"; /evidence="ECO:0000269|PubMed:22232704, ECO:0007744|PDB:3V4P, ECO:0007744|PDB:3V4V"; CARBOHYD 434; /note="N-linked (GlcNAc...) asparagine"; /evidence="ECO:0000269|PubMed:22232704, ECO:0007744|PDB:3V4V"; CARBOHYD 477; /note="N-linked (GlcNAc...) asparagine"; /evidence="ECO:0000255"; CARBOHYD 531; /note="N-linked (GlcNAc...) asparagine"; /evidence="ECO:0000255"; CARBOHYD 590; /note="N-linked (GlcNAc...) asparagine"; /evidence="ECO:0000255"; CARBOHYD 665; /note="N-linked (GlcNAc...) asparagine"; /evidence="ECO:0000255"; CARBOHYD 674; /note="N-linked (GlcNAc...) asparagine"; /evidence="ECO:0000255"	
P78508	KCNJ10		
Q86Z14	KLB	CARBOHYD 71; /note="N-linked (GlcNAc...) asparagine"; /evidence="ECO:0000255"; CARBOHYD 120; /note="N-linked (GlcNAc...) asparagine"; /evidence="ECO:0000255"; CARBOHYD 125; /note="N-linked (GlcNAc...) asparagine"; /evidence="ECO:0000255"; CARBOHYD 211; /note="N-linked (GlcNAc...) asparagine"; /evidence="ECO:0000255"; CARBOHYD 308; /note="N-linked (GlcNAc...) asparagine"; /evidence="ECO:0000255"; CARBOHYD 391; /note="N-linked (GlcNAc...) asparagine"; /evidence="ECO:0000255"; CARBOHYD 554; /note="N-linked (GlcNAc...) asparagine"; /evidence="ECO:0000255"; CARBOHYD 611; /note="N-linked (GlcNAc...) asparagine"; /evidence="ECO:0000255"; CARBOHYD 702; /note="N-linked (GlcNAc...) asparagine"; /evidence="ECO:0000255"; CARBOHYD 706; /note="N-linked (GlcNAc...) asparagine"; /evidence="ECO:0000255"; CARBOHYD 971; /note="N-linked (GlcNAc...) asparagine"; /evidence="ECO:0000255"	
P42702	LIFR	CARBOHYD 64; /note="N-linked (GlcNAc...) asparagine"; /evidence="ECO:0000255"; CARBOHYD 85; /note="N-linked (GlcNAc...) asparagine"; /evidence="ECO:0000255"; CARBOHYD 131; /note="N-linked (GlcNAc...) asparagine"; /evidence="ECO:0000269|PubMed:18775332"; CARBOHYD 143; /note="N-linked (GlcNAc...) asparagine"; /evidence="ECO:0000255"; CARBOHYD 191; /note="N-linked (GlcNAc...) asparagine"; /evidence="ECO:0000255"; CARBOHYD 243; /note="N-linked (GlcNAc...) asparagine"; /evidence="ECO:0000255"; CARBOHYD 303; /note="N-linked (GlcNAc...) asparagine"; /evidence="ECO:0000269|PubMed:18775332, ECO:0000269|PubMed:39532904, ECO:0007744|PDB:8V29, ECO:0007744|PDB:8V2A"; CARBOHYD 390; /note="N-linked (GlcNAc...) asparagine"; /evidence="ECO:0000255"; CARBOHYD 407; /note="N-linked (GlcNAc...) asparagine"; /evidence="ECO:0000269|PubMed:18775332"; CARBOHYD 426; /note="N-linked (GlcNAc...) asparagine"; /evidence="ECO:0000269|PubMed:18775332, ECO:0000269|PubMed:36930708, ECO:0007744|PDB:8D7R"; CARBOHYD 445; /note="N-linked (GlcNAc...) asparagine"; /evidence="ECO:0000255, ECO:0000269|PubMed:39532904, ECO:0007744|PDB:8V29"; CARBOHYD 481; /note="N-linked (GlcNAc...) asparagine"; /evidence="ECO:0000255"; CARBOHYD 489; /note="N-linked (GlcNAc...) asparagine"; /evidence="ECO:0000255, ECO:0000269|PubMed:39532904, ECO:0007744|PDB:8V29"; CARBOHYD 572; /note="N-linked (GlcNAc...) asparagine"; /evidence="ECO:0000255"; CARBOHYD 652; /note="N-linked (GlcNAc...) asparagine"; /evidence="ECO:0000255"; CARBOHYD 663; /note="N-linked (GlcNAc...) asparagine"; /evidence="ECO:0000255"; CARBOHYD 680; /note="N-linked (GlcNAc...) asparagine"; /evidence="ECO:0000255"; CARBOHYD 729; /note="N-linked (GlcNAc...) asparagine"; /evidence="ECO:0000255"; CARBOHYD 787; /note="N-linked (GlcNAc...) asparagine"; /evidence="ECO:0000255"	
Q15726	KISS1 PP5098		
Q8N6C8	LILRA3 ILT6 LIR4	CARBOHYD 140; /note="N-linked (GlcNAc...) asparagine"; /evidence="ECO:0000269|PubMed:24085305"; CARBOHYD 281; /note="N-linked (GlcNAc...) asparagine"; /evidence="ECO:0000269|PubMed:24085305"; CARBOHYD 302; /note="N-linked (GlcNAc...) asparagine"; /evidence="ECO:0000269|PubMed:24085305"; CARBOHYD 341; /note="N-linked (GlcNAc...) asparagine"; /evidence="ECO:0000269|PubMed:24085305"; CARBOHYD 431; /note="N-linked (GlcNAc...) asparagine"; /evidence="ECO:0000269|PubMed:24085305"	
P01130	LDLR	CARBOHYD 97; /note="N-linked (GlcNAc...) asparagine"; /evidence="ECO:0000255"; CARBOHYD 156; /note="N-linked (GlcNAc...) asparagine"; /evidence="ECO:0000269|PubMed:19520913"; CARBOHYD 272; /note="N-linked (GlcNAc...) asparagine"; /evidence="ECO:0000269|PubMed:19520913"; CARBOHYD 515; /note="N-linked (GlcNAc...) asparagine"; /evidence="ECO:0000255"; CARBOHYD 657; /note="N-linked (GlcNAc...) asparagine"; /evidence="ECO:0000269|PubMed:12754519, ECO:0000269|PubMed:16335952, ECO:0000269|PubMed:19159218"	
P20702	ITGAX CD11C	CARBOHYD 61; /note="N-linked (GlcNAc...) asparagine"; /evidence="ECO:0000269|PubMed:20033057"; CARBOHYD 89; /note="N-linked (GlcNAc...) asparagine"; /evidence="ECO:0000255"; CARBOHYD 392; /note="N-linked (GlcNAc...) asparagine"; /evidence="ECO:0000269|PubMed:20033057"; CARBOHYD 697; /note="N-linked (GlcNAc...) asparagine"; /evidence="ECO:0000269|PubMed:20033057"; CARBOHYD 735; /note="N-linked (GlcNAc...) asparagine"; /evidence="ECO:0000269|PubMed:20033057"; CARBOHYD 899; /note="N-linked (GlcNAc...) asparagine"; /evidence="ECO:0000269|PubMed:19159218, ECO:0000269|PubMed:20033057"; CARBOHYD 939; /note="N-linked (GlcNAc...) asparagine"; /evidence="ECO:0000255"; CARBOHYD 1050; /note="N-linked (GlcNAc...) asparagine"; /evidence="ECO:0000255"	
P23276	KEL	CARBOHYD 94; /note="N-linked (GlcNAc...) asparagine"; /evidence="ECO:0000255"; CARBOHYD 115; /note="N-linked (GlcNAc...) asparagine"; /evidence="ECO:0000255"; CARBOHYD 191; /note="N-linked (GlcNAc...) asparagine; in KEL2 antigen"; /evidence="ECO:0000269|PubMed:11336649"; CARBOHYD 345; /note="N-linked (GlcNAc...) asparagine"; /evidence="ECO:0000255"; CARBOHYD 627; /note="N-linked (GlcNAc...) asparagine"; /evidence="ECO:0000255"	
P43626	KIR2DL1 CD158A NKAT1	CARBOHYD 67; /note="N-linked (GlcNAc...) asparagine"; /evidence="ECO:0000255"; CARBOHYD 84; /note="N-linked (GlcNAc...) asparagine"; /evidence="ECO:0000255"; CARBOHYD 144; /note="N-linked (GlcNAc...) asparagine"; /evidence="ECO:0000255"; CARBOHYD 178; /note="N-linked (GlcNAc...) asparagine"; /evidence="ECO:0000255"	
Q9Y6N6	LAMC3	CARBOHYD 87; /note="N-linked (GlcNAc...) asparagine"; /evidence="ECO:0000255"; CARBOHYD 119; /note="N-linked (GlcNAc...) asparagine"; /evidence="ECO:0000255"; CARBOHYD 295; /note="N-linked (GlcNAc...) asparagine"; /evidence="ECO:0000255"; CARBOHYD 328; /note="N-linked (GlcNAc...) asparagine"; /evidence="ECO:0000255"; CARBOHYD 631; /note="N-linked (GlcNAc...) asparagine"; /evidence="ECO:0000255"; CARBOHYD 837; /note="N-linked (GlcNAc...) asparagine"; /evidence="ECO:0000255"; CARBOHYD 980; /note="N-linked (GlcNAc...) asparagine"; /evidence="ECO:0000255"; CARBOHYD 1185; /note="N-linked (GlcNAc...) asparagine"; /evidence="ECO:0000255"	
Q08380	LGALS3BP M2BP	CARBOHYD 69; /note="N-linked (GlcNAc...) (complex) asparagine"; /evidence="ECO:0000269|PubMed:15084671, ECO:0000269|PubMed:16335952, ECO:0000269|PubMed:16740002, ECO:0000269|PubMed:18780401, ECO:0000269|PubMed:19139490, ECO:0000269|PubMed:19159218, ECO:0000269|PubMed:9501082"; CARBOHYD 125; /note="N-linked (GlcNAc...) asparagine"; /evidence="ECO:0000269|PubMed:16335952, ECO:0000269|PubMed:19159218"; CARBOHYD 192; /note="N-linked (GlcNAc...) asparagine"; /evidence="ECO:0000269|PubMed:16335952, ECO:0000269|PubMed:19159218"; CARBOHYD 362; /note="N-linked (GlcNAc...) asparagine"; CARBOHYD 398; /note="N-linked (GlcNAc...) (complex) asparagine"; /evidence="ECO:0000269|PubMed:16335952, ECO:0000269|PubMed:16740002, ECO:0000269|PubMed:19139490, ECO:0000269|PubMed:19159218"; CARBOHYD 551; /note="N-linked (GlcNAc...) (complex) asparagine"; /evidence="ECO:0000269|PubMed:16335952, ECO:0000269|PubMed:16740002, ECO:0000269|PubMed:18780401, ECO:0000269|PubMed:19139490, ECO:0000269|PubMed:19159218"; CARBOHYD 580; /note="N-linked (GlcNAc...) (complex) asparagine"; /evidence="ECO:0000269|PubMed:16335952, ECO:0000269|PubMed:16740002, ECO:0000269|PubMed:19139490"	
P11279	LAMP1	CARBOHYD 37; /note="N-linked (GlcNAc...) asparagine"; /evidence="ECO:0000269|PubMed:8323299"; CARBOHYD 45; /note="N-linked (GlcNAc...) asparagine"; /evidence="ECO:0000269|PubMed:8323299"; CARBOHYD 62; /note="N-linked (GlcNAc...) (polylactosaminoglycan) asparagine"; /evidence="ECO:0000269|PubMed:12754519, ECO:0000269|PubMed:19159218"; CARBOHYD 76; /note="N-linked (GlcNAc...) asparagine"; /evidence="ECO:0000269|PubMed:19159218, ECO:0000269|PubMed:2243102"; CARBOHYD 84; /note="N-linked (GlcNAc...) asparagine"; /evidence="ECO:0000269|PubMed:19159218"; CARBOHYD 103; /note="N-linked (GlcNAc...) asparagine"; /evidence="ECO:0000269|PubMed:12754519, ECO:0000269|PubMed:16335952, ECO:0000269|PubMed:19159218"; CARBOHYD 107; /note="N-linked (GlcNAc...) asparagine"; /evidence="ECO:0000269|PubMed:8323299"; CARBOHYD 121; /note="N-linked (GlcNAc...) (polylactosaminoglycan) asparagine"; /evidence="ECO:0000269|PubMed:19159218"; CARBOHYD 130; /note="N-linked (GlcNAc...) (polylactosaminoglycan) asparagine"; /evidence="ECO:0000269|PubMed:19159218"; CARBOHYD 165; /note="N-linked (GlcNAc...) asparagine"; /evidence="ECO:0000269|PubMed:2243102, ECO:0000269|PubMed:8323299"; CARBOHYD 181; /note="N-linked (GlcNAc...) asparagine"; /evidence="ECO:0000269|PubMed:2243102, ECO:0000269|PubMed:8323299"; CARBOHYD 197; /note="O-linked (GalNAc...) serine; partial"; /evidence="ECO:0000269|PubMed:8323299"; CARBOHYD 199; /note="O-linked (GalNAc...) threonine"; /evidence="ECO:0000269|PubMed:8323299"; CARBOHYD 200; /note="O-linked (GalNAc...) threonine"; /evidence="ECO:0000269|PubMed:8323299"; CARBOHYD 207; /note="O-linked (GalNAc...) serine"; /evidence="ECO:0000269|PubMed:8323299"; CARBOHYD 209; /note="O-linked (GalNAc...) serine"; /evidence="ECO:0000269|PubMed:8323299"; CARBOHYD 211; /note="O-linked (GalNAc...) serine"; /evidence="ECO:0000269|PubMed:8323299"; CARBOHYD 223; /note="N-linked (GlcNAc...) (polylactosaminoglycan) asparagine"; /evidence="ECO:0000269|PubMed:8323299"; CARBOHYD 228; /note="N-linked (GlcNAc...) (polylactosaminoglycan) asparagine"; /evidence="ECO:0000269|PubMed:8323299"; CARBOHYD 241; /note="N-linked (GlcNAc...) asparagine"; /evidence="ECO:0000269|PubMed:8323299"; CARBOHYD 249; /note="N-linked (GlcNAc...) asparagine"; /evidence="ECO:0000269|PubMed:16335952, ECO:0000269|PubMed:19159218"; CARBOHYD 261; /note="N-linked (GlcNAc...) asparagine"; /evidence="ECO:0000269|PubMed:2243102, ECO:0000269|PubMed:8323299"; CARBOHYD 293; /note="N-linked (GlcNAc...) asparagine"; /evidence="ECO:0000269|PubMed:19159218"; CARBOHYD 322; /note="N-linked (GlcNAc...) asparagine"; /evidence="ECO:0000269|PubMed:8323299"	
Q16363	LAMA4	CARBOHYD 39; /note="O-linked (Xyl...) (chondroitin sulfate) serine"; /evidence="ECO:0000269|PubMed:25326458, ECO:0000269|PubMed:32337544, ECO:0000269|PubMed:36213313, ECO:0000269|PubMed:37453717"; CARBOHYD 104; /note="N-linked (GlcNAc...) asparagine"; /evidence="ECO:0000255"; CARBOHYD 215; /note="N-linked (GlcNAc...) asparagine"; /evidence="ECO:0000255"; CARBOHYD 315; /note="N-linked (GlcNAc...) asparagine"; /evidence="ECO:0000255"; CARBOHYD 465; /note="N-linked (GlcNAc...) asparagine"; /evidence="ECO:0000255"; CARBOHYD 531; /note="N-linked (GlcNAc...) asparagine"; /evidence="ECO:0000255"; CARBOHYD 557; /note="N-linked (GlcNAc...) asparagine"; /evidence="ECO:0000269|PubMed:19159218"; CARBOHYD 578; /note="N-linked (GlcNAc...) asparagine"; /evidence="ECO:0000269|PubMed:19159218"; CARBOHYD 581; /note="N-linked (GlcNAc...) asparagine"; /evidence="ECO:0000269|PubMed:19159218"; CARBOHYD 638; /note="N-linked (GlcNAc...) asparagine"; /evidence="ECO:0000255"; CARBOHYD 646; /note="N-linked (GlcNAc...) asparagine"; /evidence="ECO:0000255"; CARBOHYD 742; /note="N-linked (GlcNAc...) asparagine"; /evidence="ECO:0000269|PubMed:19159218"; CARBOHYD 758; /note="N-linked (GlcNAc...) asparagine"; /evidence="ECO:0000255"; CARBOHYD 761; /note="N-linked (GlcNAc...) asparagine"; /evidence="ECO:0000255"; CARBOHYD 787; /note="N-linked (GlcNAc...) asparagine"; /evidence="ECO:0000269|PubMed:19159218"; CARBOHYD 810; /note="N-linked (GlcNAc...) asparagine"; /evidence="ECO:0000269|PubMed:19159218"; CARBOHYD 1093; /note="N-linked (GlcNAc...) asparagine"; /evidence="ECO:0000255"; CARBOHYD 1288; /note="N-linked (GlcNAc...) asparagine"; /evidence="ECO:0000255"; CARBOHYD 1366; /note="N-linked (GlcNAc...) asparagine"; /evidence="ECO:0000255"; CARBOHYD 1418; /note="N-linked (GlcNAc...) asparagine"; /evidence="ECO:0000255"	
Q9Y219	JAG2	CARBOHYD 153; /note="N-linked (GlcNAc...) asparagine"; /evidence="ECO:0000255"; CARBOHYD 570; /note="N-linked (GlcNAc...) asparagine"; /evidence="ECO:0000255"; CARBOHYD 619; /note="N-linked (GlcNAc...) asparagine"; /evidence="ECO:0000255"; CARBOHYD 752; /note="N-linked (GlcNAc...) asparagine"; /evidence="ECO:0000255"; CARBOHYD 1058; /note="N-linked (GlcNAc...) asparagine"; /evidence="ECO:0000255"	
P26012	ITGB8	CARBOHYD 233; /note="N-linked (GlcNAc...) asparagine"; /evidence="ECO:0000255"; CARBOHYD 402; /note="N-linked (GlcNAc...) asparagine"; /evidence="ECO:0000269|PubMed:31792290, ECO:0007744|PDB:6OM1"; CARBOHYD 421; /note="N-linked (GlcNAc...) asparagine"; /evidence="ECO:0000269|PubMed:31792290, ECO:0007744|PDB:6OM1"; CARBOHYD 431; /note="N-linked (GlcNAc...) asparagine"; /evidence="ECO:0000269|PubMed:31792290, ECO:0007744|PDB:6OM1, ECO:0007744|PDB:6OM2"; CARBOHYD 456; /note="N-linked (GlcNAc...) asparagine"; /evidence="ECO:0000255"; CARBOHYD 466; /note="N-linked (GlcNAc...) asparagine"; /evidence="ECO:0000255"; CARBOHYD 648; /note="N-linked (GlcNAc...) asparagine"; /evidence="ECO:0000255"	
Q13241	KLRD1 CD94	CARBOHYD 83; /note="N-linked (GlcNAc...) asparagine"; /evidence="ECO:0000255"; CARBOHYD 132; /note="N-linked (GlcNAc...) asparagine"; /evidence="ECO:0000255"	
P43632	KIR2DS4 CD158I KKA3 NKAT8	CARBOHYD 67; /note="N-linked (GlcNAc...) asparagine"; /evidence="ECO:0000255"; CARBOHYD 84; /note="N-linked (GlcNAc...) asparagine"; /evidence="ECO:0000255"; CARBOHYD 144; /note="N-linked (GlcNAc...) asparagine"; /evidence="ECO:0000255"; CARBOHYD 178; /note="N-linked (GlcNAc...) asparagine"; /evidence="ECO:0000255"; CARBOHYD 211; /note="N-linked (GlcNAc...) asparagine"; /evidence="ECO:0000255"	
Q8N423	LILRB2 ILT4 LIR2 MIR10	CARBOHYD 280; /note="N-linked (GlcNAc...) asparagine"; /evidence="ECO:0000255"; CARBOHYD 301; /note="N-linked (GlcNAc...) asparagine"; /evidence="ECO:0000255"; CARBOHYD 340; /note="N-linked (GlcNAc...) asparagine"; /evidence="ECO:0000255"	
Q8NCW0	KREMEN2 KRM2	CARBOHYD 49; /note="N-linked (GlcNAc...) asparagine"; /evidence="ECO:0000255"; CARBOHYD 222; /note="N-linked (GlcNAc...) asparagine"; /evidence="ECO:0000255"; CARBOHYD 244; /note="N-linked (GlcNAc...) asparagine"; /evidence="ECO:0000255"; CARBOHYD 351; /note="N-linked (GlcNAc...) asparagine"; /evidence="ECO:0000255"	
P18084	ITGB5	CARBOHYD 347; /note="N-linked (GlcNAc...) asparagine"; /evidence="ECO:0000255"; CARBOHYD 460; /note="N-linked (GlcNAc...) asparagine"; /evidence="ECO:0000255"; CARBOHYD 477; /note="N-linked (GlcNAc...) asparagine"; /evidence="ECO:0000255"; CARBOHYD 505; /note="N-linked (GlcNAc...) asparagine"; /evidence="ECO:0000255"; CARBOHYD 552; /note="N-linked (GlcNAc...) asparagine"; /evidence="ECO:0000255"; CARBOHYD 586; /note="N-linked (GlcNAc...) asparagine"; /evidence="ECO:0000255"; CARBOHYD 654; /note="N-linked (GlcNAc...) asparagine"; /evidence="ECO:0000255"; CARBOHYD 705; /note="N-linked (GlcNAc...) asparagine"; /evidence="ECO:0000255"	
P18564	ITGB6	CARBOHYD 48; /note="N-linked (GlcNAc...) asparagine"; /evidence="ECO:0000269|PubMed:25383667, ECO:0007744|PDB:4UM8, ECO:0007744|PDB:4UM9"; CARBOHYD 97; /note="N-linked (GlcNAc...) asparagine"; /evidence="ECO:0000269|PubMed:25383667, ECO:0007744|PDB:4UM8, ECO:0007744|PDB:4UM9"; CARBOHYD 260; /note="N-linked (GlcNAc...) asparagine"; /evidence="ECO:0000269|PubMed:25383667, ECO:0000269|PubMed:28117447, ECO:0007744|PDB:4UM8, ECO:0007744|PDB:4UM9"; CARBOHYD 387; /note="N-linked (GlcNAc...) asparagine"; /evidence="ECO:0000269|PubMed:25383667, ECO:0007744|PDB:4UM8, ECO:0007744|PDB:4UM9"; CARBOHYD 396; /note="N-linked (GlcNAc...) asparagine"; /evidence="ECO:0000255"; CARBOHYD 463; /note="N-linked (GlcNAc...) asparagine"; /evidence="ECO:0000255"; CARBOHYD 471; /note="N-linked (GlcNAc...) asparagine"; /evidence="ECO:0000255"; CARBOHYD 541; /note="N-linked (GlcNAc...) asparagine"; /evidence="ECO:0000255"; CARBOHYD 575; /note="N-linked (GlcNAc...) asparagine"; /evidence="ECO:0000255"	
P43628	KIR2DL3 CD158B2 KIRCL23 NKAT2	CARBOHYD 84; /note="N-linked (GlcNAc...) asparagine"; /evidence="ECO:0000255"; CARBOHYD 178; /note="N-linked (GlcNAc...) asparagine"; /evidence="ECO:0000255"; CARBOHYD 211; /note="N-linked (GlcNAc...) asparagine"; /evidence="ECO:0000255"	
P43630	KIR3DL2 CD158K NKAT4	CARBOHYD 179; /note="N-linked (GlcNAc...) asparagine"; /evidence="ECO:0000255"; CARBOHYD 239; /note="N-linked (GlcNAc...) asparagine"; /evidence="ECO:0000255"; CARBOHYD 273; /note="N-linked (GlcNAc...) asparagine"; /evidence="ECO:0000255"; CARBOHYD 306; /note="N-linked (GlcNAc...) asparagine"; /evidence="ECO:0000255"	
Q99706	KIR2DL4 CD158D KIR103AS	CARBOHYD 141; /note="N-linked (GlcNAc...) asparagine"; /evidence="ECO:0000255"; CARBOHYD 175; /note="N-linked (GlcNAc...) asparagine"; /evidence="ECO:0000255"	
P20701	ITGAL CD11A	CARBOHYD 65; /note="N-linked (GlcNAc...) asparagine"; /evidence="ECO:0000255"; CARBOHYD 89; /note="N-linked (GlcNAc...) asparagine"; /evidence="ECO:0000269|PubMed:26936951, ECO:0007744|PDB:5E6R, ECO:0007744|PDB:5E6S, ECO:0007744|PDB:5E6U"; CARBOHYD 188; /note="N-linked (GlcNAc...) asparagine"; /evidence="ECO:0000269|PubMed:19349973"; CARBOHYD 649; /note="N-linked (GlcNAc...) asparagine"; /evidence="ECO:0000255"; CARBOHYD 670; /note="N-linked (GlcNAc...) asparagine"; /evidence="ECO:0000255"; CARBOHYD 726; /note="N-linked (GlcNAc...) asparagine"; /evidence="ECO:0000255"; CARBOHYD 730; /note="N-linked (GlcNAc...) asparagine"; /evidence="ECO:0000255"; CARBOHYD 862; /note="N-linked (GlcNAc...) asparagine"; /evidence="ECO:0000255"; CARBOHYD 885; /note="N-linked (GlcNAc...) asparagine"; /evidence="ECO:0000255"; CARBOHYD 897; /note="N-linked (GlcNAc...) asparagine"; /evidence="ECO:0000255"; CARBOHYD 1060; /note="N-linked (GlcNAc...) asparagine"; /evidence="ECO:0000255"; CARBOHYD 1071; /note="N-linked (GlcNAc...) asparagine"; /evidence="ECO:0000255"	
P16144	ITGB4	CARBOHYD 327; /note="N-linked (GlcNAc...) asparagine"; /evidence="ECO:0000255"; CARBOHYD 491; /note="N-linked (GlcNAc...) asparagine"; /evidence="ECO:0000255"; CARBOHYD 579; /note="N-linked (GlcNAc...) asparagine"; /evidence="ECO:0000255"; CARBOHYD 617; /note="N-linked (GlcNAc...) asparagine"; /evidence="ECO:0000255"; CARBOHYD 695; /note="N-linked (GlcNAc...) asparagine"; /evidence="ECO:0000269|PubMed:16335952"	
P80188	LCN2 HNL NGAL	CARBOHYD 85; /note="N-linked (GlcNAc...) asparagine"; /evidence="ECO:0000269|PubMed:10684642, ECO:0000269|PubMed:15084671, ECO:0000269|PubMed:16335952, ECO:0000269|PubMed:16740002, ECO:0000269|PubMed:19159218, ECO:0000269|PubMed:7683678, ECO:0007744|PDB:1DFV, ECO:0007744|PDB:1QQS"	
P26718	KLRK1 D12S2489E NKG2D	CARBOHYD 131; /note="N-linked (GlcNAc...) asparagine"; /evidence="ECO:0000255"; CARBOHYD 163; /note="N-linked (GlcNAc...) asparagine"; /evidence="ECO:0000255"; CARBOHYD 202; /note="N-linked (GlcNAc...) asparagine"; /evidence="ECO:0000255"	
O94910	ADGRL1 KIAA0821 LEC2 LPHN1	CARBOHYD 98; /note="N-linked (GlcNAc...) asparagine"; /evidence="ECO:0000255"; CARBOHYD 531; /note="N-linked (GlcNAc...) asparagine"; /evidence="ECO:0000255"; CARBOHYD 640; /note="N-linked (GlcNAc...) asparagine"; /evidence="ECO:0000255"; CARBOHYD 742; /note="N-linked (GlcNAc...) asparagine"; /evidence="ECO:0000255"; CARBOHYD 801; /note="N-linked (GlcNAc...) asparagine"; /evidence="ECO:0000255"; CARBOHYD 806; /note="N-linked (GlcNAc...) asparagine"; /evidence="ECO:0000255"; CARBOHYD 827; /note="N-linked (GlcNAc...) asparagine"; /evidence="ECO:0000255"	
P48050	KCNJ4 IRK3		
P07942	LAMB1	CARBOHYD 120; /note="N-linked (GlcNAc...) asparagine"; /evidence="ECO:0000255"; CARBOHYD 356; /note="N-linked (GlcNAc...) asparagine"; /evidence="ECO:0000255"; CARBOHYD 519; /note="N-linked (GlcNAc...) asparagine"; /evidence="ECO:0000255"; CARBOHYD 677; /note="N-linked (GlcNAc...) asparagine"; /evidence="ECO:0000255"; CARBOHYD 1041; /note="N-linked (GlcNAc...) asparagine"; /evidence="ECO:0000255"; CARBOHYD 1195; /note="N-linked (GlcNAc...) asparagine"; /evidence="ECO:0000255"; CARBOHYD 1279; /note="N-linked (GlcNAc...) asparagine"; /evidence="ECO:0000269|PubMed:16335952, ECO:0000269|PubMed:19159218"; CARBOHYD 1336; /note="N-linked (GlcNAc...) asparagine"; /evidence="ECO:0000255"; CARBOHYD 1343; /note="N-linked (GlcNAc...) asparagine"; /evidence="ECO:0000255"; CARBOHYD 1487; /note="N-linked (GlcNAc...) asparagine"; /evidence="ECO:0000255"; CARBOHYD 1542; /note="N-linked (GlcNAc...) asparagine"; /evidence="ECO:0000255"	
P15018	LIF HILDA	CARBOHYD 31; /note="N-linked (GlcNAc...) asparagine"; /evidence="ECO:0000269|PubMed:8489250"; CARBOHYD 56; /note="N-linked (GlcNAc...) asparagine"; /evidence="ECO:0000269|PubMed:8489250"; CARBOHYD 85; /note="N-linked (GlcNAc...) asparagine"; /evidence="ECO:0000269|PubMed:8489250"; CARBOHYD 95; /note="N-linked (GlcNAc...) asparagine"; /evidence="ECO:0000269|PubMed:8489250"; CARBOHYD 118; /note="N-linked (GlcNAc...) asparagine"; /evidence="ECO:0000269|PubMed:8489250"; CARBOHYD 138; /note="N-linked (GlcNAc...) asparagine"; /evidence="ECO:0000269|PubMed:8489250"	
Q9NZV8	KCND2 KIAA1044		
Q8NHL6	LILRB1 ILT2 LIR1 MIR7	CARBOHYD 281; /note="N-linked (GlcNAc...) asparagine"; /evidence="ECO:0000255"; CARBOHYD 302; /note="N-linked (GlcNAc...) asparagine"; /evidence="ECO:0000255"; CARBOHYD 341; /note="N-linked (GlcNAc...) asparagine"; /evidence="ECO:0000255"	
Q99712	KCNJ15 KCNJ14		
P22001	KCNA3 HGK5	CARBOHYD 279; /note="N-linked (GlcNAc...) asparagine"; /evidence="ECO:0000255"	LIPID 317; /note="S-palmitoyl cysteine"; /evidence="ECO:0000255"
Q13751	LAMB3 LAMNB1	CARBOHYD 220; /note="N-linked (GlcNAc...) asparagine"; /evidence="ECO:0000255"; CARBOHYD 604; /note="N-linked (GlcNAc...) asparagine"; /evidence="ECO:0000255"; CARBOHYD 810; /note="N-linked (GlcNAc...) asparagine"; /evidence="ECO:0000255"	
P78504	JAG1 JAGL1	CARBOHYD 143; /note="N-linked (GlcNAc...) asparagine"; /evidence="ECO:0000255"; CARBOHYD 217; /note="N-linked (GlcNAc...) asparagine"; /evidence="ECO:0000255"; CARBOHYD 382; /note="N-linked (GlcNAc...) asparagine"; /evidence="ECO:0000255"; CARBOHYD 559; /note="N-linked (GlcNAc...) asparagine"; /evidence="ECO:0000255"; CARBOHYD 745; /note="N-linked (GlcNAc...) asparagine"; /evidence="ECO:0000255"; CARBOHYD 960; /note="N-linked (GlcNAc...) asparagine"; /evidence="ECO:0000255"; CARBOHYD 991; /note="N-linked (GlcNAc...) asparagine"; /evidence="ECO:0000255"; CARBOHYD 1045; /note="N-linked (GlcNAc...) asparagine"; /evidence="ECO:0000255"; CARBOHYD 1064; /note="N-linked (GlcNAc...) asparagine"; /evidence="ECO:0000255"	
P25391	LAMA1 LAMA	CARBOHYD 665; /note="N-linked (GlcNAc...) asparagine"; /evidence="ECO:0000255"; CARBOHYD 1579; /note="N-linked (GlcNAc...) asparagine"; /evidence="ECO:0000255"; CARBOHYD 1689; /note="N-linked (GlcNAc...) asparagine"; /evidence="ECO:0000255"; CARBOHYD 1717; /note="N-linked (GlcNAc...) asparagine"; /evidence="ECO:0000255"; CARBOHYD 2047; /note="N-linked (GlcNAc...) asparagine"; /evidence="ECO:0000255"; CARBOHYD 2243; /note="N-linked (GlcNAc...) asparagine"; /evidence="ECO:0000269|PubMed:19159218"	
P10721	KIT SCFR	CARBOHYD 130; /note="N-linked (GlcNAc...) asparagine"; /evidence="ECO:0000269|PubMed:16335952, ECO:0000269|PubMed:17662946"; CARBOHYD 145; /note="N-linked (GlcNAc...) asparagine"; /evidence="ECO:0000255"; CARBOHYD 283; /note="N-linked (GlcNAc...) asparagine"; /evidence="ECO:0000269|PubMed:17662946"; CARBOHYD 293; /note="N-linked (GlcNAc...) asparagine"; /evidence="ECO:0000269|PubMed:17662946"; CARBOHYD 300; /note="N-linked (GlcNAc...) asparagine"; /evidence="ECO:0000269|PubMed:17662946"; CARBOHYD 320; /note="N-linked (GlcNAc...) asparagine"; /evidence="ECO:0000269|PubMed:17662946"; CARBOHYD 352; /note="N-linked (GlcNAc...) asparagine"; /evidence="ECO:0000269|PubMed:17662946"; CARBOHYD 367; /note="N-linked (GlcNAc...) asparagine"; /evidence="ECO:0000269|PubMed:17662946"; CARBOHYD 463; /note="N-linked (GlcNAc...) asparagine"; /evidence="ECO:0000255"; CARBOHYD 486; /note="N-linked (GlcNAc...) asparagine"; /evidence="ECO:0000255"	
P11150	LIPC HTGL	CARBOHYD 42; /note="N-linked (GlcNAc...) asparagine"; /evidence="ECO:0000255"; CARBOHYD 78; /note="N-linked (GlcNAc...) asparagine"; /evidence="ECO:0000255"; CARBOHYD 362; /note="N-linked (GlcNAc...) asparagine"; /evidence="ECO:0000255"; CARBOHYD 397; /note="N-linked (GlcNAc...) asparagine"; /evidence="ECO:0000255"	
P05106	ITGB3 GP3A	CARBOHYD 125; /note="N-linked (GlcNAc...) asparagine"; /evidence="ECO:0000269|PubMed:15378069, ECO:0000269|PubMed:16263699, ECO:0000269|PubMed:16335952, ECO:0000269|PubMed:19111664, ECO:0000269|PubMed:19704023, ECO:0007744|PDB:1TYE, ECO:0007744|PDB:3IJE"; CARBOHYD 346; /note="N-linked (GlcNAc...) asparagine"; /evidence="ECO:0000269|PubMed:11546839, ECO:0000269|PubMed:15378069, ECO:0000269|PubMed:19111664, ECO:0000269|PubMed:19704023, ECO:0007744|PDB:1JV2, ECO:0007744|PDB:1TYE, ECO:0007744|PDB:3IJE"; CARBOHYD 397; /note="N-linked (GlcNAc...) asparagine"; /evidence="ECO:0000269|PubMed:11546839, ECO:0000269|PubMed:15378069, ECO:0000269|PubMed:19111664, ECO:0000269|PubMed:19704023, ECO:0007744|PDB:1JV2, ECO:0007744|PDB:1TYE, ECO:0007744|PDB:3IJE"; CARBOHYD 478; /note="N-linked (GlcNAc...) asparagine"; /evidence="ECO:0000269|PubMed:19111664, ECO:0000269|PubMed:19704023, ECO:0007744|PDB:3IJE"; CARBOHYD 585; /note="N-linked (GlcNAc...) asparagine"; /evidence="ECO:0000269|PubMed:11546839, ECO:0000269|PubMed:19111664, ECO:0000269|PubMed:19704023, ECO:0007744|PDB:1JV2, ECO:0007744|PDB:3IJE"; CARBOHYD 680; /note="N-linked (GlcNAc...) asparagine"; /evidence="ECO:0000269|PubMed:11546839, ECO:0000269|PubMed:19159218, ECO:0007744|PDB:1JV2"	
P19823	ITIH2 IGHEP2	CARBOHYD 118; /note="N-linked (GlcNAc...) (complex) asparagine"; /evidence="ECO:0000269|PubMed:12754519, ECO:0000269|PubMed:16335952, ECO:0000269|PubMed:19159218, ECO:0000269|PubMed:9425062, ECO:0000269|PubMed:9677337"; /id="CAR_000140"; CARBOHYD 445; /note="N-linked (GlcNAc...) asparagine"; /evidence="ECO:0000269|PubMed:16335952"; CARBOHYD 666; /note="O-linked (GalNAc...) threonine; partial"; /evidence="ECO:0000269|PubMed:9425062, ECO:0000269|PubMed:9677337"; /id="CAR_000214"; CARBOHYD 673; /note="O-linked (GalNAc...) serine"; /evidence="ECO:0000269|PubMed:9425062, ECO:0000269|PubMed:9677337"; /id="CAR_000215"; CARBOHYD 675; /note="O-linked (GalNAc...) threonine"; /evidence="ECO:0000269|PubMed:9425062, ECO:0000269|PubMed:9677337"; /id="CAR_000216"; CARBOHYD 691; /note="O-linked (GalNAc...) threonine"; /evidence="ECO:0000269|PubMed:7682553, ECO:0000269|PubMed:9425062, ECO:0000269|PubMed:9677337"; /id="CAR_000217"	
Q13352	ITGB3BP CENPR NRIF3		
Q9BXB1	LGR4 GPR48	CARBOHYD 68; /note="N-linked (GlcNAc...) asparagine"; /evidence="ECO:0000269|PubMed:23756652"; CARBOHYD 199; /note="N-linked (GlcNAc...) asparagine"; /evidence="ECO:0000269|PubMed:23756652"; CARBOHYD 294; /note="N-linked (GlcNAc...) asparagine"; /evidence="ECO:0000255"; CARBOHYD 314; /note="N-linked (GlcNAc...) asparagine"; /evidence="ECO:0000255"; CARBOHYD 505; /note="N-linked (GlcNAc...) asparagine"; /evidence="ECO:0000255"	
Q969F8	KISS1R AXOR12 GPR54	CARBOHYD 10; /note="N-linked (GlcNAc...) asparagine"; /evidence="ECO:0000255"; CARBOHYD 18; /note="N-linked (GlcNAc...) asparagine"; /evidence="ECO:0000255"; CARBOHYD 28; /note="N-linked (GlcNAc...) asparagine"; /evidence="ECO:0000255"	
P41159	LEP OB OBS		
P11215	ITGAM CD11B CR3A	CARBOHYD 86; /note="N-linked (GlcNAc...) asparagine"; /evidence="ECO:0000255"; CARBOHYD 240; /note="N-linked (GlcNAc...) asparagine"; /evidence="ECO:0000255"; CARBOHYD 391; /note="N-linked (GlcNAc...) asparagine"; /evidence="ECO:0000255"; CARBOHYD 469; /note="N-linked (GlcNAc...) asparagine"; /evidence="ECO:0000255"; CARBOHYD 692; /note="N-linked (GlcNAc...) asparagine"; /evidence="ECO:0000255"; CARBOHYD 696; /note="N-linked (GlcNAc...) asparagine"; /evidence="ECO:0000255"; CARBOHYD 734; /note="N-linked (GlcNAc...) asparagine"; /evidence="ECO:0000255"; CARBOHYD 801; /note="N-linked (GlcNAc...) asparagine"; /evidence="ECO:0000255"; CARBOHYD 880; /note="N-linked (GlcNAc...) asparagine"; /evidence="ECO:0000255"; CARBOHYD 900; /note="N-linked (GlcNAc...) asparagine"; /evidence="ECO:0000269|PubMed:19159218"; CARBOHYD 911; /note="N-linked (GlcNAc...) asparagine"; /evidence="ECO:0000255"; CARBOHYD 940; /note="N-linked (GlcNAc...) asparagine"; /evidence="ECO:0000269|PubMed:19159218"; CARBOHYD 946; /note="N-linked (GlcNAc...) asparagine"; /evidence="ECO:0000269|PubMed:19159218"; CARBOHYD 978; /note="N-linked (GlcNAc...) asparagine"; /evidence="ECO:0000255"; CARBOHYD 993; /note="N-linked (GlcNAc...) asparagine"; /evidence="ECO:0000255"; CARBOHYD 1021; /note="N-linked (GlcNAc...) asparagine"; /evidence="ECO:0000255"; CARBOHYD 1044; /note="N-linked (GlcNAc...) asparagine"; /evidence="ECO:0000255"; CARBOHYD 1050; /note="N-linked (GlcNAc...) asparagine"; /evidence="ECO:0000255"; CARBOHYD 1075; /note="N-linked (GlcNAc...) asparagine"; /evidence="ECO:0000255"	
Q16787	LAMA3 LAMNA	CARBOHYD 142; /note="N-linked (GlcNAc...) asparagine"; /evidence="ECO:0000255"; CARBOHYD 242; /note="N-linked (GlcNAc...) asparagine"; /evidence="ECO:0000255"; CARBOHYD 2365; /note="N-linked (GlcNAc...) asparagine"; /evidence="ECO:0000255"; CARBOHYD 2502; /note="N-linked (GlcNAc...) asparagine"; /evidence="ECO:0000255"; CARBOHYD 2584; /note="N-linked (GlcNAc...) asparagine"; /evidence="ECO:0000255"	
P55268	LAMB2 LAMS	CARBOHYD 248; /note="N-linked (GlcNAc...) asparagine"; /evidence="ECO:0000255"; CARBOHYD 368; /note="N-linked (GlcNAc...) asparagine"; /evidence="ECO:0000255"; CARBOHYD 1085; /note="N-linked (GlcNAc...) asparagine"; /evidence="ECO:0000255"; CARBOHYD 1249; /note="N-linked (GlcNAc...) asparagine"; /evidence="ECO:0000255"; CARBOHYD 1308; /note="N-linked (GlcNAc...) asparagine"; /evidence="ECO:0000269|PubMed:19159218"; CARBOHYD 1348; /note="N-linked (GlcNAc...) asparagine"; /evidence="ECO:0000269|PubMed:19159218"; CARBOHYD 1499; /note="N-linked (GlcNAc...) asparagine"; /evidence="ECO:0000269|PubMed:19159218"	
P43629	KIR3DL1 CD158E NKAT3 NKB1	CARBOHYD 92; /note="N-linked (GlcNAc...) asparagine"; /evidence="ECO:0000269|PubMed:22020283"; CARBOHYD 179; /note="N-linked (GlcNAc...) asparagine"; /evidence="ECO:0000269|PubMed:22020283"; CARBOHYD 273; /note="N-linked (GlcNAc...) asparagine"; /evidence="ECO:0000269|PubMed:22020283"	
Q9HBW0	LPAR2 EDG4 LPA2	CARBOHYD 7; /note="N-linked (GlcNAc...) asparagine"; /evidence="ECO:0000255"; CARBOHYD 15; /note="N-linked (GlcNAc...) asparagine"; /evidence="ECO:0000255"	LIPID 308; /note="S-palmitoyl cysteine"; /evidence="ECO:0000250"
P23352	ANOS1 ADMLX KAL KAL1 KALIG1	CARBOHYD 71; /note="N-linked (GlcNAc...) asparagine"; /evidence="ECO:0000255"; CARBOHYD 209; /note="N-linked (GlcNAc...) asparagine"; /evidence="ECO:0000255"; CARBOHYD 300; /note="N-linked (GlcNAc...) asparagine"; /evidence="ECO:0000255"; CARBOHYD 470; /note="N-linked (GlcNAc...) asparagine"; /evidence="ECO:0000255"; CARBOHYD 553; /note="N-linked (GlcNAc...) asparagine"; /evidence="ECO:0000255"; CARBOHYD 564; /note="N-linked (GlcNAc...) asparagine"; /evidence="ECO:0000255"	
P32004	L1CAM CAML1 MIC5	CARBOHYD 100; /note="N-linked (GlcNAc...) asparagine"; /evidence="ECO:0000255"; CARBOHYD 203; /note="N-linked (GlcNAc...) asparagine"; /evidence="ECO:0000255"; CARBOHYD 247; /note="N-linked (GlcNAc...) asparagine"; /evidence="ECO:0000255"; CARBOHYD 294; /note="N-linked (GlcNAc...) asparagine"; /evidence="ECO:0000255"; CARBOHYD 433; /note="N-linked (GlcNAc...) asparagine"; /evidence="ECO:0000255"; CARBOHYD 479; /note="N-linked (GlcNAc...) asparagine"; /evidence="ECO:0000255"; CARBOHYD 490; /note="N-linked (GlcNAc...) asparagine"; /evidence="ECO:0000255"; CARBOHYD 505; /note="N-linked (GlcNAc...) asparagine"; /evidence="ECO:0000255"; CARBOHYD 588; /note="N-linked (GlcNAc...) asparagine"; /evidence="ECO:0000255"; CARBOHYD 671; /note="N-linked (GlcNAc...) asparagine"; /evidence="ECO:0000269|PubMed:16335952, ECO:0000269|PubMed:19159218"; CARBOHYD 726; /note="N-linked (GlcNAc...) asparagine"; /evidence="ECO:0000255"; CARBOHYD 777; /note="N-linked (GlcNAc...) asparagine"; /evidence="ECO:0000255"; CARBOHYD 825; /note="N-linked (GlcNAc...) asparagine"; /evidence="ECO:0000255"; CARBOHYD 849; /note="N-linked (GlcNAc...) asparagine"; /evidence="ECO:0000255"; CARBOHYD 876; /note="N-linked (GlcNAc...) asparagine"; /evidence="ECO:0000255"; CARBOHYD 979; /note="N-linked (GlcNAc...) asparagine"; /evidence="ECO:0000255"; CARBOHYD 1022; /note="N-linked (GlcNAc...) asparagine"; /evidence="ECO:0000255"; CARBOHYD 1030; /note="N-linked (GlcNAc...) asparagine"; /evidence="ECO:0000255"; CARBOHYD 1071; /note="N-linked (GlcNAc...) asparagine"; /evidence="ECO:0000255"; CARBOHYD 1105; /note="N-linked (GlcNAc...) asparagine"; /evidence="ECO:0000255"	
P24043	LAMA2 LAMM	CARBOHYD 55; /note="N-linked (GlcNAc...) asparagine"; /evidence="ECO:0000255"; CARBOHYD 89; /note="N-linked (GlcNAc...) asparagine"; /evidence="ECO:0000255"; CARBOHYD 303; /note="N-linked (GlcNAc...) asparagine"; /evidence="ECO:0000255"; CARBOHYD 363; /note="N-linked (GlcNAc...) asparagine"; /evidence="ECO:0000269|PubMed:16335952"; CARBOHYD 380; /note="N-linked (GlcNAc...) asparagine"; /evidence="ECO:0000255"; CARBOHYD 470; /note="N-linked (GlcNAc...) asparagine"; /evidence="ECO:0000255"; CARBOHYD 746; /note="N-linked (GlcNAc...) asparagine"; /evidence="ECO:0000255"; CARBOHYD 1061; /note="N-linked (GlcNAc...) asparagine"; /evidence="ECO:0000255"; CARBOHYD 1597; /note="N-linked (GlcNAc...) asparagine"; /evidence="ECO:0000255"; CARBOHYD 1614; /note="N-linked (GlcNAc...) asparagine"; /evidence="ECO:0000255"; CARBOHYD 1700; /note="N-linked (GlcNAc...) asparagine"; /evidence="ECO:0000255"; CARBOHYD 1810; /note="N-linked (GlcNAc...) asparagine"; /evidence="ECO:0000255"; CARBOHYD 1901; /note="N-linked (GlcNAc...) asparagine"; /evidence="ECO:0000269|PubMed:19159218"; CARBOHYD 1916; /note="N-linked (GlcNAc...) asparagine"; /evidence="ECO:0000269|PubMed:19159218"; CARBOHYD 1920; /note="N-linked (GlcNAc...) asparagine"; /evidence="ECO:0000269|PubMed:19159218"; CARBOHYD 2017; /note="N-linked (GlcNAc...) asparagine"; /evidence="ECO:0000269|PubMed:19159218"; CARBOHYD 2028; /note="N-linked (GlcNAc...) asparagine"; /evidence="ECO:0000255"; CARBOHYD 2045; /note="N-linked (GlcNAc...) asparagine"; /evidence="ECO:0000255"; CARBOHYD 2126; /note="N-linked (GlcNAc...) asparagine"; /evidence="ECO:0000255"; CARBOHYD 2240; /note="N-linked (GlcNAc...) asparagine"; /evidence="ECO:0000255"; CARBOHYD 2360; /note="N-linked (GlcNAc...) asparagine"; /evidence="ECO:0000255"; CARBOHYD 2435; /note="N-linked (GlcNAc...) asparagine"; /evidence="ECO:0000255"; CARBOHYD 2478; /note="N-linked (GlcNAc...) asparagine"; /evidence="ECO:0000255"; CARBOHYD 2551; /note="N-linked (GlcNAc...) asparagine"; /evidence="ECO:0000255"; CARBOHYD 2558; /note="N-linked (GlcNAc...) asparagine"; /evidence="ECO:0000255"; CARBOHYD 2648; /note="N-linked (GlcNAc...) asparagine"; /evidence="ECO:0000269|PubMed:19159218"; CARBOHYD 2868; /note="N-linked (GlcNAc...) asparagine"; /evidence="ECO:0000255"; CARBOHYD 2893; /note="N-linked (GlcNAc...) asparagine"; /evidence="ECO:0000255"	
Q13753	LAMC2 LAMB2T LAMNB2	CARBOHYD 342; /note="N-linked (GlcNAc...) asparagine"; /evidence="ECO:0000255"; CARBOHYD 362; /note="N-linked (GlcNAc...) asparagine"; /evidence="ECO:0000255"; CARBOHYD 803; /note="O-linked (Xyl...) (chondroitin sulfate) serine"; /evidence="ECO:0000255"; CARBOHYD 805; /note="O-linked (Xyl...) (chondroitin sulfate) serine"; /evidence="ECO:0000255"; CARBOHYD 942; /note="N-linked (GlcNAc...) asparagine"; /evidence="ECO:0000255"; CARBOHYD 1033; /note="N-linked (GlcNAc...) asparagine"; /evidence="ECO:0000255"	
Q96MU8	KREMEN1 KREMEN KRM1	CARBOHYD 45; /note="N-linked (GlcNAc...) asparagine"; /evidence="ECO:0000255"; CARBOHYD 59; /note="N-linked (GlcNAc...) asparagine"; /evidence="ECO:0000255"; CARBOHYD 217; /note="N-linked (GlcNAc...) asparagine"; /evidence="ECO:0000255"; CARBOHYD 293; /note="N-linked (GlcNAc...) asparagine"; /evidence="ECO:0000255"; CARBOHYD 333; /note="N-linked (GlcNAc...) asparagine"; /evidence="ECO:0000255"; CARBOHYD 345; /note="N-linked (GlcNAc...) asparagine"; /evidence="ECO:0000255"	
Q9UBY5	LPAR3 EDG7 LPA3	CARBOHYD 15; /note="N-linked (GlcNAc...) asparagine"; /evidence="ECO:0000255"; CARBOHYD 172; /note="N-linked (GlcNAc...) asparagine"; /evidence="ECO:0000255"	LIPID 309; /note="S-palmitoyl cysteine"; /evidence="ECO:0000250"
P21583	KITLG MGF SCF	CARBOHYD 90; /note="N-linked (GlcNAc...) asparagine; partial"; /evidence="ECO:0000269|PubMed:1381905"; CARBOHYD 118; /note="N-linked (GlcNAc...) asparagine; partial"; /evidence="ECO:0000269|PubMed:1381905"; CARBOHYD 145; /note="N-linked (GlcNAc...) asparagine"; /evidence="ECO:0000269|PubMed:1381905"; CARBOHYD 167; /note="O-linked (GalNAc...) serine"; /evidence="ECO:0000269|PubMed:1381905"; CARBOHYD 168; /note="O-linked (GalNAc...) threonine"; /evidence="ECO:0000269|PubMed:1381905"; CARBOHYD 180; /note="O-linked (GalNAc...) threonine"; /evidence="ECO:0000269|PubMed:1381905"; CARBOHYD 195; /note="N-linked (GlcNAc...) asparagine"; /evidence="ECO:0000255"	
O75473	LGR5 GPR49 GPR67	CARBOHYD 63; /note="N-linked (GlcNAc...) asparagine"; /evidence="ECO:0000255"; CARBOHYD 77; /note="N-linked (GlcNAc...) asparagine"; /evidence="ECO:0000255"; CARBOHYD 208; /note="N-linked (GlcNAc...) asparagine"; /evidence="ECO:0000269|PubMed:23756651"; CARBOHYD 500; /note="N-linked (GlcNAc...) asparagine"; /evidence="ECO:0000255"; CARBOHYD 792; /note="N-linked (GlcNAc...) asparagine"; /evidence="ECO:0000255"	
Q9NUP9	LIN7C MALS3 VELI3		
P01042	KNG1 BDK KNG	CARBOHYD 48; /note="N-linked (GlcNAc...) (complex) asparagine"; /evidence="ECO:0000269|PubMed:16335952, ECO:0000269|PubMed:19139490"; CARBOHYD 169; /note="N-linked (GlcNAc...) asparagine"; /evidence="ECO:0000269|PubMed:14760718, ECO:0000269|PubMed:16335952, ECO:0000269|PubMed:19159218, ECO:0000269|PubMed:3484703"; CARBOHYD 205; /note="N-linked (GlcNAc...) (complex) asparagine"; /evidence="ECO:0000269|PubMed:16335952, ECO:0000269|PubMed:19139490, ECO:0000269|PubMed:19159218, ECO:0000269|PubMed:3484703"; CARBOHYD 294; /note="N-linked (GlcNAc...) (complex) asparagine"; /evidence="ECO:0000269|PubMed:12754519, ECO:0000269|PubMed:14760718, ECO:0000269|PubMed:16335952, ECO:0000269|PubMed:19139490, ECO:0000269|PubMed:19159218, ECO:0000269|PubMed:19838169"; CARBOHYD 401; /note="O-linked (GalNAc...) threonine"; CARBOHYD 533; /note="O-linked (GalNAc...) threonine"; /evidence="ECO:0000269|PubMed:4054110"; CARBOHYD 542; /note="O-linked (GalNAc...) threonine"; CARBOHYD 546; /note="O-linked (GalNAc...) threonine"; /evidence="ECO:0000269|PubMed:4054110"; CARBOHYD 557; /note="O-linked (GalNAc...) threonine"; CARBOHYD 571; /note="O-linked (GalNAc...) threonine"; CARBOHYD 577; /note="O-linked (GalNAc...) serine"; CARBOHYD 628; /note="O-linked (GalNAc...) threonine"	
Q92633	LPAR1 EDG2 LPA1	CARBOHYD 27; /note="N-linked (GlcNAc...) asparagine"; /evidence="ECO:0000255"; CARBOHYD 35; /note="N-linked (GlcNAc...) asparagine"; /evidence="ECO:0000255"	
O15243	LEPROT LEPR OBR		
P48357	LEPR DB OBR	CARBOHYD 23; /note="N-linked (GlcNAc...) asparagine"; /evidence="ECO:0000269|PubMed:9786864"; CARBOHYD 41; /note="N-linked (GlcNAc...) asparagine"; /evidence="ECO:0000269|PubMed:9786864"; CARBOHYD 56; /note="N-linked (GlcNAc...) asparagine"; /evidence="ECO:0000269|PubMed:9786864"; CARBOHYD 73; /note="N-linked (GlcNAc...) asparagine"; /evidence="ECO:0000269|PubMed:9786864"; CARBOHYD 81; /note="N-linked (GlcNAc...) asparagine"; /evidence="ECO:0000269|PubMed:9786864"; CARBOHYD 98; /note="N-linked (GlcNAc...) asparagine"; /evidence="ECO:0000269|PubMed:9786864"; CARBOHYD 187; /note="N-linked (GlcNAc...) asparagine"; /evidence="ECO:0000269|PubMed:9786864"; CARBOHYD 206; /note="N-linked (GlcNAc...) asparagine"; /evidence="ECO:0000269|PubMed:9786864"; CARBOHYD 276; /note="N-linked (GlcNAc...) asparagine"; /evidence="ECO:0000269|PubMed:16335952, ECO:0000269|PubMed:19159218, ECO:0000269|PubMed:9786864"; CARBOHYD 347; /note="N-linked (GlcNAc...) asparagine"; /evidence="ECO:0000269|PubMed:9786864"; CARBOHYD 397; /note="N-linked (GlcNAc...) asparagine"; /evidence="ECO:0000269|PubMed:19159218, ECO:0000269|PubMed:9786864"; CARBOHYD 516; /note="N-linked (GlcNAc...) asparagine"; /evidence="ECO:0000269|PubMed:16335952, ECO:0000269|PubMed:9786864"; CARBOHYD 624; /note="N-linked (GlcNAc...) asparagine"; /evidence="ECO:0000269|PubMed:9786864"; CARBOHYD 659; /note="N-linked (GlcNAc...) asparagine"; /evidence="ECO:0000269|PubMed:9786864"; CARBOHYD 688; /note="N-linked (GlcNAc...) asparagine"; /evidence="ECO:0000269|PubMed:9786864"; CARBOHYD 697; /note="N-linked (GlcNAc...) asparagine"; /evidence="ECO:0000269|PubMed:9786864"; CARBOHYD 728; /note="N-linked (GlcNAc...) asparagine"; /evidence="ECO:0000269|PubMed:9786864"; CARBOHYD 750; /note="N-linked (GlcNAc...) asparagine"; /evidence="ECO:0000269|PubMed:9786864"	
P35968	KDR FLK1 VEGFR2	CARBOHYD 46; /note="N-linked (GlcNAc...) asparagine"; /evidence="ECO:0000255"; CARBOHYD 66; /note="N-linked (GlcNAc...) asparagine"; /evidence="ECO:0000255"; CARBOHYD 96; /note="N-linked (GlcNAc...) asparagine"; /evidence="ECO:0000255"; CARBOHYD 143; /note="N-linked (GlcNAc...) asparagine"; /evidence="ECO:0000269|PubMed:20145116"; CARBOHYD 158; /note="N-linked (GlcNAc...) asparagine"; /evidence="ECO:0000255"; CARBOHYD 245; /note="N-linked (GlcNAc...) asparagine"; /evidence="ECO:0000269|PubMed:20145116, ECO:0000269|PubMed:21827946"; CARBOHYD 318; /note="N-linked (GlcNAc...) asparagine"; /evidence="ECO:0000269|PubMed:20145116, ECO:0000269|PubMed:21827946"; CARBOHYD 374; /note="N-linked (GlcNAc...) asparagine"; /evidence="ECO:0000255"; CARBOHYD 395; /note="N-linked (GlcNAc...) asparagine"; /evidence="ECO:0000255"; CARBOHYD 511; /note="N-linked (GlcNAc...) asparagine"; /evidence="ECO:0000255"; CARBOHYD 523; /note="N-linked (GlcNAc...) asparagine"; /evidence="ECO:0000255"; CARBOHYD 580; /note="N-linked (GlcNAc...) asparagine"; /evidence="ECO:0000255"; CARBOHYD 613; /note="N-linked (GlcNAc...) asparagine"; /evidence="ECO:0000255"; CARBOHYD 619; /note="N-linked (GlcNAc...) asparagine"; /evidence="ECO:0000255"; CARBOHYD 631; /note="N-linked (GlcNAc...) asparagine"; /evidence="ECO:0000255"; CARBOHYD 675; /note="N-linked (GlcNAc...) asparagine"; /evidence="ECO:0000255"; CARBOHYD 704; /note="N-linked (GlcNAc...) asparagine"; /evidence="ECO:0000255"; CARBOHYD 721; /note="N-linked (GlcNAc...) asparagine"; /evidence="ECO:0000255"	
P05107	ITGB2 CD18 MFI7	CARBOHYD 50; /note="N-linked (GlcNAc...) asparagine"; /evidence="ECO:0000269|PubMed:19159218, ECO:0000269|PubMed:19349973, ECO:0000269|PubMed:26936951, ECO:0007744|PDB:5E6R, ECO:0007744|PDB:5E6W, ECO:0007744|PDB:5E6X"; CARBOHYD 116; /note="N-linked (GlcNAc...) asparagine"; /evidence="ECO:0000269|PubMed:19349973, ECO:0000269|PubMed:20033057, ECO:0000269|PubMed:24385486, ECO:0000269|PubMed:26936951, ECO:0007744|PDB:3K6S, ECO:0007744|PDB:3K71, ECO:0007744|PDB:3K72, ECO:0007744|PDB:4NEH, ECO:0007744|PDB:4NEN, ECO:0007744|PDB:5E6R, ECO:0007744|PDB:5E6S, ECO:0007744|PDB:5E6U, ECO:0007744|PDB:5E6W, ECO:0007744|PDB:5E6X, ECO:0007744|PDB:5ES4"; CARBOHYD 212; /note="N-linked (GlcNAc...) asparagine"; /evidence="ECO:0000269|PubMed:16335952, ECO:0000269|PubMed:19159218, ECO:0000269|PubMed:19349973, ECO:0000269|PubMed:26936951, ECO:0007744|PDB:5E6R, ECO:0007744|PDB:5E6S, ECO:0007744|PDB:5E6U, ECO:0007744|PDB:5ES4"; CARBOHYD 254; /note="N-linked (GlcNAc...) asparagine"; /evidence="ECO:0000255, ECO:0000269|PubMed:26936951, ECO:0007744|PDB:5ES4"; CARBOHYD 501; /note="N-linked (GlcNAc...) asparagine"; /evidence="ECO:0000255, ECO:0000269|PubMed:20033057, ECO:0000269|PubMed:26936951, ECO:0007744|PDB:3K72, ECO:0007744|PDB:5E6X"; CARBOHYD 642; /note="N-linked (GlcNAc...) asparagine"; /evidence="ECO:0000269|PubMed:24385486, ECO:0000269|PubMed:26936951, ECO:0007744|PDB:4NEH, ECO:0007744|PDB:4NEN, ECO:0007744|PDB:5ES4"	
O15230	LAMA5 KIAA0533 KIAA1907	CARBOHYD 95; /note="N-linked (GlcNAc...) asparagine"; /evidence="ECO:0000255"; CARBOHYD 143; /note="N-linked (GlcNAc...) asparagine"; /evidence="ECO:0000255"; CARBOHYD 243; /note="N-linked (GlcNAc...) asparagine"; /evidence="ECO:0000255"; CARBOHYD 452; /note="N-linked (GlcNAc...) asparagine"; /evidence="ECO:0000255"; CARBOHYD 479; /note="N-linked (GlcNAc...) asparagine"; /evidence="ECO:0000255"; CARBOHYD 900; /note="N-linked (GlcNAc...) asparagine"; /evidence="ECO:0000255"; CARBOHYD 921; /note="N-linked (GlcNAc...) asparagine"; /evidence="ECO:0000255"; CARBOHYD 959; /note="N-linked (GlcNAc...) asparagine"; /evidence="ECO:0000255"; CARBOHYD 1330; /note="N-linked (GlcNAc...) asparagine"; /evidence="ECO:0000255"; CARBOHYD 1529; /note="N-linked (GlcNAc...) asparagine"; /evidence="ECO:0000255"; CARBOHYD 1555; /note="N-linked (GlcNAc...) asparagine"; /evidence="ECO:0000255"; CARBOHYD 2196; /note="N-linked (GlcNAc...) asparagine"; /evidence="ECO:0000255"; CARBOHYD 2209; /note="N-linked (GlcNAc...) asparagine"; /evidence="ECO:0000269|PubMed:19159218"; CARBOHYD 2303; /note="N-linked (GlcNAc...) asparagine"; /evidence="ECO:0000269|PubMed:19159218"; CARBOHYD 2423; /note="N-linked (GlcNAc...) asparagine"; /evidence="ECO:0000269|PubMed:19159218"; CARBOHYD 2501; /note="N-linked (GlcNAc...) asparagine"; /evidence="ECO:0000269|PubMed:19159218"; CARBOHYD 2568; /note="N-linked (GlcNAc...) asparagine"; /evidence="ECO:0000269|PubMed:19159218"; CARBOHYD 2707; /note="N-linked (GlcNAc...) asparagine"; /evidence="ECO:0000269|PubMed:19159218"; CARBOHYD 3107; /note="N-linked (GlcNAc...) asparagine"; /evidence="ECO:0000269|PubMed:19159218"; CARBOHYD 3209; /note="N-linked (GlcNAc...) asparagine"; /evidence="ECO:0000255"; CARBOHYD 3257; /note="N-linked (GlcNAc...) asparagine"; /evidence="ECO:0000255"; CARBOHYD 3287; /note="N-linked (GlcNAc...) asparagine"; /evidence="ECO:0000255"; CARBOHYD 3626; /note="N-linked (GlcNAc...) asparagine"; /evidence="ECO:0000255"	
Q9ULH0	KIDINS220 ARMS KIAA1250		
Q99677	LPAR4 GPR23 LPA4 P2RY9	CARBOHYD 15; /note="N-linked (GlcNAc...) asparagine"; /evidence="ECO:0000255"; CARBOHYD 24; /note="N-linked (GlcNAc...) asparagine"; /evidence="ECO:0000255"; CARBOHYD 28; /note="N-linked (GlcNAc...) asparagine"; /evidence="ECO:0000255"; CARBOHYD 183; /note="N-linked (GlcNAc...) asparagine"; /evidence="ECO:0000269|PubMed:16335952"	
Q96E93	KLRG1 CLEC15A MAFA MAFAL	CARBOHYD 65; /note="N-linked (GlcNAc...) asparagine"; /evidence="ECO:0000255"; CARBOHYD 97; /note="N-linked (GlcNAc...) asparagine"; /evidence="ECO:0000255"; CARBOHYD 137; /note="N-linked (GlcNAc...) asparagine"; /evidence="ECO:0000255"; CARBOHYD 150; /note="N-linked (GlcNAc...) asparagine"; /evidence="ECO:0000255"	
Q9HBX8	LGR6 UNQ6427/PRO21331 VTS20631	CARBOHYD 77; /note="N-linked (GlcNAc...) asparagine"; /evidence="ECO:0000255"; CARBOHYD 208; /note="N-linked (GlcNAc...) asparagine"; /evidence="ECO:0000255"	
P06756	ITGAV MSK8 VNRA VTNR	CARBOHYD 74; /note="N-linked (GlcNAc...) asparagine"; /evidence="ECO:0000269|PubMed:19159218, ECO:0000269|PubMed:19349973, ECO:0000269|PubMed:19704023, ECO:0000269|PubMed:28117447, ECO:0007744|PDB:3IJE"; CARBOHYD 290; /note="N-linked (GlcNAc...) asparagine"; /evidence="ECO:0000269|PubMed:19704023, ECO:0000269|PubMed:28117447, ECO:0007744|PDB:3IJE"; CARBOHYD 296; /note="N-linked (GlcNAc...) asparagine"; /evidence="ECO:0000269|PubMed:19704023, ECO:0000269|PubMed:28117447, ECO:0007744|PDB:3IJE"; CARBOHYD 488; /note="N-linked (GlcNAc...) asparagine"; /evidence="ECO:0000269|PubMed:19704023, ECO:0000269|PubMed:28117447, ECO:0007744|PDB:3IJE"; CARBOHYD 554; /note="N-linked (GlcNAc...) asparagine"; /evidence="ECO:0000269|PubMed:19704023, ECO:0000269|PubMed:28117447, ECO:0007744|PDB:3IJE"; CARBOHYD 615; /note="N-linked (GlcNAc...) asparagine"; /evidence="ECO:0000269|PubMed:12754519, ECO:0000269|PubMed:19159218, ECO:0000269|PubMed:19704023, ECO:0000269|PubMed:28117447, ECO:0007744|PDB:3IJE"; CARBOHYD 704; /note="N-linked (GlcNAc...) asparagine"; /evidence="ECO:0000269|PubMed:19159218"; CARBOHYD 835; /note="N-linked (GlcNAc...) asparagine"; /evidence="ECO:0000269|PubMed:19704023, ECO:0007744|PDB:3IJE"; CARBOHYD 851; /note="N-linked (GlcNAc...) asparagine"; /evidence="ECO:0000255"; CARBOHYD 874; /note="N-linked (GlcNAc...) asparagine"; /evidence="ECO:0000269|PubMed:19159218, ECO:0000269|PubMed:19349973"; CARBOHYD 945; /note="N-linked (GlcNAc...) asparagine"; /evidence="ECO:0000255"; CARBOHYD 973; /note="N-linked (GlcNAc...) asparagine"; /evidence="ECO:0000269|PubMed:19704023, ECO:0007744|PDB:3IJE"; CARBOHYD 980; /note="N-linked (GlcNAc...) asparagine"; /evidence="ECO:0000269|PubMed:19704023, ECO:0007744|PDB:3IJE"	
Q8WWY8	LIPH LPDLR MPAPLA1 PLA1B	CARBOHYD 50; /note="N-linked (GlcNAc...) asparagine"; /evidence="ECO:0000255"; CARBOHYD 66; /note="N-linked (GlcNAc...) asparagine"; /evidence="ECO:0000255"; CARBOHYD 357; /note="N-linked (GlcNAc...) asparagine"; /evidence="ECO:0000255"	
Q6NYC1	JMJD6 KIAA0585 PSR PTDSR		
P22888	LHCGR LCGR LGR2 LHRHR	CARBOHYD 99; /note="N-linked (GlcNAc...) asparagine"; /evidence="ECO:0000255"; CARBOHYD 174; /note="N-linked (GlcNAc...) asparagine"; /evidence="ECO:0000255"; CARBOHYD 195; /note="N-linked (GlcNAc...) asparagine"; /evidence="ECO:0000255"; CARBOHYD 291; /note="N-linked (GlcNAc...) asparagine"; /evidence="ECO:0000255"; CARBOHYD 299; /note="N-linked (GlcNAc...) asparagine"; /evidence="ECO:0000255"; CARBOHYD 313; /note="N-linked (GlcNAc...) asparagine"; /evidence="ECO:0000255"	LIPID 643; /note="S-palmitoyl cysteine"; /evidence="ECO:0000269|PubMed:15539429"; LIPID 644; /note="S-palmitoyl cysteine"; /evidence="ECO:0000269|PubMed:15539429"
Q96FE5	LINGO1 LERN1 LRRN6A UNQ201/PRO227	CARBOHYD 144; /note="N-linked (GlcNAc...) asparagine"; /evidence="ECO:0000269|PubMed:17005555"; CARBOHYD 202; /note="N-linked (GlcNAc...) asparagine"; /evidence="ECO:0000269|PubMed:17005555"; CARBOHYD 264; /note="N-linked (GlcNAc...) asparagine"; /evidence="ECO:0000269|PubMed:17005555"; CARBOHYD 274; /note="N-linked (GlcNAc...) asparagine"; /evidence="ECO:0000269|PubMed:17005555"; CARBOHYD 293; /note="N-linked (GlcNAc...) asparagine"; /evidence="ECO:0000269|PubMed:17005555"; CARBOHYD 341; /note="N-linked (GlcNAc...) asparagine"; /evidence="ECO:0000269|PubMed:17005555"; CARBOHYD 492; /note="N-linked (GlcNAc...) asparagine"; /evidence="ECO:0000269|PubMed:17005555"; CARBOHYD 505; /note="N-linked (GlcNAc...) asparagine"; /evidence="ECO:0000255"; CARBOHYD 526; /note="N-linked (GlcNAc...) asparagine"; /evidence="ECO:0000255"; CARBOHYD 542; /note="N-linked (GlcNAc...) asparagine"; /evidence="ECO:0000255"	
P05556	ITGB1 FNRB MDF2 MSK12	CARBOHYD 50; /note="N-linked (GlcNAc...) asparagine"; /evidence="ECO:0000255"; CARBOHYD 94; /note="N-linked (GlcNAc...) asparagine"; /evidence="ECO:0000255"; CARBOHYD 97; /note="N-linked (GlcNAc...) asparagine"; /evidence="ECO:0000255"; CARBOHYD 212; /note="N-linked (GlcNAc...) asparagine"; /evidence="ECO:0000269|PubMed:19159218"; CARBOHYD 269; /note="N-linked (GlcNAc...) asparagine"; /evidence="ECO:0000269|PubMed:22451694, ECO:0000269|PubMed:33962943, ECO:0007744|PDB:3VI3, ECO:0007744|PDB:3VI4, ECO:0007744|PDB:7NWL, ECO:0007744|PDB:7NXD"; CARBOHYD 363; /note="N-linked (GlcNAc...) asparagine"; /evidence="ECO:0000269|PubMed:33962943, ECO:0007744|PDB:7NWL, ECO:0007744|PDB:7NXD"; CARBOHYD 406; /note="N-linked (GlcNAc...) asparagine"; /evidence="ECO:0000269|PubMed:16335952, ECO:0000269|PubMed:19349973, ECO:0000269|PubMed:22451694, ECO:0000269|PubMed:33962943, ECO:0007744|PDB:3VI3, ECO:0007744|PDB:3VI4, ECO:0007744|PDB:7NWL, ECO:0007744|PDB:7NXD"; CARBOHYD 417; /note="N-linked (GlcNAc...) asparagine"; /evidence="ECO:0000269|PubMed:33962943, ECO:0007744|PDB:7NWL, ECO:0007744|PDB:7NXD"; CARBOHYD 481; /note="N-linked (GlcNAc...) asparagine"; /evidence="ECO:0000269|PubMed:19159218, ECO:0000269|PubMed:33962943, ECO:0007744|PDB:7NXD"; CARBOHYD 520; /note="N-linked (GlcNAc...) asparagine"; /evidence="ECO:0000255"; CARBOHYD 584; /note="N-linked (GlcNAc...) asparagine"; /evidence="ECO:0000255"; CARBOHYD 669; /note="N-linked (GlcNAc...) asparagine"; /evidence="ECO:0000269|PubMed:19159218, ECO:0000269|PubMed:33962943, ECO:0007744|PDB:7NWL, ECO:0007744|PDB:7NXD"	
O00292	LEFTY2 EBAF LEFTA LEFTYA TGFB4 PSEC0024	CARBOHYD 158; /note="N-linked (GlcNAc...) asparagine"; /evidence="ECO:0000255"	
Q6UX01	LMBR1L KIAA1174 LIMR UNQ458/PRO783		
Q8TAX7	MUC7 MG2	CARBOHYD 97; /note="N-linked (GlcNAc...) asparagine"; /evidence="ECO:0000255"; CARBOHYD 128; /note="N-linked (GlcNAc...) asparagine"; /evidence="ECO:0000255"; CARBOHYD 135; /note="N-linked (GlcNAc...) asparagine"; /evidence="ECO:0000255"; CARBOHYD 146; /note="N-linked (GlcNAc...) asparagine"; /evidence="ECO:0000255"; CARBOHYD 176; /note="O-linked (GalNAc) threonine; by GALNT13"; /evidence="ECO:0000269|PubMed:12407114"; CARBOHYD 182; /note="O-linked (GalNAc) serine; by GALNT13"; /evidence="ECO:0000269|PubMed:12407114"; CARBOHYD 183; /note="O-linked (GalNAc) serine; by GALNT13"; /evidence="ECO:0000269|PubMed:12407114"; CARBOHYD 188; /note="O-linked (GalNAc) threonine; by GALNT13"; /evidence="ECO:0000269|PubMed:12407114"; CARBOHYD 189; /note="O-linked (GalNAc) threonine; by GALNT13"; /evidence="ECO:0000269|PubMed:12407114"	
P49286	MTNR1B	CARBOHYD 4; /note="N-linked (GlcNAc...) asparagine"; /evidence="ECO:0000255"	
Q96LB1	MRGPRX2 MRGX2		
P48039	MTNR1A	CARBOHYD 4; /note="N-linked (GlcNAc...) asparagine"; /evidence="ECO:0000255"; CARBOHYD 10; /note="N-linked (GlcNAc...) asparagine"; /evidence="ECO:0000255"	
Q16674	MIA		
P45452	MMP13	CARBOHYD 117; /note="N-linked (GlcNAc...) asparagine"; /evidence="ECO:0000269|PubMed:8576151"; CARBOHYD 152; /note="N-linked (GlcNAc...) asparagine"; /evidence="ECO:0000255"	
P39900	MMP12 HME	CARBOHYD 20; /note="N-linked (GlcNAc...) asparagine"; /evidence="ECO:0000255"; CARBOHYD 285; /note="N-linked (GlcNAc...) asparagine"; /evidence="ECO:0000255"	
P41968	MC3R	CARBOHYD 2; /note="N-linked (GlcNAc...) asparagine"; /evidence="ECO:0000255"; CARBOHYD 16; /note="N-linked (GlcNAc...) asparagine"; /evidence="ECO:0000255"; CARBOHYD 28; /note="N-linked (GlcNAc...) asparagine"; /evidence="ECO:0000255"	LIPID 315; /note="S-palmitoyl cysteine"; /evidence="ECO:0000255"
Q9BY79	MFRP	CARBOHYD 227; /note="N-linked (GlcNAc...) asparagine"; /evidence="ECO:0000255"; CARBOHYD 415; /note="N-linked (GlcNAc...) asparagine"; /evidence="ECO:0000255"	
P33032	MC5R	CARBOHYD 2; /note="N-linked (GlcNAc...) asparagine"; /evidence="ECO:0000255"; CARBOHYD 15; /note="N-linked (GlcNAc...) asparagine"; /evidence="ECO:0000255"; CARBOHYD 20; /note="N-linked (GlcNAc...) asparagine"; /evidence="ECO:0000255"; CARBOHYD 28; /note="N-linked (GlcNAc...) asparagine"; /evidence="ECO:0000255"	LIPID 311; /note="S-palmitoyl cysteine"; /evidence="ECO:0000255"; LIPID 312; /note="S-palmitoyl cysteine"; /evidence="ECO:0000255"
Q13477	MADCAM1	CARBOHYD 83; /note="N-linked (GlcNAc...) asparagine"; /evidence="ECO:0000255, ECO:0000269|PubMed:23297416"	
P32245	MC4R	CARBOHYD 3; /note="N-linked (GlcNAc...) asparagine"; /evidence="ECO:0000255"; CARBOHYD 17; /note="N-linked (GlcNAc...) asparagine"; /evidence="ECO:0000255"; CARBOHYD 26; /note="N-linked (GlcNAc...) asparagine"; /evidence="ECO:0000255"	LIPID 318; /note="S-palmitoyl cysteine"; /evidence="ECO:0000255"
Q14112	NID2	CARBOHYD 358; /note="O-linked (Xyl...) (chondroitin sulfate) serine"; /evidence="ECO:0000255"; CARBOHYD 359; /note="O-linked (Xyl...) (chondroitin sulfate) serine"; /evidence="ECO:0000255"; CARBOHYD 417; /note="N-linked (GlcNAc...) asparagine"; /evidence="ECO:0000305"; CARBOHYD 452; /note="O-linked (Xyl...) (chondroitin sulfate) serine"; /evidence="ECO:0000269|PubMed:32337544"; CARBOHYD 658; /note="N-linked (GlcNAc...) asparagine"; /evidence="ECO:0000305"; CARBOHYD 693; /note="N-linked (GlcNAc...) asparagine"; /evidence="ECO:0000305"; CARBOHYD 703; /note="N-linked (GlcNAc...) asparagine"; /evidence="ECO:0000305"; CARBOHYD 1124; /note="N-linked (GlcNAc...) asparagine"; /evidence="ECO:0000269|PubMed:19159218"	
Q9NS15	LTBP3	CARBOHYD 89; /note="N-linked (GlcNAc...) asparagine"; /evidence="ECO:0000255"; CARBOHYD 349; /note="N-linked (GlcNAc...) asparagine"; /evidence="ECO:0000255"; CARBOHYD 845; /note="N-linked (GlcNAc...) asparagine"; /evidence="ECO:0000255"; CARBOHYD 936; /note="N-linked (GlcNAc...) asparagine"; /evidence="ECO:0000255"; CARBOHYD 1275; /note="N-linked (GlcNAc...) asparagine"; /evidence="ECO:0000255"	
P08582	MELTF MAP97 MFI2	CARBOHYD 38; /note="N-linked (GlcNAc...) asparagine"; /evidence="ECO:0000255"; CARBOHYD 135; /note="N-linked (GlcNAc...) asparagine"; /evidence="ECO:0000255"; CARBOHYD 515; /note="N-linked (GlcNAc...) asparagine"; /evidence="ECO:0000255"	LIPID 709; /note="GPI-anchor amidated cysteine"; /evidence="ECO:0000255"
Q00994	BEX3 DXS6984E NADE NGFRAP1		
Q08431	MFGE8	CARBOHYD 228; /note="N-linked (GlcNAc...) asparagine; atypical"; /evidence="ECO:0000269|PubMed:18780401"; CARBOHYD 238; /note="N-linked (GlcNAc...) asparagine"; /evidence="ECO:0000269|PubMed:18780401"; CARBOHYD 325; /note="N-linked (GlcNAc...) asparagine"; /evidence="ECO:0000269|PubMed:18780401"; CARBOHYD 329; /note="N-linked (GlcNAc...) asparagine"; /evidence="ECO:0000269|PubMed:18780401"; CARBOHYD 350; /note="N-linked (GlcNAc...) asparagine"; /evidence="ECO:0000269|PubMed:18780401"	
O15146	MUSK	CARBOHYD 222; /note="N-linked (GlcNAc...) asparagine"; /evidence="ECO:0000255"; CARBOHYD 338; /note="N-linked (GlcNAc...) asparagine"; /evidence="ECO:0000250"	
O75581	LRP6	CARBOHYD 42; /note="N-linked (GlcNAc...) asparagine"; /evidence="ECO:0000255"; CARBOHYD 81; /note="N-linked (GlcNAc...) asparagine"; /evidence="ECO:0000255"; CARBOHYD 281; /note="N-linked (GlcNAc...) asparagine"; /evidence="ECO:0000255"; CARBOHYD 433; /note="N-linked (GlcNAc...) asparagine"; /evidence="ECO:0000255"; CARBOHYD 486; /note="N-linked (GlcNAc...) asparagine"; /evidence="ECO:0000255"; CARBOHYD 692; /note="N-linked (GlcNAc...) asparagine"; /evidence="ECO:0000269|PubMed:22000856"; CARBOHYD 859; /note="N-linked (GlcNAc...) asparagine"; /evidence="ECO:0000269|PubMed:22000856, ECO:0000269|PubMed:38696577, ECO:0007744|PDB:8S7C"; CARBOHYD 865; /note="N-linked (GlcNAc...) asparagine"; /evidence="ECO:0000269|PubMed:22000856"; CARBOHYD 926; /note="N-linked (GlcNAc...) asparagine"; /evidence="ECO:0000269|PubMed:22000856, ECO:0000269|PubMed:38696577, ECO:0007744|PDB:8S7C"; CARBOHYD 1039; /note="N-linked (GlcNAc...) asparagine"; /evidence="ECO:0000269|PubMed:22000856, ECO:0000269|PubMed:38696577, ECO:0007744|PDB:8S7C"	LIPID 1394; /note="S-palmitoyl cysteine"; /evidence="ECO:0000269|PubMed:18378904"; LIPID 1399; /note="S-palmitoyl cysteine"; /evidence="ECO:0000269|PubMed:18378904"
Q14766	LTBP1	CARBOHYD 347; /note="N-linked (GlcNAc...) asparagine"; /evidence="ECO:0000255"; CARBOHYD 378; /note="N-linked (GlcNAc...) asparagine"; /evidence="ECO:0000255"; CARBOHYD 424; /note="N-linked (GlcNAc...) asparagine"; /evidence="ECO:0000255"; CARBOHYD 620; /note="N-linked (GlcNAc...) asparagine"; /evidence="ECO:0000255"; CARBOHYD 647; /note="O-linked (Glc) serine"; /evidence="ECO:0000269|PubMed:34411563"; CARBOHYD 769; /note="O-linked (GalNAc...) threonine"; /evidence="ECO:0000269|PubMed:34411563"; CARBOHYD 801; /note="O-linked (GalNAc...) threonine"; /evidence="ECO:0000269|PubMed:34411563"; CARBOHYD 937; /note="O-linked (Glc) serine"; /evidence="ECO:0000269|PubMed:34411563"; CARBOHYD 1019; /note="O-linked (Glc) serine"; /evidence="ECO:0000269|PubMed:34411563"; CARBOHYD 1059; /note="O-linked (Glc) serine"; /evidence="ECO:0000269|PubMed:34411563"; CARBOHYD 1141; /note="O-linked (Glc) serine"; /evidence="ECO:0000269|PubMed:34411563"; CARBOHYD 1197; /note="N-linked (GlcNAc...) asparagine"; /evidence="ECO:0000255"; CARBOHYD 1224; /note="O-linked (Glc) serine"; /evidence="ECO:0000269|PubMed:34411563"; CARBOHYD 1250; /note="N-linked (GlcNAc...) asparagine"; /evidence="ECO:0000255"; CARBOHYD 1366; /note="N-linked (GlcNAc...) asparagine"; /evidence="ECO:0000269|PubMed:10677208, ECO:0000269|PubMed:8617200"; /id="CAR_000184"; CARBOHYD 1488; /note="O-linked (Glc) serine"; /evidence="ECO:0000269|PubMed:34411563"; CARBOHYD 1687; /note="O-linked (Glc) serine"; /evidence="ECO:0000269|PubMed:34411563"	
P08581	MET	CARBOHYD 45; /note="N-linked (GlcNAc...) asparagine"; /evidence="ECO:0000255"; CARBOHYD 106; /note="N-linked (GlcNAc...) asparagine"; /evidence="ECO:0000269|PubMed:19196183"; CARBOHYD 149; /note="N-linked (GlcNAc...) asparagine"; /evidence="ECO:0000255"; CARBOHYD 202; /note="N-linked (GlcNAc...) asparagine"; /evidence="ECO:0000255"; CARBOHYD 399; /note="N-linked (GlcNAc...) asparagine"; /evidence="ECO:0000255"; CARBOHYD 405; /note="N-linked (GlcNAc...) asparagine"; /evidence="ECO:0000255"; CARBOHYD 582; /note="O-linked (Man) threonine"; /evidence="ECO:0000269|PubMed:37186866"; CARBOHYD 607; /note="N-linked (GlcNAc...) asparagine"; /evidence="ECO:0000255"; CARBOHYD 635; /note="N-linked (GlcNAc...) asparagine"; /evidence="ECO:0000255"; CARBOHYD 676; /note="O-linked (Man) threonine"; /evidence="ECO:0000269|PubMed:37186866"; CARBOHYD 761; /note="O-linked (Man) threonine"; /evidence="ECO:0000269|PubMed:37186866"; CARBOHYD 785; /note="N-linked (GlcNAc...) asparagine"; /evidence="ECO:0000255"; CARBOHYD 879; /note="N-linked (GlcNAc...) asparagine"; /evidence="ECO:0000255"; CARBOHYD 930; /note="N-linked (GlcNAc...) asparagine"; /evidence="ECO:0000255"	
O95711	LY86 MD1	CARBOHYD 96; /note="N-linked (GlcNAc...) asparagine"; /evidence="ECO:0000255"; CARBOHYD 156; /note="N-linked (GlcNAc...) asparagine"; /evidence="ECO:0000255"	
Q00604	NDP EVR2		
P55196	AFDN AF6 MLLT4		
Q96LB2	MRGPRX1 MRGX1 SNSR3 SNSR4	CARBOHYD 16; /note="N-linked (GlcNAc...) asparagine"; /evidence="ECO:0000255"	
Q01718	MC2R ACTHR	CARBOHYD 12; /note="N-linked (GlcNAc...) asparagine"; /evidence="ECO:0000255"; CARBOHYD 17; /note="N-linked (GlcNAc...) asparagine"; /evidence="ECO:0000255"	LIPID 293; /note="S-palmitoyl cysteine"; /evidence="ECO:0000255"
P98164	LRP2	CARBOHYD 159; /note="N-linked (GlcNAc...) asparagine"; /evidence="ECO:0000255"; CARBOHYD 178; /note="N-linked (GlcNAc...) asparagine"; /evidence="ECO:0000255"; CARBOHYD 299; /note="N-linked (GlcNAc...) asparagine"; /evidence="ECO:0000255"; CARBOHYD 300; /note="N-linked (GlcNAc...) asparagine"; /evidence="ECO:0000255"; CARBOHYD 341; /note="N-linked (GlcNAc...) asparagine"; /evidence="ECO:0000255"; CARBOHYD 388; /note="N-linked (GlcNAc...) asparagine"; /evidence="ECO:0000255"; CARBOHYD 463; /note="N-linked (GlcNAc...) asparagine"; /evidence="ECO:0000255"; CARBOHYD 866; /note="N-linked (GlcNAc...) asparagine"; /evidence="ECO:0000255"; CARBOHYD 1064; /note="N-linked (GlcNAc...) asparagine"; /evidence="ECO:0000255"; CARBOHYD 1144; /note="N-linked (GlcNAc...) asparagine"; /evidence="ECO:0000255"; CARBOHYD 1186; /note="N-linked (GlcNAc...) asparagine"; /evidence="ECO:0000255"; CARBOHYD 1327; /note="N-linked (GlcNAc...) asparagine"; /evidence="ECO:0000255"; CARBOHYD 1340; /note="N-linked (GlcNAc...) asparagine"; /evidence="ECO:0000255"; CARBOHYD 1383; /note="N-linked (GlcNAc...) asparagine"; /evidence="ECO:0000255"; CARBOHYD 1464; /note="N-linked (GlcNAc...) asparagine"; /evidence="ECO:0000255"; CARBOHYD 1496; /note="N-linked (GlcNAc...) asparagine"; /evidence="ECO:0000255"; CARBOHYD 1550; /note="N-linked (GlcNAc...) asparagine"; /evidence="ECO:0000255"; CARBOHYD 1675; /note="N-linked (GlcNAc...) asparagine"; /evidence="ECO:0000255"; CARBOHYD 1810; /note="N-linked (GlcNAc...) asparagine"; /evidence="ECO:0000255"; CARBOHYD 2055; /note="N-linked (GlcNAc...) asparagine"; /evidence="ECO:0000255"; CARBOHYD 2177; /note="N-linked (GlcNAc...) asparagine"; /evidence="ECO:0000255"; CARBOHYD 2224; /note="N-linked (GlcNAc...) asparagine"; /evidence="ECO:0000255"; CARBOHYD 2499; /note="N-linked (GlcNAc...) asparagine"; /evidence="ECO:0000255"; CARBOHYD 2547; /note="N-linked (GlcNAc...) asparagine"; /evidence="ECO:0000255"; CARBOHYD 2781; /note="N-linked (GlcNAc...) asparagine"; /evidence="ECO:0000255"; CARBOHYD 2809; /note="N-linked (GlcNAc...) asparagine"; /evidence="ECO:0000255"; CARBOHYD 2810; /note="N-linked (GlcNAc...) asparagine"; /evidence="ECO:0000255"; CARBOHYD 2947; /note="N-linked (GlcNAc...) asparagine"; /evidence="ECO:0000255"; CARBOHYD 2987; /note="N-linked (GlcNAc...) asparagine"; /evidence="ECO:0000255"; CARBOHYD 3125; /note="N-linked (GlcNAc...) asparagine"; /evidence="ECO:0000255"; CARBOHYD 3211; /note="N-linked (GlcNAc...) asparagine"; /evidence="ECO:0000255"; CARBOHYD 3257; /note="N-linked (GlcNAc...) asparagine"; /evidence="ECO:0000255"; CARBOHYD 3315; /note="N-linked (GlcNAc...) asparagine"; /evidence="ECO:0000255"; CARBOHYD 3355; /note="N-linked (GlcNAc...) asparagine"; /evidence="ECO:0000255"; CARBOHYD 3446; /note="N-linked (GlcNAc...) asparagine"; /evidence="ECO:0000255"; CARBOHYD 3564; /note="N-linked (GlcNAc...) asparagine"; /evidence="ECO:0000255"; CARBOHYD 3680; /note="N-linked (GlcNAc...) asparagine"; /evidence="ECO:0000255"; CARBOHYD 3978; /note="N-linked (GlcNAc...) asparagine"; /evidence="ECO:0000255"; CARBOHYD 4068; /note="N-linked (GlcNAc...) asparagine"; /evidence="ECO:0000255"; CARBOHYD 4327; /note="N-linked (GlcNAc...) asparagine"; /evidence="ECO:0000255"	
P01138	NGF NGFB	CARBOHYD 69; /note="N-linked (GlcNAc...) asparagine"; /evidence="ECO:0000255"; CARBOHYD 114; /note="N-linked (GlcNAc...) asparagine"; /evidence="ECO:0000255"	
P55001	MFAP2 MAGP1		
P61626	LYZ LZM		
P03956	MMP1 CLG	CARBOHYD 120; /note="N-linked (GlcNAc...) asparagine"; /evidence="ECO:0000269|PubMed:10092871"; /id="CAR_000105"	
O14931	NCR3 1C7 LY117	CARBOHYD 42; /note="N-linked (GlcNAc...) asparagine"; /evidence="ECO:0000255"; CARBOHYD 121; /note="N-linked (GlcNAc...) asparagine"; /evidence="ECO:0000255"	
Q9UEW3	MARCO SCARA2	CARBOHYD 83; /note="N-linked (GlcNAc...) asparagine"; /evidence="ECO:0000255"; CARBOHYD 136; /note="N-linked (GlcNAc...) asparagine"; /evidence="ECO:0000269|PubMed:16335952, ECO:0000269|PubMed:19159218"	
P08138	NGFR TNFRSF16	CARBOHYD 60; /note="N-linked (GlcNAc...) asparagine"; /evidence="ECO:0000305"; /id="CAR_000231"	
P11226	MBL2 COLEC1 MBL		
P20916	MAG GMA	CARBOHYD 99; /note="N-linked (GlcNAc...) asparagine"; /evidence="ECO:0000269|PubMed:7505568"; CARBOHYD 106; /note="N-linked (GlcNAc...) asparagine; partial"; /evidence="ECO:0000269|PubMed:7505568"; CARBOHYD 223; /note="N-linked (GlcNAc...) asparagine"; /evidence="ECO:0000269|PubMed:7505568"; CARBOHYD 246; /note="N-linked (GlcNAc...) asparagine"; /evidence="ECO:0000269|PubMed:7505568"; CARBOHYD 315; /note="N-linked (GlcNAc...) asparagine"; /evidence="ECO:0000269|PubMed:7505568"; CARBOHYD 406; /note="N-linked (GlcNAc...) asparagine"; /evidence="ECO:0000269|PubMed:7505568"; CARBOHYD 450; /note="N-linked (GlcNAc...) asparagine"; /evidence="ECO:0000269|PubMed:7505568"; CARBOHYD 454; /note="N-linked (GlcNAc...) asparagine"; /evidence="ECO:0000269|PubMed:7505568"	LIPID 531; /note="S-palmitoyl cysteine"; /evidence="ECO:0000250|UniProtKB:P07722"
P01374	LTA TNFB TNFSF1	CARBOHYD 41; /note="O-linked (GalNAc...) threonine; partial"; /evidence="ECO:0000269|PubMed:1451807"; CARBOHYD 96; /note="N-linked (GlcNAc...) asparagine"; /evidence="ECO:0000269|PubMed:1451807"; /id="CAR_000048"	
Q12866	MERTK MER	CARBOHYD 114; /note="N-linked (GlcNAc...) asparagine"; /evidence="ECO:0000255"; CARBOHYD 170; /note="N-linked (GlcNAc...) asparagine"; /evidence="ECO:0000255"; CARBOHYD 207; /note="N-linked (GlcNAc...) asparagine"; /evidence="ECO:0000255"; CARBOHYD 215; /note="N-linked (GlcNAc...) asparagine"; /evidence="ECO:0000255"; CARBOHYD 234; /note="N-linked (GlcNAc...) asparagine"; /evidence="ECO:0000255"; CARBOHYD 294; /note="N-linked (GlcNAc...) asparagine"; /evidence="ECO:0000255"; CARBOHYD 316; /note="N-linked (GlcNAc...) asparagine"; /evidence="ECO:0000255"; CARBOHYD 329; /note="N-linked (GlcNAc...) asparagine"; /evidence="ECO:0000255"; CARBOHYD 336; /note="N-linked (GlcNAc...) asparagine"; /evidence="ECO:0000255"; CARBOHYD 354; /note="N-linked (GlcNAc...) asparagine"; /evidence="ECO:0000255"; CARBOHYD 389; /note="N-linked (GlcNAc...) asparagine"; /evidence="ECO:0000255"; CARBOHYD 395; /note="N-linked (GlcNAc...) asparagine"; /evidence="ECO:0000255"; CARBOHYD 442; /note="N-linked (GlcNAc...) asparagine"; /evidence="ECO:0000269|PubMed:16335952"; CARBOHYD 454; /note="N-linked (GlcNAc...) asparagine"; /evidence="ECO:0000255"	
Q16653	MOG	CARBOHYD 60; /note="N-linked (GlcNAc...) asparagine"; /evidence="ECO:0000255"	
P30533	LRPAP1 A2MRAP	CARBOHYD 268; /note="N-linked (GlcNAc...) asparagine"; /evidence="ECO:0000269|PubMed:19159218"	
Q06643	LTB TNFC TNFSF3	CARBOHYD 222; /note="N-linked (GlcNAc...) asparagine"; /evidence="ECO:0000255"	
Q969V1	MCHR2 GPR145 SLT	CARBOHYD 10; /note="N-linked (GlcNAc...) asparagine"; /evidence="ECO:0000255"; CARBOHYD 17; /note="N-linked (GlcNAc...) asparagine"; /evidence="ECO:0000255"	
Q9Y5R2	MMP24 MT5MMP		
P14780	MMP9 CLG4B	CARBOHYD 38; /note="N-linked (GlcNAc...) asparagine"; /evidence="ECO:0000255"; CARBOHYD 120; /note="N-linked (GlcNAc...) asparagine"; /evidence="ECO:0000255"; CARBOHYD 127; /note="N-linked (GlcNAc...) asparagine"; /evidence="ECO:0000255"	
P02788	LTF GIG12 LF	CARBOHYD 156; /note="N-linked (GlcNAc...) asparagine"; /evidence="ECO:0000269|PubMed:15299444, ECO:0000269|PubMed:15299793, ECO:0000269|PubMed:1581307, ECO:0000269|PubMed:16201406, ECO:0000269|PubMed:18780401, ECO:0000269|PubMed:8069634, ECO:0000269|Ref.73"; CARBOHYD 497; /note="N-linked (GlcNAc...) asparagine"; /evidence="ECO:0000269|PubMed:15299793, ECO:0000269|PubMed:1581307, ECO:0000269|PubMed:16201406, ECO:0000269|PubMed:18780401, ECO:0000269|PubMed:19159218, ECO:0000269|Ref.73"; CARBOHYD 642; /note="N-linked (GlcNAc...) asparagine"; /evidence="ECO:0000269|PubMed:18780401"; CARBOHYD P02788-2:10; /note="O-linked (GlcNAc) serine; alternate"; /evidence="ECO:0000269|PubMed:20404350"	
P43121	MCAM MUC18	CARBOHYD 56; /note="N-linked (GlcNAc...) asparagine"; /evidence="ECO:0000255"; CARBOHYD 418; /note="N-linked (GlcNAc...) asparagine"; /evidence="ECO:0000255"; CARBOHYD 449; /note="N-linked (GlcNAc...) asparagine"; /evidence="ECO:0000255"; CARBOHYD 467; /note="N-linked (GlcNAc...) asparagine"; /evidence="ECO:0000269|PubMed:19159218"; CARBOHYD 508; /note="N-linked (GlcNAc...) asparagine"; /evidence="ECO:0000255"; CARBOHYD 518; /note="N-linked (GlcNAc...) asparagine"; /evidence="ECO:0000255"; CARBOHYD 527; /note="N-linked (GlcNAc...) asparagine"; /evidence="ECO:0000255"; CARBOHYD 544; /note="N-linked (GlcNAc...) asparagine"; /evidence="ECO:0000255"	
P06858	LPL LIPD	CARBOHYD 70; /note="N-linked (GlcNAc...) asparagine"; /evidence="ECO:0000269|PubMed:18780401, ECO:0000269|PubMed:30559189, ECO:0007744|PDB:6E7K"; CARBOHYD 386; /note="N-linked (GlcNAc...) asparagine"; /evidence="ECO:0000269|PubMed:30559189, ECO:0007744|PDB:6E7K"	
P14543	NID1 NID	CARBOHYD 922; /note="O-linked (GalNAc...) threonine"; /evidence="ECO:0000255"; CARBOHYD 935; /note="O-linked (GalNAc...) threonine"; /evidence="ECO:0000255"	
P04201	MAS1 MAS	CARBOHYD 5; /note="N-linked (GlcNAc...) asparagine"; /evidence="ECO:0000255"; CARBOHYD 16; /note="N-linked (GlcNAc...) asparagine"; /evidence="ECO:0000255"; CARBOHYD 22; /note="N-linked (GlcNAc...) asparagine"; /evidence="ECO:0000255"	
O14793	MSTN GDF8	CARBOHYD 71; /note="N-linked (GlcNAc...) asparagine"; /evidence="ECO:0000255"	
Q02817	MUC2 SMUC	CARBOHYD 163; /note="N-linked (GlcNAc...) asparagine"; /evidence="ECO:0000269|PubMed:33031746, ECO:0000269|PubMed:35377815, ECO:0007744|PDB:7A5O, ECO:0007744|PDB:7POV"; CARBOHYD 423; /note="N-linked (GlcNAc...) asparagine"; /evidence="ECO:0000255"; CARBOHYD 670; /note="N-linked (GlcNAc...) asparagine"; /evidence="ECO:0000269|PubMed:33031746, ECO:0000269|PubMed:35377815, ECO:0007744|PDB:7A5O, ECO:0007744|PDB:7POV"; CARBOHYD 770; /note="N-linked (GlcNAc...) asparagine"; /evidence="ECO:0000255"; CARBOHYD 894; /note="N-linked (GlcNAc...) asparagine"; /evidence="ECO:0000269|PubMed:31310764, ECO:0007744|PDB:6RBF"; CARBOHYD 1139; /note="N-linked (GlcNAc...) asparagine"; /evidence="ECO:0000255"; CARBOHYD 1154; /note="N-linked (GlcNAc...) asparagine"; /evidence="ECO:0000269|PubMed:31310764, ECO:0000269|PubMed:33031746, ECO:0000269|PubMed:35377815, ECO:0007744|PDB:6RBF, ECO:0007744|PDB:7A5O, ECO:0007744|PDB:7POV"; CARBOHYD 1215; /note="N-linked (GlcNAc...) asparagine"; /evidence="ECO:0000255"; CARBOHYD 1230; /note="N-linked (GlcNAc...) asparagine"; /evidence="ECO:0000255"; CARBOHYD 1246; /note="N-linked (GlcNAc...) asparagine"; /evidence="ECO:0000255"; CARBOHYD 1266; /note="O-linked (GalNAc) threonine"; /evidence="ECO:0000269|PubMed:33031746"; CARBOHYD 1267; /note="O-linked (GalNAc) threonine"; /evidence="ECO:0000269|PubMed:33031746"; CARBOHYD 1269; /note="O-linked (GalNAc) threonine"; /evidence="ECO:0000269|PubMed:33031746"; CARBOHYD 1270; /note="O-linked (GalNAc) threonine"; /evidence="ECO:0000269|PubMed:33031746"; CARBOHYD 1272; /note="O-linked (GalNAc) threonine"; /evidence="ECO:0000269|PubMed:33031746"; CARBOHYD 1275; /note="O-linked (GalNAc) threonine"; /evidence="ECO:0000269|PubMed:33031746"; CARBOHYD 1276; /note="O-linked (GalNAc) threonine"; /evidence="ECO:0000269|PubMed:33031746"; CARBOHYD 1281; /note="O-linked (GalNAc) threonine"; /evidence="ECO:0000269|PubMed:33031746"; CARBOHYD 1282; /note="O-linked (GalNAc) threonine"; /evidence="ECO:0000269|PubMed:33031746"; CARBOHYD 1287; /note="O-linked (GalNAc) threonine"; /evidence="ECO:0000269|PubMed:33031746"; CARBOHYD 1291; /note="O-linked (GalNAc) serine"; /evidence="ECO:0000269|PubMed:33031746"; CARBOHYD 1292; /note="O-linked (GalNAc) serine"; /evidence="ECO:0000269|PubMed:33031746"; CARBOHYD 1293; /note="O-linked (GalNAc) threonine"; /evidence="ECO:0000269|PubMed:33031746"; CARBOHYD 1296; /note="O-linked (GalNAc) serine"; /evidence="ECO:0000269|PubMed:33031746"; CARBOHYD 1297; /note="O-linked (GalNAc) threonine"; /evidence="ECO:0000269|PubMed:33031746"; CARBOHYD 1787; /note="N-linked (GlcNAc...) asparagine"; /evidence="ECO:0000255"; CARBOHYD 1820; /note="N-linked (GlcNAc...) asparagine"; /evidence="ECO:0000255"; CARBOHYD 4449; /note="N-linked (GlcNAc...) asparagine"; /evidence="ECO:0000255"; CARBOHYD 4461; /note="N-linked (GlcNAc...) asparagine"; /evidence="ECO:0000255"; CARBOHYD 4472; /note="N-linked (GlcNAc...) asparagine"; /evidence="ECO:0000255"; CARBOHYD 4483; /note="N-linked (GlcNAc...) asparagine"; /evidence="ECO:0000255"; CARBOHYD 4532; /note="N-linked (GlcNAc...) asparagine"; /evidence="ECO:0000255"; CARBOHYD 4548; /note="N-linked (GlcNAc...) asparagine"; /evidence="ECO:0000255"; CARBOHYD 4612; /note="N-linked (GlcNAc...) asparagine"; /evidence="ECO:0000255"; CARBOHYD 4726; /note="N-linked (GlcNAc...) asparagine"; /evidence="ECO:0000255"; CARBOHYD 4737; /note="N-linked (GlcNAc...) asparagine"; /evidence="ECO:0000255"; CARBOHYD 4862; /note="N-linked (GlcNAc...) asparagine"; /evidence="ECO:0000255"; CARBOHYD 4897; /note="N-linked (GlcNAc...) asparagine"; /evidence="ECO:0000255"; CARBOHYD 4991; /note="N-linked (GlcNAc...) asparagine"; /evidence="ECO:0000255"; CARBOHYD 4998; /note="N-linked (GlcNAc...) asparagine"; /evidence="ECO:0000255"; CARBOHYD 5065; /note="N-linked (GlcNAc...) asparagine"; /evidence="ECO:0000255"; CARBOHYD 5080; /note="N-linked (GlcNAc...) asparagine"; /evidence="ECO:0000255"; CARBOHYD 5129; /note="N-linked (GlcNAc...) asparagine"; /evidence="ECO:0000255"; CARBOHYD 5148; /note="N-linked (GlcNAc...) asparagine"; /evidence="ECO:0000255"; CARBOHYD 5179; /note="N-linked (GlcNAc...) asparagine"; /evidence="ECO:0000255"	
P21741	MDK MK1 NEGF2		
P08253	MMP2 CLG4A	CARBOHYD 573; /note="N-linked (GlcNAc...) asparagine"; /evidence="ECO:0000255"; CARBOHYD 642; /note="N-linked (GlcNAc...) asparagine"; /evidence="ECO:0000255"	
Q13361	MFAP5 MAGP2	CARBOHYD 54; /note="O-linked (GalNAc...) threonine"; /evidence="ECO:0000269|PubMed:22171320"; CARBOHYD 79; /note="N-linked (GlcNAc...) asparagine"; /evidence="ECO:0000269|PubMed:19159218"	
O14594	NCAN CSPG3 NEUR	CARBOHYD 122; /note="N-linked (GlcNAc...) asparagine"; /evidence="ECO:0000255"; CARBOHYD 340; /note="N-linked (GlcNAc...) asparagine"; /evidence="ECO:0000255"; CARBOHYD 381; /note="O-linked (Xyl...) (chondroitin sulfate) serine"; /evidence="ECO:0000269|PubMed:25326458"; CARBOHYD 411; /note="O-linked (Xyl...) (chondroitin sulfate) serine"; /evidence="ECO:0000269|PubMed:25326458"; CARBOHYD 1026; /note="N-linked (GlcNAc...) asparagine"; /evidence="ECO:0000255"; CARBOHYD 1223; /note="N-linked (GlcNAc...) asparagine"; /evidence="ECO:0000255"	
P09237	MMP7 MPSL1 PUMP1		
Q5SRR4	LY6G5C C6orf20 G5C NG33	CARBOHYD 96; /note="N-linked (GlcNAc...) asparagine"; /evidence="ECO:0000255"	
Q8N2Q7	NLGN1 KIAA1070	CARBOHYD 109; /note="N-linked (GlcNAc...) (complex) asparagine"; /evidence="ECO:0000250|UniProtKB:Q62765"; CARBOHYD 323; /note="N-linked (GlcNAc...) (complex) asparagine"; /evidence="ECO:0000250|UniProtKB:Q62765"; CARBOHYD 363; /note="N-linked (GlcNAc...) (complex) asparagine"; /evidence="ECO:0000250|UniProtKB:Q62765"; CARBOHYD 567; /note="N-linked (GlcNAc...) asparagine"; /evidence="ECO:0000250|UniProtKB:Q62765"; CARBOHYD 703; /note="O-linked (GalNAc...) serine"; /evidence="ECO:0000250|UniProtKB:Q62765"; CARBOHYD 706; /note="O-linked (GalNAc...) serine"; /evidence="ECO:0000250|UniProtKB:Q62765"	
Q9NWH9	SLTM MET		
Q99705	MCHR1 GPR24 SLC1	CARBOHYD 13; /note="N-linked (GlcNAc...) asparagine"; /evidence="ECO:0000255"; CARBOHYD 16; /note="N-linked (GlcNAc...) asparagine"; /evidence="ECO:0000255"; CARBOHYD 23; /note="N-linked (GlcNAc...) asparagine"; /evidence="ECO:0000255"	
Q9NZR2	LRP1B LRPDIT	CARBOHYD 134; /note="N-linked (GlcNAc...) asparagine"; /evidence="ECO:0000255"; CARBOHYD 190; /note="N-linked (GlcNAc...) asparagine"; /evidence="ECO:0000255"; CARBOHYD 220; /note="N-linked (GlcNAc...) asparagine"; /evidence="ECO:0000255"; CARBOHYD 313; /note="N-linked (GlcNAc...) asparagine"; /evidence="ECO:0000255"; CARBOHYD 360; /note="N-linked (GlcNAc...) asparagine"; /evidence="ECO:0000255"; CARBOHYD 443; /note="N-linked (GlcNAc...) asparagine"; /evidence="ECO:0000255"; CARBOHYD 725; /note="N-linked (GlcNAc...) asparagine"; /evidence="ECO:0000255"; CARBOHYD 758; /note="N-linked (GlcNAc...) asparagine"; /evidence="ECO:0000255"; CARBOHYD 829; /note="N-linked (GlcNAc...) asparagine"; /evidence="ECO:0000255"; CARBOHYD 883; /note="N-linked (GlcNAc...) asparagine"; /evidence="ECO:0000255"; CARBOHYD 919; /note="N-linked (GlcNAc...) asparagine"; /evidence="ECO:0000255"; CARBOHYD 1041; /note="N-linked (GlcNAc...) asparagine"; /evidence="ECO:0000255"; CARBOHYD 1089; /note="N-linked (GlcNAc...) asparagine"; /evidence="ECO:0000255"; CARBOHYD 1145; /note="N-linked (GlcNAc...) asparagine"; /evidence="ECO:0000255"; CARBOHYD 1209; /note="N-linked (GlcNAc...) asparagine"; /evidence="ECO:0000255"; CARBOHYD 1298; /note="N-linked (GlcNAc...) asparagine"; /evidence="ECO:0000255"; CARBOHYD 1502; /note="N-linked (GlcNAc...) asparagine"; /evidence="ECO:0000255"; CARBOHYD 1549; /note="N-linked (GlcNAc...) asparagine"; /evidence="ECO:0000255"; CARBOHYD 1636; /note="N-linked (GlcNAc...) asparagine"; /evidence="ECO:0000255"; CARBOHYD 1754; /note="N-linked (GlcNAc...) asparagine"; /evidence="ECO:0000255"; CARBOHYD 1816; /note="N-linked (GlcNAc...) asparagine"; /evidence="ECO:0000255"; CARBOHYD 1921; /note="N-linked (GlcNAc...) asparagine"; /evidence="ECO:0000255"; CARBOHYD 1983; /note="N-linked (GlcNAc...) asparagine"; /evidence="ECO:0000255"; CARBOHYD 2105; /note="N-linked (GlcNAc...) asparagine"; /evidence="ECO:0000255"; CARBOHYD 2458; /note="N-linked (GlcNAc...) asparagine"; /evidence="ECO:0000255"; CARBOHYD 2488; /note="N-linked (GlcNAc...) asparagine"; /evidence="ECO:0000255"; CARBOHYD 2507; /note="N-linked (GlcNAc...) asparagine"; /evidence="ECO:0000255"; CARBOHYD 2549; /note="N-linked (GlcNAc...) asparagine"; /evidence="ECO:0000255"; CARBOHYD 2626; /note="N-linked (GlcNAc...) asparagine"; /evidence="ECO:0000255"; CARBOHYD 2647; /note="N-linked (GlcNAc...) asparagine"; /evidence="ECO:0000255"; CARBOHYD 2802; /note="N-linked (GlcNAc...) asparagine"; /evidence="ECO:0000255"; CARBOHYD 2892; /note="N-linked (GlcNAc...) asparagine"; /evidence="ECO:0000255"; CARBOHYD 3034; /note="N-linked (GlcNAc...) asparagine"; /evidence="ECO:0000255"; CARBOHYD 3066; /note="N-linked (GlcNAc...) asparagine"; /evidence="ECO:0000255"; CARBOHYD 3076; /note="N-linked (GlcNAc...) asparagine"; /evidence="ECO:0000255"; CARBOHYD 3164; /note="N-linked (GlcNAc...) asparagine"; /evidence="ECO:0000255"; CARBOHYD 3310; /note="N-linked (GlcNAc...) asparagine"; /evidence="ECO:0000255"; CARBOHYD 3316; /note="N-linked (GlcNAc...) asparagine"; /evidence="ECO:0000255"; CARBOHYD 3682; /note="N-linked (GlcNAc...) asparagine"; /evidence="ECO:0000255"; CARBOHYD 3877; /note="N-linked (GlcNAc...) asparagine"; /evidence="ECO:0000255"; CARBOHYD 3894; /note="N-linked (GlcNAc...) asparagine"; /evidence="ECO:0000255"; CARBOHYD 3906; /note="N-linked (GlcNAc...) asparagine"; /evidence="ECO:0000255"; CARBOHYD 4017; /note="N-linked (GlcNAc...) asparagine"; /evidence="ECO:0000255"; CARBOHYD 4204; /note="N-linked (GlcNAc...) asparagine"; /evidence="ECO:0000255"; CARBOHYD 4381; /note="N-linked (GlcNAc...) asparagine"; /evidence="ECO:0000255"; CARBOHYD 4420; /note="N-linked (GlcNAc...) asparagine"; /evidence="ECO:0000255"	
Q9Y6Y9	LY96 ESOP1 MD2	CARBOHYD 26; /note="N-linked (GlcNAc...) asparagine"; /evidence="ECO:0000269|PubMed:17569869, ECO:0007744|PDB:2E56, ECO:0007744|PDB:2E59"; CARBOHYD 114; /note="N-linked (GlcNAc...) asparagine"; /evidence="ECO:0000269|PubMed:17569869, ECO:0007744|PDB:2E56, ECO:0007744|PDB:2E59"	
P13591	NCAM1 NCAM	CARBOHYD 222; /note="N-linked (GlcNAc...) asparagine"; /evidence="ECO:0000255"; CARBOHYD 315; /note="N-linked (GlcNAc...) asparagine"; /evidence="ECO:0000255"; CARBOHYD 347; /note="N-linked (GlcNAc...) asparagine"; /evidence="ECO:0000255"; CARBOHYD 433; /note="N-linked (GlcNAc...) asparagine"; /evidence="ECO:0000255"; CARBOHYD 459; /note="N-linked (GlcNAc...) asparagine"; /evidence="ECO:0000269|PubMed:16335952, ECO:0000269|PubMed:9774483"; CARBOHYD 488; /note="N-linked (GlcNAc...) asparagine"; /evidence="ECO:0000255, ECO:0000269|PubMed:9774483"	LIPID P13591-3:741; /note="GPI-anchor amidated asparagine"; /evidence="ECO:0000255"; LIPID P13591-4:706; /note="GPI-anchor amidated asparagine"; /evidence="ECO:0000255"
Q99972	MYOC GLC1A TIGR	CARBOHYD 57; /note="N-linked (GlcNAc...) asparagine"; /evidence="ECO:0000305|PubMed:17650508"	
P21941	MATN1 CMP CRTM	CARBOHYD 76; /note="N-linked (GlcNAc...) asparagine"; /evidence="ECO:0000269|PubMed:20729554"; CARBOHYD 344; /note="N-linked (GalNAc...) asparagine"; /evidence="ECO:0000269|PubMed:20729554"	
Q04912	MST1R PTK8 RON	CARBOHYD 66; /note="N-linked (GlcNAc...) asparagine"; /evidence="ECO:0000255"; CARBOHYD 419; /note="N-linked (GlcNAc...) asparagine"; /evidence="ECO:0000255"; CARBOHYD 458; /note="N-linked (GlcNAc...) asparagine"; /evidence="ECO:0000255"; CARBOHYD 488; /note="N-linked (GlcNAc...) asparagine"; /evidence="ECO:0000269|PubMed:22848655"; CARBOHYD 654; /note="N-linked (GlcNAc...) asparagine"; /evidence="ECO:0000255"; CARBOHYD 720; /note="N-linked (GlcNAc...) asparagine"; /evidence="ECO:0000255"; CARBOHYD 841; /note="N-linked (GlcNAc...) asparagine"; /evidence="ECO:0000255"; CARBOHYD 897; /note="N-linked (GlcNAc...) asparagine"; /evidence="ECO:0000255"	
Q01726	MC1R MSHR	CARBOHYD 29; /note="N-linked (GlcNAc...) asparagine"; /evidence="ECO:0000255"	LIPID 315; /note="S-palmitoyl cysteine"; /evidence="ECO:0000255"
Q14767	LTBP2 C14orf141 LTBP3	CARBOHYD 181; /note="N-linked (GlcNAc...) asparagine"; /evidence="ECO:0000255"; CARBOHYD 343; /note="N-linked (GlcNAc...) asparagine"; /evidence="ECO:0000255"; CARBOHYD 421; /note="N-linked (GlcNAc...) asparagine"; /evidence="ECO:0000255"; CARBOHYD 616; /note="N-linked (GlcNAc...) asparagine"; /evidence="ECO:0000255"; CARBOHYD 811; /note="N-linked (GlcNAc...) asparagine"; /evidence="ECO:0000255"; CARBOHYD 1170; /note="N-linked (GlcNAc...) asparagine"; /evidence="ECO:0000255"; CARBOHYD 1309; /note="N-linked (GlcNAc...) asparagine"; /evidence="ECO:0000255"; CARBOHYD 1430; /note="N-linked (GlcNAc...) asparagine"; /evidence="ECO:0000255"; CARBOHYD 1568; /note="N-linked (GlcNAc...) asparagine"; /evidence="ECO:0000255"	
Q86X29	LSR ILDR3 LISCH		
Q9Y5V3	MAGED1 NRAGE PP2250 PRO2292		
Q14114	LRP8 APOER2	CARBOHYD 176; /note="N-linked (GlcNAc...) asparagine"; /evidence="ECO:0000255"; CARBOHYD 441; /note="N-linked (GlcNAc...) asparagine"; /evidence="ECO:0000255"; CARBOHYD 518; /note="N-linked (GlcNAc...) asparagine"; /evidence="ECO:0000255"; CARBOHYD 538; /note="N-linked (GlcNAc...) asparagine"; /evidence="ECO:0000255"; CARBOHYD 772; /note="N-linked (GlcNAc...) asparagine"; /evidence="ECO:0000255"; CARBOHYD 807; /note="N-linked (GlcNAc...) asparagine"; /evidence="ECO:0000255"	
P43490	NAMPT PBEF PBEF1		
O95490	ADGRL2 KIAA0786 LEC1 LPHH1 LPHN2	CARBOHYD 99; /note="N-linked (GlcNAc...) asparagine"; /evidence="ECO:0000255"; CARBOHYD 331; /note="N-linked (GlcNAc...) asparagine"; /evidence="ECO:0000255"; CARBOHYD 520; /note="N-linked (GlcNAc...) asparagine"; /evidence="ECO:0000255"; CARBOHYD 629; /note="N-linked (GlcNAc...) asparagine"; /evidence="ECO:0000269|PubMed:19159218"; CARBOHYD 731; /note="N-linked (GlcNAc...) asparagine"; /evidence="ECO:0000255"; CARBOHYD 744; /note="N-linked (GlcNAc...) asparagine"; /evidence="ECO:0000255"; CARBOHYD 787; /note="N-linked (GlcNAc...) asparagine"; /evidence="ECO:0000255"; CARBOHYD 792; /note="N-linked (GlcNAc...) asparagine"; /evidence="ECO:0000255"; CARBOHYD 813; /note="N-linked (GlcNAc...) asparagine"; /evidence="ECO:0000255"	
Q13043	STK4 KRS2 MST1		
O75197	LRP5 LR3 LRP7	CARBOHYD 93; /note="N-linked (GlcNAc...) asparagine"; /evidence="ECO:0000255"; CARBOHYD 138; /note="N-linked (GlcNAc...) asparagine"; /evidence="ECO:0000255"; CARBOHYD 446; /note="N-linked (GlcNAc...) asparagine"; /evidence="ECO:0000255"; CARBOHYD 499; /note="N-linked (GlcNAc...) asparagine"; /evidence="ECO:0000255"; CARBOHYD 705; /note="N-linked (GlcNAc...) asparagine"; /evidence="ECO:0000255"; CARBOHYD 878; /note="N-linked (GlcNAc...) asparagine"; /evidence="ECO:0000255"	
Q9NQ76	MEPE	CARBOHYD 256; /note="O-linked (Xyl...) (chondroitin sulfate) serine"; /evidence="ECO:0000269|PubMed:37453717"; CARBOHYD 477; /note="N-linked (GlcNAc...) asparagine"; /evidence="ECO:0000255"; CARBOHYD 478; /note="N-linked (GlcNAc...) asparagine"; /evidence="ECO:0000255"	
O43193	MLNR GPR38 MTLR MTLR1	CARBOHYD 6; /note="N-linked (GlcNAc...) asparagine"; /evidence="ECO:0000255"; CARBOHYD 192; /note="N-linked (GlcNAc...) asparagine"; /evidence="ECO:0000255"	
Q92859	NEO1 IGDCC2 NGN	CARBOHYD 73; /note="N-linked (GlcNAc...) asparagine"; /evidence="ECO:0000255"; CARBOHYD 210; /note="N-linked (GlcNAc...) asparagine"; /evidence="ECO:0000269|PubMed:16335952, ECO:0000269|PubMed:19349973"; CARBOHYD 326; /note="N-linked (GlcNAc...) asparagine"; /evidence="ECO:0000255"; CARBOHYD 470; /note="N-linked (GlcNAc...) asparagine"; /evidence="ECO:0000269|PubMed:19349973"; CARBOHYD 489; /note="N-linked (GlcNAc...) asparagine"; /evidence="ECO:0000269|PubMed:16335952"; CARBOHYD 639; /note="N-linked (GlcNAc...) asparagine"; /evidence="ECO:0000269|PubMed:19349973"; CARBOHYD 715; /note="N-linked (GlcNAc...) asparagine"; /evidence="ECO:0000255"; CARBOHYD 909; /note="N-linked (GlcNAc...) asparagine"; /evidence="ECO:0000255"	
Q07954	LRP1 A2MR APR	CARBOHYD 114; /note="N-linked (GlcNAc...) asparagine"; /evidence="ECO:0000255"; CARBOHYD 136; /note="N-linked (GlcNAc...) asparagine"; /evidence="ECO:0000255"; CARBOHYD 185; /note="N-linked (GlcNAc...) asparagine"; /evidence="ECO:0000255"; CARBOHYD 239; /note="N-linked (GlcNAc...) asparagine"; /evidence="ECO:0000255"; CARBOHYD 274; /note="N-linked (GlcNAc...) asparagine"; /evidence="ECO:0000255"; CARBOHYD 357; /note="N-linked (GlcNAc...) asparagine"; /evidence="ECO:0000255"; CARBOHYD 446; /note="N-linked (GlcNAc...) asparagine"; /evidence="ECO:0000269|PubMed:16335952, ECO:0000269|PubMed:19159218"; CARBOHYD 729; /note="N-linked (GlcNAc...) (complex) asparagine"; /evidence="ECO:0000269|PubMed:16335952, ECO:0000269|PubMed:19139490, ECO:0000269|PubMed:19159218"; CARBOHYD 928; /note="N-linked (GlcNAc...) asparagine"; /evidence="ECO:0000255"; CARBOHYD 1050; /note="N-linked (GlcNAc...) asparagine"; /evidence="ECO:0000255"; CARBOHYD 1154; /note="N-linked (GlcNAc...) asparagine"; /evidence="ECO:0000255"; CARBOHYD 1155; /note="N-linked (GlcNAc...) asparagine"; /evidence="ECO:0000255"; CARBOHYD 1195; /note="N-linked (GlcNAc...) asparagine"; /evidence="ECO:0000255"; CARBOHYD 1218; /note="N-linked (GlcNAc...) asparagine"; /evidence="ECO:0000255"; CARBOHYD 1511; /note="N-linked (GlcNAc...) (complex) asparagine"; /evidence="ECO:0000269|PubMed:19139490, ECO:0000269|PubMed:19159218"; CARBOHYD 1558; /note="N-linked (GlcNAc...) asparagine"; /evidence="ECO:0000255"; CARBOHYD 1575; /note="N-linked (GlcNAc...) asparagine"; /evidence="ECO:0000269|PubMed:19159218"; CARBOHYD 1616; /note="N-linked (GlcNAc...) asparagine"; /evidence="ECO:0000269|PubMed:19159218"; CARBOHYD 1645; /note="N-linked (GlcNAc...) asparagine"; /evidence="ECO:0000269|PubMed:19159218"; CARBOHYD 1723; /note="N-linked (GlcNAc...) asparagine"; /evidence="ECO:0000255"; CARBOHYD 1733; /note="N-linked (GlcNAc...) asparagine"; /evidence="ECO:0000255"; CARBOHYD 1763; /note="N-linked (GlcNAc...) asparagine"; /evidence="ECO:0000269|PubMed:19159218"; CARBOHYD 1825; /note="N-linked (GlcNAc...) asparagine"; /evidence="ECO:0000255"; CARBOHYD 1933; /note="N-linked (GlcNAc...) asparagine"; /evidence="ECO:0000255"; CARBOHYD 1995; /note="N-linked (GlcNAc...) asparagine"; /evidence="ECO:0000255"; CARBOHYD 2048; /note="N-linked (GlcNAc...) asparagine"; /evidence="ECO:0000255"; CARBOHYD 2117; /note="N-linked (GlcNAc...) asparagine"; /evidence="ECO:0000255"; CARBOHYD 2127; /note="N-linked (GlcNAc...) asparagine"; /evidence="ECO:0000269|PubMed:16335952, ECO:0000269|PubMed:19159218"; CARBOHYD 2472; /note="N-linked (GlcNAc...) asparagine"; /evidence="ECO:0000255"; CARBOHYD 2502; /note="N-linked (GlcNAc...) asparagine"; /evidence="ECO:0000255"; CARBOHYD 2521; /note="N-linked (GlcNAc...) asparagine"; /evidence="ECO:0000255"; CARBOHYD 2539; /note="N-linked (GlcNAc...) asparagine"; /evidence="ECO:0000255"; CARBOHYD 2601; /note="N-linked (GlcNAc...) asparagine"; /evidence="ECO:0000255"; CARBOHYD 2620; /note="N-linked (GlcNAc...) asparagine"; /evidence="ECO:0000255"; CARBOHYD 2638; /note="N-linked (GlcNAc...) asparagine"; /evidence="ECO:0000255"; CARBOHYD 2815; /note="N-linked (GlcNAc...) asparagine"; /evidence="ECO:0000269|PubMed:19159218"; CARBOHYD 2905; /note="N-linked (GlcNAc...) asparagine"; /evidence="ECO:0000255"; CARBOHYD 3048; /note="N-linked (GlcNAc...) asparagine"; /evidence="ECO:0000269|PubMed:16335952, ECO:0000269|PubMed:19159218"; CARBOHYD 3089; /note="N-linked (GlcNAc...) asparagine"; /evidence="ECO:0000269|PubMed:19159218"; CARBOHYD 3264; /note="N-linked (GlcNAc...) asparagine"; /evidence="ECO:0000255"; CARBOHYD 3333; /note="N-linked (GlcNAc...) asparagine"; /evidence="ECO:0000255"; CARBOHYD 3488; /note="N-linked (GlcNAc...) asparagine"; /evidence="ECO:0000269|PubMed:19159218"; CARBOHYD 3662; /note="N-linked (GlcNAc...) asparagine"; /evidence="ECO:0000255"; CARBOHYD 3788; /note="N-linked (GlcNAc...) asparagine"; /evidence="ECO:0000269|PubMed:19159218"; CARBOHYD 3839; /note="N-linked (GlcNAc...) asparagine"; /evidence="ECO:0000255"; CARBOHYD 3953; /note="N-linked (GlcNAc...) asparagine"; /evidence="ECO:0000269|PubMed:19159218"; CARBOHYD 4075; /note="N-linked (GlcNAc...) asparagine"; /evidence="ECO:0000269|PubMed:19159218"; CARBOHYD 4125; /note="N-linked (GlcNAc...) asparagine"; /evidence="ECO:0000269|PubMed:19159218"; CARBOHYD 4179; /note="N-linked (GlcNAc...) asparagine"; /evidence="ECO:0000255"; CARBOHYD 4278; /note="N-linked (GlcNAc...) asparagine"; /evidence="ECO:0000255"; CARBOHYD 4279; /note="N-linked (GlcNAc...) asparagine"; /evidence="ECO:0000255"; CARBOHYD 4364; /note="N-linked (GlcNAc...) asparagine"; /evidence="ECO:0000255"	
P36941	LTBR D12S370 TNFCR TNFR3 TNFRSF3	CARBOHYD 40; /note="N-linked (GlcNAc...) asparagine"; /evidence="ECO:0000255"; CARBOHYD 177; /note="N-linked (GlcNAc...) asparagine"; /evidence="ECO:0000255"	
O95274	LYPD3 C4.4A UNQ491/PRO1007	CARBOHYD 118; /note="N-linked (GlcNAc...) asparagine"; /evidence="ECO:0000255"; CARBOHYD 163; /note="N-linked (GlcNAc...) asparagine"; /evidence="ECO:0000255"; CARBOHYD 176; /note="N-linked (GlcNAc...) asparagine"; /evidence="ECO:0000255"; CARBOHYD 183; /note="N-linked (GlcNAc...) asparagine"; /evidence="ECO:0000255"	LIPID 326; /note="GPI-anchor amidated cysteine"; /evidence="ECO:0000255"
P40238	MPL TPOR	CARBOHYD 117; /note="N-linked (GlcNAc...) asparagine"; /evidence="ECO:0000255"; CARBOHYD 178; /note="N-linked (GlcNAc...) asparagine"; /evidence="ECO:0000255"; CARBOHYD 298; /note="N-linked (GlcNAc...) asparagine"; /evidence="ECO:0000255"; CARBOHYD 358; /note="N-linked (GlcNAc...) asparagine"; /evidence="ECO:0000255"	
Q92542	NCSTN KIAA0253 UNQ1874/PRO4317	CARBOHYD 45; /note="N-linked (GlcNAc...) asparagine"; /evidence="ECO:0000269|PubMed:19159218, ECO:0000269|PubMed:26280335, ECO:0000269|PubMed:30598546, ECO:0000269|PubMed:30630874, ECO:0007744|PDB:5A63, ECO:0007744|PDB:6IDF, ECO:0007744|PDB:6IYC"; CARBOHYD 55; /note="N-linked (GlcNAc...) asparagine"; /evidence="ECO:0000255, ECO:0000269|PubMed:26280335, ECO:0000269|PubMed:30598546, ECO:0000269|PubMed:30630874, ECO:0007744|PDB:5A63, ECO:0007744|PDB:6IDF, ECO:0007744|PDB:6IYC"; CARBOHYD 187; /note="N-linked (GlcNAc...) asparagine"; /evidence="ECO:0000269|PubMed:19159218, ECO:0000269|PubMed:26280335, ECO:0000269|PubMed:30598546, ECO:0000269|PubMed:30630874, ECO:0007744|PDB:5A63, ECO:0007744|PDB:6IDF, ECO:0007744|PDB:6IYC"; CARBOHYD 200; /note="N-linked (GlcNAc...) asparagine"; /evidence="ECO:0000255"; CARBOHYD 204; /note="N-linked (GlcNAc...) asparagine"; /evidence="ECO:0000255"; CARBOHYD 264; /note="N-linked (GlcNAc...) asparagine"; /evidence="ECO:0000255, ECO:0000269|PubMed:26280335, ECO:0000269|PubMed:30598546, ECO:0000269|PubMed:30630874, ECO:0007744|PDB:5A63, ECO:0007744|PDB:6IDF, ECO:0007744|PDB:6IYC"; CARBOHYD 387; /note="N-linked (GlcNAc...) asparagine"; /evidence="ECO:0000269|PubMed:12754519, ECO:0000269|PubMed:19159218, ECO:0000269|PubMed:26280335, ECO:0000269|PubMed:30598546, ECO:0000269|PubMed:30630874, ECO:0007744|PDB:5A63, ECO:0007744|PDB:6IDF, ECO:0007744|PDB:6IYC"; CARBOHYD 417; /note="N-linked (GlcNAc...) asparagine"; /evidence="ECO:0000255"; CARBOHYD 435; /note="N-linked (GlcNAc...) asparagine"; /evidence="ECO:0000255, ECO:0000269|PubMed:26280335, ECO:0000269|PubMed:30598546, ECO:0000269|PubMed:30630874, ECO:0007744|PDB:5A63, ECO:0007744|PDB:6IDF, ECO:0007744|PDB:6IYC"; CARBOHYD 464; /note="N-linked (GlcNAc...) asparagine"; /evidence="ECO:0000255, ECO:0000269|PubMed:26280335, ECO:0000269|PubMed:30598546, ECO:0000269|PubMed:30630874, ECO:0007744|PDB:5A63, ECO:0007744|PDB:6IDF, ECO:0007744|PDB:6IYC"; CARBOHYD 506; /note="N-linked (GlcNAc...) asparagine"; /evidence="ECO:0000255, ECO:0000269|PubMed:26280335, ECO:0000269|PubMed:30598546, ECO:0000269|PubMed:30630874, ECO:0007744|PDB:5A63, ECO:0007744|PDB:6IDF, ECO:0007744|PDB:6IYC"; CARBOHYD 530; /note="N-linked (GlcNAc...) asparagine"; /evidence="ECO:0000255, ECO:0000269|PubMed:26280335, ECO:0000269|PubMed:30598546, ECO:0000269|PubMed:30630874, ECO:0007744|PDB:5A63, ECO:0007744|PDB:6IDF, ECO:0007744|PDB:6IYC"; CARBOHYD 562; /note="N-linked (GlcNAc...) asparagine"; /evidence="ECO:0000255, ECO:0000269|PubMed:26280335, ECO:0000269|PubMed:30598546, ECO:0000269|PubMed:30630874, ECO:0007744|PDB:5A63, ECO:0007744|PDB:6IDF, ECO:0007744|PDB:6IYC"; CARBOHYD 573; /note="N-linked (GlcNAc...) asparagine"; /evidence="ECO:0000255, ECO:0000269|PubMed:26280335, ECO:0000269|PubMed:30598546, ECO:0000269|PubMed:30630874, ECO:0007744|PDB:5A63, ECO:0007744|PDB:6IDF, ECO:0007744|PDB:6IYC"; CARBOHYD 580; /note="N-linked (GlcNAc...) asparagine"; /evidence="ECO:0000269|PubMed:30630874, ECO:0007744|PDB:6IYC"; CARBOHYD 612; /note="N-linked (GlcNAc...) asparagine"; /evidence="ECO:0000269|PubMed:19349973"	
O95867	LY6G6C C6orf24 G6C NG24 UNQ1947/PRO4430	CARBOHYD 88; /note="N-linked (GlcNAc...) asparagine"; /evidence="ECO:0000255"	LIPID 99; /note="GPI-anchor amidated serine"; /evidence="ECO:0000255"
P26927	MST1 D3F15S2 DNF15S2 HGFL	CARBOHYD 72; /note="N-linked (GlcNAc...) asparagine"; /evidence="ECO:0000255"; CARBOHYD 296; /note="N-linked (GlcNAc...) asparagine"; /evidence="ECO:0000269|PubMed:16335952"; CARBOHYD 615; /note="N-linked (GlcNAc...) asparagine"; /evidence="ECO:0000269|PubMed:19159218"	
O75096	LRP4 KIAA0816 LRP10 MEGF7	CARBOHYD 264; /note="N-linked (GlcNAc...) asparagine"; /evidence="ECO:0000255"; CARBOHYD 498; /note="N-linked (GlcNAc...) asparagine"; /evidence="ECO:0000255"; CARBOHYD 719; /note="N-linked (GlcNAc...) asparagine"; /evidence="ECO:0000255"; CARBOHYD 901; /note="N-linked (GlcNAc...) asparagine"; /evidence="ECO:0000255"; CARBOHYD 1077; /note="N-linked (GlcNAc...) asparagine"; /evidence="ECO:0000255"; CARBOHYD 1415; /note="N-linked (GlcNAc...) asparagine"; /evidence="ECO:0000255"; CARBOHYD 1467; /note="N-linked (GlcNAc...) asparagine"; /evidence="ECO:0000255"	
Q9HCJ2	LRRC4C KIAA1580 NGL1 UNQ292/PRO331		
Q9HBW1	LRRC4 BAG NAG14 UNQ554/PRO1111	CARBOHYD 277; /note="N-linked (GlcNAc...) asparagine"; /evidence="ECO:0000255"; CARBOHYD 322; /note="N-linked (GlcNAc...) asparagine"; /evidence="ECO:0000255"; CARBOHYD 363; /note="N-linked (GlcNAc...) asparagine"; /evidence="ECO:0000255"; CARBOHYD 388; /note="N-linked (GlcNAc...) asparagine"; /evidence="ECO:0000255"; CARBOHYD 410; /note="N-linked (GlcNAc...) asparagine"; /evidence="ECO:0000255"; CARBOHYD 434; /note="N-linked (GlcNAc...) asparagine"; /evidence="ECO:0000255"; CARBOHYD 440; /note="N-linked (GlcNAc...) asparagine"; /evidence="ECO:0000255"; CARBOHYD 447; /note="N-linked (GlcNAc...) asparagine"; /evidence="ECO:0000255"; CARBOHYD 450; /note="N-linked (GlcNAc...) asparagine"; /evidence="ECO:0000255"	
Q9UBG0	MRC2 CLEC13E ENDO180 KIAA0709 UPARAP	CARBOHYD 69; /note="N-linked (GlcNAc...) (complex) asparagine"; /evidence="ECO:0000269|PubMed:19139490, ECO:0000269|PubMed:19159218"; CARBOHYD 140; /note="N-linked (GlcNAc...) asparagine"; /evidence="ECO:0000255"; CARBOHYD 364; /note="N-linked (GlcNAc...) asparagine"; /evidence="ECO:0000255"; CARBOHYD 588; /note="N-linked (GlcNAc...) asparagine"; /evidence="ECO:0000255"; CARBOHYD 954; /note="N-linked (GlcNAc...) asparagine"; /evidence="ECO:0000255"; CARBOHYD 1029; /note="N-linked (GlcNAc...) asparagine"; /evidence="ECO:0000255"; CARBOHYD 1350; /note="N-linked (GlcNAc...) asparagine"; /evidence="ECO:0000255"	
Q9Y5Y7	LYVE1 CRSBP1 HAR XLKD1 UNQ230/PRO263	CARBOHYD 53; /note="N-linked (GlcNAc...) asparagine"; /evidence="ECO:0000269|PubMed:16335952, ECO:0000269|PubMed:19159218"; CARBOHYD 130; /note="N-linked (GlcNAc...) asparagine"; /evidence="ECO:0000255"	
P12872	MLN		
O00587	MFNG	CARBOHYD 109; /note="N-linked (GlcNAc...) asparagine"; /evidence="ECO:0000255"; CARBOHYD 185; /note="N-linked (GlcNAc...) asparagine"; /evidence="ECO:0000255"	
Q86VZ4	LRP11	CARBOHYD 164; /note="N-linked (GlcNAc...) asparagine"; /evidence="ECO:0000255"; CARBOHYD 291; /note="N-linked (GlcNAc...) asparagine"; /evidence="ECO:0000255"; CARBOHYD 401; /note="N-linked (GlcNAc...) asparagine"; /evidence="ECO:0000255"	
P0DMT0	MRLN MLN		
A0A0U1RRL7	MMP24OS MMP24-AS1		
Q9NY56	OBP2A		
O15130	NPFF		
P16860	NPPB	CARBOHYD 41; /note="O-linked (Xyl...) (chondroitin sulfate) serine"; /evidence="ECO:0000269|PubMed:32337544"; CARBOHYD 62; /note="O-linked (HexNAc...) threonine; Partial"; /evidence="ECO:0000269|PubMed:16750161"; CARBOHYD 63; /note="O-linked (HexNAc...) serine"; /evidence="ECO:0000269|PubMed:16750161"; CARBOHYD 70; /note="O-linked (HexNAc...) serine"; /evidence="ECO:0000269|PubMed:16750161"; CARBOHYD 74; /note="O-linked (HexNAc...) threonine"; /evidence="ECO:0000269|PubMed:16750161"; CARBOHYD 79; /note="O-linked (HexNAc...) serine"; /evidence="ECO:0000269|PubMed:16750161"; CARBOHYD 84; /note="O-linked (HexNAc...) threonine; Partial"; /evidence="ECO:0000269|PubMed:16750161"; CARBOHYD 97; /note="O-linked (HexNAc...) threonine"; /evidence="ECO:0000269|PubMed:16750161, ECO:0000269|PubMed:21763278"	
P13725	OSM	CARBOHYD 100; /note="N-linked (GlcNAc...) asparagine"; /evidence="ECO:0000255"; CARBOHYD 217; /note="N-linked (GlcNAc...) asparagine"; /evidence="ECO:0000255"	
P30559	OXTR	CARBOHYD 8; /note="N-linked (GlcNAc...) asparagine"; /evidence="ECO:0000255"; CARBOHYD 15; /note="N-linked (GlcNAc...) asparagine"; /evidence="ECO:0000255"; CARBOHYD 26; /note="N-linked (GlcNAc...) asparagine"; /evidence="ECO:0000255"	
P0C0P6	NPS		
P20783	NTF3	CARBOHYD 131; /note="N-linked (GlcNAc...) asparagine"; /evidence="ECO:0000255"	
Q96S42	NODAL	CARBOHYD 72; /note="N-linked (GlcNAc...) asparagine"; /evidence="ECO:0000255"; CARBOHYD 199; /note="N-linked (GlcNAc...) asparagine"; /evidence="ECO:0000255"	
Q99748	NRTN		
P08949	NMB		
P28336	NMBR	CARBOHYD 8; /note="N-linked (GlcNAc...) asparagine"; /evidence="ECO:0000255"; CARBOHYD 16; /note="N-linked (GlcNAc...) asparagine"; /evidence="ECO:0000255"; CARBOHYD 192; /note="N-linked (GlcNAc...) asparagine"; /evidence="ECO:0000255"	LIPID 341; /note="S-palmitoyl cysteine"; /evidence="ECO:0000250|UniProtKB:P21917"
P34130	NTF4 NTF5	CARBOHYD 76; /note="N-linked (GlcNAc...) asparagine"; /evidence="ECO:0000255"	
P23582	NPPC CNP2		
Q16625	OCLN		
Q99572	P2RX7	CARBOHYD 187; /note="N-linked (GlcNAc...) asparagine"; /evidence="ECO:0000269|PubMed:20450227"; CARBOHYD 202; /note="N-linked (GlcNAc...) asparagine"; /evidence="ECO:0000269|PubMed:20450227"; CARBOHYD 213; /note="N-linked (GlcNAc...) asparagine"; /evidence="ECO:0000269|PubMed:20450227"; CARBOHYD 241; /note="N-linked (GlcNAc...) asparagine"; /evidence="ECO:0000269|PubMed:20450227"; CARBOHYD 284; /note="N-linked (GlcNAc...) asparagine"; /evidence="ECO:0000269|PubMed:20450227"	LIPID 4; /note="S-palmitoyl cysteine"; /evidence="ECO:0000250|UniProtKB:Q64663"; LIPID 362; /note="S-palmitoyl cysteine"; /evidence="ECO:0000250|UniProtKB:Q64663"; LIPID 363; /note="S-palmitoyl cysteine"; /evidence="ECO:0000250|UniProtKB:Q64663"; LIPID 374; /note="S-palmitoyl cysteine"; /evidence="ECO:0000250|UniProtKB:Q64663"; LIPID 377; /note="S-palmitoyl cysteine"; /evidence="ECO:0000250|UniProtKB:Q64663"
P30990	NTS		
Q9UM47	NOTCH3	CARBOHYD 1179; /note="N-linked (GlcNAc...) asparagine"; /evidence="ECO:0000255"; CARBOHYD 1336; /note="N-linked (GlcNAc...) asparagine"; /evidence="ECO:0000255"; CARBOHYD 1438; /note="N-linked (GlcNAc...) asparagine"; /evidence="ECO:0000255"	
P56975	NRG3		
Q9NV23	OLAH THEDC1		
P49146	NPY2R	CARBOHYD 11; /note="N-linked (GlcNAc...) asparagine"; /evidence="ECO:0000255"	LIPID 342; /note="S-palmitoyl cysteine"; /evidence="ECO:0000255"
P01303	NPY		
P01178	OXT OT		
Q99466	NOTCH4 INT3	CARBOHYD 664; /note="N-linked (GlcNAc...) asparagine"; /evidence="ECO:0000255"; CARBOHYD 714; /note="N-linked (GlcNAc...) asparagine"; /evidence="ECO:0000255"; CARBOHYD 964; /note="N-linked (GlcNAc...) asparagine"; /evidence="ECO:0000255"; CARBOHYD 1143; /note="N-linked (GlcNAc...) asparagine"; /evidence="ECO:0000255"	
Q9HB63	NTN4	CARBOHYD 56; /note="N-linked (GlcNAc...) asparagine"; /evidence="ECO:0000255"; CARBOHYD 163; /note="N-linked (GlcNAc...) asparagine"; /evidence="ECO:0000255"; CARBOHYD 353; /note="N-linked (GlcNAc...) asparagine"; /evidence="ECO:0000255"; CARBOHYD 483; /note="N-linked (GlcNAc...) asparagine"; /evidence="ECO:0000255"	
Q8NFZ4	NLGN2 KIAA1366	CARBOHYD 98; /note="N-linked (GlcNAc...) asparagine"; /evidence="ECO:0000255"; CARBOHYD 136; /note="N-linked (GlcNAc...) asparagine"; /evidence="ECO:0000255"; CARBOHYD 522; /note="N-linked (GlcNAc...) asparagine"; /evidence="ECO:0000255"	
P50391	NPY4R PPYR1	CARBOHYD 2; /note="N-linked (GlcNAc...) asparagine"; /evidence="ECO:0000255"; CARBOHYD 19; /note="N-linked (GlcNAc...) asparagine"; /evidence="ECO:0000255"; CARBOHYD 29; /note="N-linked (GlcNAc...) asparagine"; /evidence="ECO:0000255"; CARBOHYD 187; /note="N-linked (GlcNAc...) asparagine"; /evidence="ECO:0000255"	LIPID 340; /note="S-palmitoyl cysteine"; /evidence="ECO:0000255"
P48145	NPBWR1 GPR7	CARBOHYD 3; /note="N-linked (GlcNAc...) asparagine"; /evidence="ECO:0000255"; CARBOHYD 13; /note="N-linked (GlcNAc...) asparagine"; /evidence="ECO:0000255"; CARBOHYD 25; /note="N-linked (GlcNAc...) asparagine"; /evidence="ECO:0000255"	
P48645	NMU NMU1		
P30989	NTSR1 NTRR	CARBOHYD 4; /note="N-linked (GlcNAc...) asparagine"; /evidence="ECO:0000255"; CARBOHYD 37; /note="N-linked (GlcNAc...) asparagine"; /evidence="ECO:0000255"; CARBOHYD 41; /note="N-linked (GlcNAc...) asparagine"; /evidence="ECO:0000255"	LIPID 381; /note="S-palmitoyl cysteine"; /evidence="ECO:0000305|PubMed:21725197"; LIPID 383; /note="S-palmitoyl cysteine"; /evidence="ECO:0000305|PubMed:21725197"
P23515	OMG OMGP	CARBOHYD 45; /note="N-linked (GlcNAc...) asparagine"; /evidence="ECO:0000255"; CARBOHYD 61; /note="N-linked (GlcNAc...) asparagine"; /evidence="ECO:0000255"; CARBOHYD 103; /note="N-linked (GlcNAc...) asparagine"; /evidence="ECO:0000255"; CARBOHYD 152; /note="N-linked (GlcNAc...) asparagine"; /evidence="ECO:0000255"; CARBOHYD 176; /note="N-linked (GlcNAc...) asparagine"; /evidence="ECO:0000255"; CARBOHYD 189; /note="N-linked (GlcNAc...) asparagine"; /evidence="ECO:0000255"; CARBOHYD 192; /note="N-linked (GlcNAc...) asparagine"; /evidence="ECO:0000255"; CARBOHYD 234; /note="N-linked (GlcNAc...) asparagine"; /evidence="ECO:0000255"; CARBOHYD 364; /note="N-linked (GlcNAc...) asparagine"; /evidence="ECO:0000255"; CARBOHYD 389; /note="N-linked (GlcNAc...) asparagine"; /evidence="ECO:0000255"; CARBOHYD 425; /note="N-linked (GlcNAc...) asparagine"; /evidence="ECO:0000255"	LIPID 417; /note="GPI-anchor amidated serine"; /evidence="ECO:0000255"
Q04721	NOTCH2	CARBOHYD 46; /note="N-linked (GlcNAc...) asparagine"; /evidence="ECO:0000255"; CARBOHYD 155; /note="N-linked (GlcNAc...) asparagine"; /evidence="ECO:0000255"; CARBOHYD 613; /note="O-linked (Glc...) serine; alternate"; /evidence="ECO:0000250|UniProtKB:O35516"; CARBOHYD 613; /note="O-linked (Xyl...) serine; alternate"; /evidence="ECO:0000250|UniProtKB:O35516"; CARBOHYD 733; /note="N-linked (GlcNAc...) asparagine"; /evidence="ECO:0000255"; CARBOHYD 1102; /note="N-linked (GlcNAc...) asparagine"; /evidence="ECO:0000255"; CARBOHYD 1465; /note="N-linked (GlcNAc...) asparagine"; /evidence="ECO:0000255"	
P48146	NPBWR2 GPR8	CARBOHYD 24; /note="N-linked (GlcNAc...) asparagine"; /evidence="ECO:0000255"; CARBOHYD 29; /note="N-linked (GlcNAc...) asparagine"; /evidence="ECO:0000255"; CARBOHYD 34; /note="N-linked (GlcNAc...) asparagine"; /evidence="ECO:0000255"	
Q15761	NPY5R NPYR5	CARBOHYD 10; /note="N-linked (GlcNAc...) asparagine"; /evidence="ECO:0000255"; CARBOHYD 17; /note="N-linked (GlcNAc...) asparagine"; /evidence="ECO:0000255"	LIPID 442; /note="S-palmitoyl cysteine"; /evidence="ECO:0000255"
P58401	NRXN2	CARBOHYD 190; /note="N-linked (GlcNAc...) asparagine"; /evidence="ECO:0000255"; CARBOHYD 354; /note="O-linked (Xyl...) (heparan sulfate) serine"; /evidence="ECO:0000250|UniProtKB:E9PUN2"	
P02763	ORM1 AGP1	CARBOHYD 33; /note="N-linked (GlcNAc...) (complex) asparagine"; /evidence="ECO:0000269|PubMed:12754519, ECO:0000269|PubMed:14760718, ECO:0000269|PubMed:15084671, ECO:0000269|PubMed:15253437, ECO:0000269|PubMed:1567356, ECO:0000269|PubMed:16335952, ECO:0000269|PubMed:19838169, ECO:0000269|PubMed:22171320"; CARBOHYD 56; /note="N-linked (GlcNAc...) asparagine"; /evidence="ECO:0000269|PubMed:14760718, ECO:0000269|PubMed:1567356, ECO:0000269|PubMed:16335952, ECO:0000269|PubMed:4603214"; CARBOHYD 72; /note="N-linked (GlcNAc...) (complex) asparagine"; /evidence="ECO:0000269|PubMed:14760718, ECO:0000269|PubMed:15253437, ECO:0000269|PubMed:1567356, ECO:0000269|PubMed:16335952, ECO:0000269|PubMed:19838169"; CARBOHYD 93; /note="N-linked (GlcNAc...) asparagine"; /evidence="ECO:0000269|PubMed:14760718, ECO:0000269|PubMed:15084671, ECO:0000269|PubMed:15253437, ECO:0000269|PubMed:1567356, ECO:0000269|PubMed:16335952, ECO:0000269|PubMed:16740002, ECO:0000269|PubMed:19159218, ECO:0000269|PubMed:4603214"; CARBOHYD 103; /note="N-linked (GlcNAc...) asparagine"; /evidence="ECO:0000269|PubMed:14760718, ECO:0000269|PubMed:1567356, ECO:0000269|PubMed:16335952, ECO:0000269|PubMed:19159218"; /id="CAR_000170"	
P41143	OPRD1 OPRD	CARBOHYD 18; /note="N-linked (GlcNAc...) asparagine"; /evidence="ECO:0000255"; CARBOHYD 33; /note="N-linked (GlcNAc...) asparagine"; /evidence="ECO:0000255"	LIPID 333; /note="S-palmitoyl cysteine"; /evidence="ECO:0000255"
O95631	NTN1 NTN1L	CARBOHYD 95; /note="N-linked (GlcNAc...) asparagine"; /evidence="ECO:0000255"; CARBOHYD 116; /note="N-linked (GlcNAc...) asparagine"; /evidence="ECO:0000255"; CARBOHYD 131; /note="N-linked (GlcNAc...) asparagine"; /evidence="ECO:0000255"; CARBOHYD 417; /note="N-linked (GlcNAc...) asparagine"; /evidence="ECO:0000255"	
Q9H244	P2RY12 HORK3	CARBOHYD 6; /note="N-linked (GlcNAc...) asparagine"; /evidence="ECO:0000255"; CARBOHYD 13; /note="N-linked (GlcNAc...) asparagine"; /evidence="ECO:0000255"	
O95897	OLFM2 NOE2	CARBOHYD 74; /note="N-linked (GlcNAc...) asparagine"; /evidence="ECO:0000255"; CARBOHYD 155; /note="N-linked (GlcNAc...) asparagine"; /evidence="ECO:0000255"; CARBOHYD 275; /note="N-linked (GlcNAc...) asparagine"; /evidence="ECO:0000255"; CARBOHYD 310; /note="N-linked (GlcNAc...) asparagine"; /evidence="ECO:0000255"; CARBOHYD 399; /note="N-linked (GlcNAc...) asparagine"; /evidence="ECO:0000255"; CARBOHYD 441; /note="N-linked (GlcNAc...) asparagine"; /evidence="ECO:0000255"	
Q99650	OSMR OSMRB	CARBOHYD 163; /note="N-linked (GlcNAc...) asparagine"; /evidence="ECO:0000255"; CARBOHYD 326; /note="N-linked (GlcNAc...) asparagine"; /evidence="ECO:0000255"; CARBOHYD 380; /note="N-linked (GlcNAc...) asparagine"; /evidence="ECO:0000255"; CARBOHYD 446; /note="N-linked (GlcNAc...) asparagine"; /evidence="ECO:0000255"; CARBOHYD 580; /note="N-linked (GlcNAc...) asparagine"; /evidence="ECO:0000255"	
Q9HCQ7	NPVF C7orf9 RFRP		
P41145	OPRK1 OPRK	CARBOHYD 25; /note="N-linked (GlcNAc...) asparagine"; /evidence="ECO:0000269|PubMed:17711303"; CARBOHYD 39; /note="N-linked (GlcNAc...) asparagine"; /evidence="ECO:0000269|PubMed:17711303"	LIPID 345; /note="S-palmitoyl cysteine"; /evidence="ECO:0000255"
P78380	OLR1 CLEC8A LOX1	CARBOHYD 73; /note="N-linked (GlcNAc...) asparagine"; /evidence="ECO:0000255"; CARBOHYD 139; /note="N-linked (GlcNAc...) (complex) asparagine"; /evidence="ECO:0000269|PubMed:22688517"	LIPID 36; /note="S-palmitoyl cysteine"; /evidence="ECO:0000269|PubMed:23583401"; LIPID 46; /note="S-palmitoyl cysteine"; /evidence="ECO:0000269|PubMed:23583401"
P58400	NRXN1	CARBOHYD 188; /note="N-linked (GlcNAc...) asparagine"; /evidence="ECO:0000255"; CARBOHYD 350; /note="O-linked (Xyl...) (heparan sulfate) serine"; /evidence="ECO:0000250|UniProtKB:P0DI97"	
O14511	NRG2 NTAK	CARBOHYD 52; /note="N-linked (GlcNAc...) asparagine"; /evidence="ECO:0000255"; CARBOHYD 53; /note="N-linked (GlcNAc...) asparagine"; /evidence="ECO:0000255"; CARBOHYD 147; /note="N-linked (GlcNAc...) asparagine"; /evidence="ECO:0000255"; CARBOHYD 278; /note="N-linked (GlcNAc...) asparagine"; /evidence="ECO:0000255"; CARBOHYD 346; /note="N-linked (GlcNAc...) asparagine"; /evidence="ECO:0000255"	
Q9UIW2	PLXNA1 NOV PLXN1	CARBOHYD 77; /note="N-linked (GlcNAc...) asparagine"; /evidence="ECO:0000269|PubMed:19349973"; CARBOHYD 660; /note="N-linked (GlcNAc...) asparagine"; /evidence="ECO:0000255"; CARBOHYD 672; /note="N-linked (GlcNAc...) asparagine"; /evidence="ECO:0000255"; CARBOHYD 701; /note="N-linked (GlcNAc...) asparagine"; /evidence="ECO:0000255"; CARBOHYD 1043; /note="N-linked (GlcNAc...) asparagine"; /evidence="ECO:0000269|PubMed:19349973"; CARBOHYD 1187; /note="N-linked (GlcNAc...) asparagine"; /evidence="ECO:0000255"; CARBOHYD 1212; /note="N-linked (GlcNAc...) asparagine"; /evidence="ECO:0000255"	
P46531	NOTCH1 TAN1	CARBOHYD 41; /note="N-linked (GlcNAc...) asparagine"; /evidence="ECO:0000255"; CARBOHYD 65; /note="O-linked (Glc...) serine"; /evidence="ECO:0000250|UniProtKB:Q01705"; CARBOHYD 73; /note="O-linked (Fuc...) threonine"; /evidence="ECO:0000250|UniProtKB:Q01705"; CARBOHYD 116; /note="O-linked (Fuc...) threonine"; /evidence="ECO:0000250|UniProtKB:Q01705"; CARBOHYD 146; /note="O-linked (Glc...) serine"; /evidence="ECO:0000250|UniProtKB:Q01705"; CARBOHYD 194; /note="O-linked (Fuc...) threonine"; /evidence="ECO:0000250|UniProtKB:Q01705"; CARBOHYD 232; /note="O-linked (Fuc...) threonine; alternate"; /evidence="ECO:0000269|PubMed:24226769"; CARBOHYD 232; /note="O-linked (GalNAc...) threonine; alternate"; /evidence="ECO:0000269|PubMed:24226769"; CARBOHYD 311; /note="O-linked (Fuc...) threonine"; /evidence="ECO:0000250|UniProtKB:Q01705"; CARBOHYD 341; /note="O-linked (Glc...) serine"; /evidence="ECO:0000250|UniProtKB:Q01705"; CARBOHYD 349; /note="O-linked (Fuc...) threonine"; /evidence="ECO:0000250|UniProtKB:Q01705"; CARBOHYD 378; /note="O-linked (Glc...) serine"; /evidence="ECO:0000250|UniProtKB:Q01705"; CARBOHYD 435; /note="O-linked (Glc...) serine"; /evidence="ECO:0000269|PubMed:30127001"; CARBOHYD 458; /note="O-linked (Glc...) serine"; /evidence="ECO:0000250|UniProtKB:Q07008"; CARBOHYD 466; /note="O-linked (Fuc...) threonine"; /evidence="ECO:0000250|UniProtKB:Q07008"; CARBOHYD 496; /note="O-linked (Glc...) serine"; /evidence="ECO:0000250|UniProtKB:Q07008"; CARBOHYD 534; /note="O-linked (Glc...) serine"; /evidence="ECO:0000250|UniProtKB:Q01705"; CARBOHYD 609; /note="O-linked (Glc...) serine"; /evidence="ECO:0000250|UniProtKB:Q01705"; CARBOHYD 617; /note="O-linked (Fuc...) threonine"; /evidence="ECO:0000250|UniProtKB:Q01705"; CARBOHYD 647; /note="O-linked (Glc...) serine"; /evidence="ECO:0000250|UniProtKB:Q01705"; CARBOHYD 692; /note="O-linked (Fuc...) threonine"; /evidence="ECO:0000250|UniProtKB:Q01705"; CARBOHYD 722; /note="O-linked (Glc...) serine"; /evidence="ECO:0000250|UniProtKB:Q01705"; CARBOHYD 759; /note="O-linked (Glc...) serine"; /evidence="ECO:0000250|UniProtKB:Q01705"; CARBOHYD 767; /note="O-linked (Fuc...) threonine"; /evidence="ECO:0000250|UniProtKB:Q01705"; CARBOHYD 784; /note="O-linked (GlcNAc) serine"; /evidence="ECO:0000250|UniProtKB:Q01705"; CARBOHYD 797; /note="O-linked (Glc...) serine"; /evidence="ECO:0000250|UniProtKB:Q01705"; CARBOHYD 805; /note="O-linked (Fuc...) threonine"; /evidence="ECO:0000250|UniProtKB:Q01705"; CARBOHYD 921; /note="O-linked (Fuc) serine"; /evidence="ECO:0000250|UniProtKB:Q01705"; CARBOHYD 951; /note="O-linked (Glc...) serine"; /evidence="ECO:0000250|UniProtKB:Q01705"; CARBOHYD 959; /note="N-linked (GlcNAc...) asparagine"; /evidence="ECO:0000255"; CARBOHYD 997; /note="O-linked (Fuc...) threonine"; /evidence="ECO:0000250|UniProtKB:Q01705"; CARBOHYD 1027; /note="O-linked (Glc...) serine"; /evidence="ECO:0000250|UniProtKB:Q01705"; CARBOHYD 1035; /note="O-linked (Fuc...) threonine"; /evidence="ECO:0000250|UniProtKB:Q01705"; CARBOHYD 1065; /note="O-linked (Glc...) serine"; /evidence="ECO:0000250|UniProtKB:Q01705"; CARBOHYD 1159; /note="O-linked (Fuc...) threonine"; /evidence="ECO:0000250|UniProtKB:Q01705"; CARBOHYD 1179; /note="N-linked (GlcNAc...) asparagine"; /evidence="ECO:0000255"; CARBOHYD 1189; /note="O-linked (Glc...) serine"; /evidence="ECO:0000250|UniProtKB:Q01705"; CARBOHYD 1197; /note="O-linked (Fuc...) threonine"; /evidence="ECO:0000250|UniProtKB:Q01705"; CARBOHYD 1241; /note="N-linked (GlcNAc...) asparagine"; /evidence="ECO:0000255"; CARBOHYD 1273; /note="O-linked (Glc...) serine"; /evidence="ECO:0000250|UniProtKB:Q01705"; CARBOHYD 1362; /note="O-linked (Fuc...) threonine"; /evidence="ECO:0000250|UniProtKB:Q01705"; CARBOHYD 1379; /note="O-linked (GlcNAc...) threonine"; /evidence="ECO:0000250|UniProtKB:Q01705"; CARBOHYD 1402; /note="O-linked (Fuc...) threonine; alternate"; /evidence="ECO:0000269|PubMed:24226769"; CARBOHYD 1402; /note="O-linked (GalNAc...) threonine; alternate"; /evidence="ECO:0000269|PubMed:24226769"; CARBOHYD 1489; /note="N-linked (GlcNAc...) asparagine"; /evidence="ECO:0000255"; CARBOHYD 1587; /note="N-linked (GlcNAc...) asparagine"; /evidence="ECO:0000255"; CARBOHYD 1725; /note="O-linked (GalNAc...) threonine"; /evidence="ECO:0000269|PubMed:24226769"	
P35372	OPRM1 MOR1	CARBOHYD 9; /note="N-linked (GlcNAc...) asparagine"; /evidence="ECO:0000255"; CARBOHYD 12; /note="N-linked (GlcNAc...) asparagine"; /evidence="ECO:0000255"; CARBOHYD 33; /note="N-linked (GlcNAc...) asparagine"; /evidence="ECO:0000255"; CARBOHYD 40; /note="N-linked (GlcNAc...) asparagine"; /evidence="ECO:0000255"; CARBOHYD 48; /note="N-linked (GlcNAc...) asparagine"; /evidence="ECO:0000255"	LIPID 353; /note="S-palmitoyl cysteine"; /evidence="ECO:0000255"
Q16620	NTRK2 TRKB	CARBOHYD 67; /note="N-linked (GlcNAc...) asparagine"; /evidence="ECO:0000269|PubMed:16335952, ECO:0000269|PubMed:7574684"; CARBOHYD 95; /note="N-linked (GlcNAc...) asparagine"; /evidence="ECO:0000269|PubMed:7574684"; CARBOHYD 121; /note="N-linked (GlcNAc...) asparagine"; /evidence="ECO:0000269|PubMed:16335952, ECO:0000269|PubMed:7574684"; CARBOHYD 178; /note="N-linked (GlcNAc...) asparagine"; /evidence="ECO:0000269|PubMed:7574684"; CARBOHYD 205; /note="N-linked (GlcNAc...) asparagine"; /evidence="ECO:0000269|PubMed:7574684"; CARBOHYD 241; /note="N-linked (GlcNAc...) asparagine"; /evidence="ECO:0000269|PubMed:7574684"; CARBOHYD 254; /note="N-linked (GlcNAc...) asparagine"; /evidence="ECO:0000269|PubMed:16335952, ECO:0000269|PubMed:7574684"; CARBOHYD 280; /note="N-linked (GlcNAc...) asparagine"; /evidence="ECO:0000269|PubMed:7574684"; CARBOHYD 325; /note="N-linked (GlcNAc...) asparagine"; /evidence="ECO:0000255"; CARBOHYD 338; /note="N-linked (GlcNAc...) asparagine"; /evidence="ECO:0000269|PubMed:7574684"; CARBOHYD 412; /note="N-linked (GlcNAc...) asparagine"; /evidence="ECO:0000269|PubMed:7574684"	
Q99435	NELL2 NRP2	CARBOHYD 53; /note="N-linked (GlcNAc...) asparagine"; /evidence="ECO:0000255"; CARBOHYD 225; /note="N-linked (GlcNAc...) asparagine"; /evidence="ECO:0000255"; CARBOHYD 293; /note="N-linked (GlcNAc...) asparagine"; /evidence="ECO:0000255"; CARBOHYD 298; /note="N-linked (GlcNAc...) asparagine"; /evidence="ECO:0000255"; CARBOHYD 517; /note="N-linked (GlcNAc...) asparagine"; /evidence="ECO:0000269|PubMed:32198364, ECO:0007744|PDB:6POG"; CARBOHYD 548; /note="O-linked (GlcNAc...) threonine"; /evidence="ECO:0000269|PubMed:32198364, ECO:0007744|PDB:6POG"; CARBOHYD 615; /note="N-linked (GlcNAc...) asparagine"; /evidence="ECO:0000255"; CARBOHYD 635; /note="N-linked (GlcNAc...) asparagine"; /evidence="ECO:0000255"	
O60462	NRP2 VEGF165R2	CARBOHYD 152; /note="N-linked (GlcNAc...) asparagine"; /evidence="ECO:0000269|PubMed:17989695, ECO:0007744|PDB:2QQK"; CARBOHYD 157; /note="N-linked (GlcNAc...) asparagine"; /evidence="ECO:0000269|PubMed:17989695, ECO:0007744|PDB:2QQK"; CARBOHYD 629; /note="N-linked (GlcNAc...) asparagine"; /evidence="ECO:0000255"; CARBOHYD 839; /note="N-linked (GlcNAc...) asparagine"; /evidence="ECO:0000255"	
Q16288	NTRK3 TRKC	CARBOHYD 72; /note="N-linked (GlcNAc...) asparagine"; /evidence="ECO:0000255"; CARBOHYD 79; /note="N-linked (GlcNAc...) asparagine"; /evidence="ECO:0000255"; CARBOHYD 133; /note="N-linked (GlcNAc...) asparagine"; /evidence="ECO:0000255"; CARBOHYD 163; /note="N-linked (GlcNAc...) asparagine"; /evidence="ECO:0000255"; CARBOHYD 203; /note="N-linked (GlcNAc...) asparagine"; /evidence="ECO:0000255"; CARBOHYD 218; /note="N-linked (GlcNAc...) asparagine"; /evidence="ECO:0000255"; CARBOHYD 232; /note="N-linked (GlcNAc...) asparagine"; /evidence="ECO:0000255"; CARBOHYD 259; /note="N-linked (GlcNAc...) asparagine"; /evidence="ECO:0000255"; CARBOHYD 267; /note="N-linked (GlcNAc...) asparagine"; /evidence="ECO:0000255"; CARBOHYD 272; /note="N-linked (GlcNAc...) asparagine"; /evidence="ECO:0000255"; CARBOHYD 294; /note="N-linked (GlcNAc...) asparagine"; /evidence="ECO:0000255"; CARBOHYD 375; /note="N-linked (GlcNAc...) asparagine"; /evidence="ECO:0000255"; CARBOHYD 388; /note="N-linked (GlcNAc...) asparagine"; /evidence="ECO:0000255"	
Q92832	NELL1 NRP1	CARBOHYD 40; /note="N-linked (GlcNAc...) asparagine"; /evidence="ECO:0000255"; CARBOHYD 53; /note="N-linked (GlcNAc...) asparagine"; /evidence="ECO:0000255"; CARBOHYD 83; /note="N-linked (GlcNAc...) asparagine"; /evidence="ECO:0000255"; CARBOHYD 224; /note="N-linked (GlcNAc...) asparagine"; /evidence="ECO:0000255"; CARBOHYD 294; /note="N-linked (GlcNAc...) asparagine"; /evidence="ECO:0000255"; CARBOHYD 372; /note="N-linked (GlcNAc...) asparagine"; /evidence="ECO:0000255"; CARBOHYD 511; /note="N-linked (GlcNAc...) asparagine"; /evidence="ECO:0000269|PubMed:32198364, ECO:0007744|PDB:6POL"; CARBOHYD 562; /note="N-linked (GlcNAc...) asparagine"; /evidence="ECO:0000255"; CARBOHYD 609; /note="N-linked (GlcNAc...) asparagine"; /evidence="ECO:0000255"; CARBOHYD 708; /note="N-linked (GlcNAc...) asparagine"; /evidence="ECO:0000255"; CARBOHYD 732; /note="N-linked (GlcNAc...) asparagine"; /evidence="ECO:0000255"; CARBOHYD 758; /note="N-linked (GlcNAc...) asparagine"; /evidence="ECO:0000255"	
P16066	NPR1 ANPRA	CARBOHYD 34; /note="N-linked (GlcNAc...) asparagine"; /evidence="ECO:0000255"; CARBOHYD 45; /note="N-linked (GlcNAc...) asparagine"; /evidence="ECO:0000255"; CARBOHYD 212; /note="N-linked (GlcNAc...) asparagine"; /evidence="ECO:0000255"; CARBOHYD 338; /note="N-linked (GlcNAc...) asparagine"; /evidence="ECO:0000255"; CARBOHYD 379; /note="N-linked (GlcNAc...) asparagine"; /evidence="ECO:0000255"; CARBOHYD 386; /note="N-linked (GlcNAc...) asparagine"; /evidence="ECO:0000255"; CARBOHYD 427; /note="N-linked (GlcNAc...) asparagine"; /evidence="ECO:0000255"	
P25929	NPY1R NPYR NPYY1	CARBOHYD 2; /note="N-linked (GlcNAc...) asparagine"; /evidence="ECO:0000255"; CARBOHYD 11; /note="N-linked (GlcNAc...) asparagine"; /evidence="ECO:0000255"; CARBOHYD 17; /note="N-linked (GlcNAc...) asparagine"; /evidence="ECO:0000255"	LIPID 338; /note="S-palmitoyl cysteine"; /evidence="ECO:0000255"
Q9P2S2	NRXN2 KIAA0921	CARBOHYD 60; /note="N-linked (GlcNAc...) asparagine"; /evidence="ECO:0000255"; CARBOHYD 338; /note="N-linked (GlcNAc...) asparagine"; /evidence="ECO:0000255"; CARBOHYD 841; /note="N-linked (GlcNAc...) asparagine"; /evidence="ECO:0000255"; CARBOHYD 1236; /note="N-linked (GlcNAc...) asparagine"; /evidence="ECO:0000255"; CARBOHYD 1400; /note="O-linked (Xyl...) (heparan sulfate) serine"; /evidence="ECO:0000250|UniProtKB:E9PUN2"	
Q9HB89	NMUR1 GPR66 NMU1	CARBOHYD 7; /note="N-linked (GlcNAc...) asparagine"; /evidence="ECO:0000255"; CARBOHYD 27; /note="N-linked (GlcNAc...) asparagine"; /evidence="ECO:0000255"; CARBOHYD 41; /note="N-linked (GlcNAc...) asparagine"; /evidence="ECO:0000255"	
P01160	NPPA ANP PND		
P20594	NPR2 ANPRB	CARBOHYD 24; /note="N-linked (GlcNAc...) asparagine"; /evidence="ECO:0000255"; CARBOHYD 35; /note="N-linked (GlcNAc...) asparagine"; /evidence="ECO:0000255"; CARBOHYD 161; /note="N-linked (GlcNAc...) asparagine"; /evidence="ECO:0000255"; CARBOHYD 195; /note="N-linked (GlcNAc...) asparagine"; /evidence="ECO:0000255"; CARBOHYD 244; /note="N-linked (GlcNAc...) asparagine"; /evidence="ECO:0000255"; CARBOHYD 277; /note="N-linked (GlcNAc...) asparagine"; /evidence="ECO:0000255"; CARBOHYD 349; /note="N-linked (GlcNAc...) asparagine"; /evidence="ECO:0000255"	
P21589	NT5E NT5 NTE	CARBOHYD 53; /note="N-linked (GlcNAc...) asparagine"; /evidence="ECO:0000255"; CARBOHYD 311; /note="N-linked (GlcNAc...) asparagine"; /evidence="ECO:0000269|PubMed:19159218, ECO:0000269|PubMed:22997138, ECO:0000269|PubMed:23142347"; CARBOHYD 333; /note="N-linked (GlcNAc...) asparagine"; /evidence="ECO:0000269|PubMed:19159218, ECO:0000269|PubMed:19349973"; CARBOHYD 403; /note="N-linked (GlcNAc...) asparagine"; /evidence="ECO:0000269|PubMed:19159218"	LIPID 549; /note="GPI-anchor amidated serine"; /evidence="ECO:0000269|PubMed:2129526"
Q9GZQ6	NPFFR1 GPR147 NPFF1	CARBOHYD 10; /note="N-linked (GlcNAc...) asparagine"; /evidence="ECO:0000255"; CARBOHYD 18; /note="N-linked (GlcNAc...) asparagine"; /evidence="ECO:0000255"; CARBOHYD 29; /note="N-linked (GlcNAc...) asparagine"; /evidence="ECO:0000255"; CARBOHYD 113; /note="N-linked (GlcNAc...) asparagine"; /evidence="ECO:0000255"; CARBOHYD 195; /note="N-linked (GlcNAc...) asparagine"; /evidence="ECO:0000255"	
P41146	OPRL1 OOR ORL1	CARBOHYD 21; /note="N-linked (GlcNAc...) asparagine"; /evidence="ECO:0000255"; CARBOHYD 28; /note="N-linked (GlcNAc...) asparagine"; /evidence="ECO:0000255"; CARBOHYD 39; /note="N-linked (GlcNAc...) asparagine"; /evidence="ECO:0000255"	LIPID 334; /note="S-palmitoyl cysteine"; /evidence="ECO:0000255"
Q9Y639	NPTN SDFR1 SDR1	CARBOHYD 229; /note="N-linked (GlcNAc...) asparagine"; /evidence="ECO:0000269|PubMed:19349973"; CARBOHYD 284; /note="N-linked (GlcNAc...) asparagine"; /evidence="ECO:0000269|PubMed:19159218, ECO:0000269|PubMed:30190470, ECO:0007744|PDB:6A69"; CARBOHYD 296; /note="N-linked (GlcNAc...) asparagine"; /evidence="ECO:0000269|PubMed:19159218"	
P48745	CCN3 IGFBP9 NOV NOVH	CARBOHYD 97; /note="N-linked (GlcNAc...) asparagine"; /evidence="ECO:0000255"; CARBOHYD 280; /note="N-linked (GlcNAc...) asparagine"; /evidence="ECO:0000255"	LIPID 244; /note="S-palmitoyl cysteine"; /evidence="ECO:0000250|UniProtKB:Q64299"
Q9HDB5	NRXN3 KIAA0743	CARBOHYD 184; /note="N-linked (GlcNAc...) asparagine"; /evidence="ECO:0000255"; CARBOHYD 252; /note="N-linked (GlcNAc...) asparagine"; /evidence="ECO:0000255"; CARBOHYD 296; /note="N-linked (GlcNAc...) asparagine"; /evidence="ECO:0000255"; CARBOHYD 312; /note="O-linked (Xyl...) (heparan sulfate) serine"; /evidence="ECO:0000250|UniProtKB:Q8C985"	
Q92823	NRCAM KIAA0343	CARBOHYD 83; /note="N-linked (GlcNAc...) asparagine"; /evidence="ECO:0000255"; CARBOHYD 223; /note="N-linked (GlcNAc...) asparagine"; /evidence="ECO:0000255"; CARBOHYD 245; /note="N-linked (GlcNAc...) asparagine"; /evidence="ECO:0000255"; CARBOHYD 251; /note="N-linked (GlcNAc...) asparagine"; /evidence="ECO:0000255"; CARBOHYD 276; /note="N-linked (GlcNAc...) asparagine"; /evidence="ECO:0000269|PubMed:16335952, ECO:0000269|PubMed:19159218"; CARBOHYD 314; /note="N-linked (GlcNAc...) asparagine"; /evidence="ECO:0000255"; CARBOHYD 433; /note="N-linked (GlcNAc...) asparagine"; /evidence="ECO:0000255"; CARBOHYD 507; /note="N-linked (GlcNAc...) asparagine"; /evidence="ECO:0000255"; CARBOHYD 619; /note="N-linked (GlcNAc...) asparagine"; /evidence="ECO:0000255"; CARBOHYD 716; /note="N-linked (GlcNAc...) asparagine"; /evidence="ECO:0000255"; CARBOHYD 802; /note="N-linked (GlcNAc...) asparagine"; /evidence="ECO:0000255"; CARBOHYD 858; /note="N-linked (GlcNAc...) (complex) asparagine"; /evidence="ECO:0000269|PubMed:19139490"; CARBOHYD 993; /note="N-linked (GlcNAc...) asparagine"; /evidence="ECO:0000255"; CARBOHYD 1009; /note="N-linked (GlcNAc...) asparagine"; /evidence="ECO:0000255"; CARBOHYD 1019; /note="N-linked (GlcNAc...) asparagine"; /evidence="ECO:0000255"; CARBOHYD 1072; /note="N-linked (GlcNAc...) asparagine"; /evidence="ECO:0000255"; CARBOHYD 1083; /note="N-linked (GlcNAc...) asparagine"; /evidence="ECO:0000255"; CARBOHYD 1115; /note="N-linked (GlcNAc...) asparagine"; /evidence="ECO:0000255"	
Q9ULB1	NRXN1 KIAA0578	CARBOHYD 125; /note="N-linked (GlcNAc...) asparagine"; /evidence="ECO:0000255"; CARBOHYD 190; /note="N-linked (GlcNAc...) asparagine"; /evidence="ECO:0000255"; CARBOHYD 790; /note="N-linked (GlcNAc...) asparagine"; /evidence="ECO:0000255"; CARBOHYD 1223; /note="N-linked (GlcNAc...) asparagine"; /evidence="ECO:0000255"; CARBOHYD 1355; /note="O-linked (Xyl...) (heparan sulfate) serine"; /evidence="ECO:0000250|UniProtKB:Q9CS84"	
Q9NZ94	NLGN3 KIAA1480 NL3	CARBOHYD 98; /note="N-linked (GlcNAc...) asparagine"; /evidence="ECO:0000255"; CARBOHYD 545; /note="N-linked (GlcNAc...) asparagine"; /evidence="ECO:0000255"	
O14786	NRP1 NRP VEGF165R	CARBOHYD 150; /note="N-linked (GlcNAc...) asparagine"; /evidence="ECO:0000269|PubMed:16335952, ECO:0000269|PubMed:17989695, ECO:0000269|PubMed:19159218"; CARBOHYD 261; /note="N-linked (GlcNAc...) asparagine"; /evidence="ECO:0000269|PubMed:17989695, ECO:0000269|PubMed:19159218"; CARBOHYD 300; /note="N-linked (GlcNAc...) asparagine"; /evidence="ECO:0000255"; CARBOHYD 522; /note="N-linked (GlcNAc...) asparagine"; /evidence="ECO:0000269|PubMed:19159218"; CARBOHYD 612; /note="O-linked (Xyl...) (chondroitin sulfate) serine; alternate"; /evidence="ECO:0000269|PubMed:16763549"; CARBOHYD 612; /note="O-linked (Xyl...) (heparan sulfate) serine; alternate"; /evidence="ECO:0000269|PubMed:16763549"; CARBOHYD 829; /note="O-linked (Xyl...) (chondroitin sulfate) serine"; /evidence="ECO:0000269|PubMed:36213313"; CARBOHYD 842; /note="N-linked (GlcNAc...) asparagine"; /evidence="ECO:0000255"	
Q9GZQ4	NMUR2 NMU2 NMU2R TGR1	CARBOHYD 9; /note="N-linked (GlcNAc...) asparagine"; /evidence="ECO:0000255"; CARBOHYD 27; /note="N-linked (GlcNAc...) asparagine"; /evidence="ECO:0000255"; CARBOHYD 194; /note="N-linked (GlcNAc...) asparagine"; /evidence="ECO:0000255"	
Q6W5P4	NPSR1 GPR154 GPRA PGR14	CARBOHYD 4; /note="N-linked (GlcNAc...) asparagine"; /evidence="ECO:0000255"	
P04629	NTRK1 MTC TRK TRKA	CARBOHYD 67; /note="N-linked (GlcNAc...) asparagine"; /evidence="ECO:0000255"; CARBOHYD 95; /note="N-linked (GlcNAc...) asparagine"; /evidence="ECO:0000269|PubMed:17196528"; CARBOHYD 121; /note="N-linked (GlcNAc...) asparagine"; /evidence="ECO:0000269|PubMed:17196528"; CARBOHYD 188; /note="N-linked (GlcNAc...) asparagine"; /evidence="ECO:0000269|PubMed:17196528, ECO:0007744|PDB:2IFG"; CARBOHYD 202; /note="N-linked (GlcNAc...) asparagine"; /evidence="ECO:0000255"; CARBOHYD 253; /note="N-linked (GlcNAc...) asparagine"; /evidence="ECO:0000255"; CARBOHYD 262; /note="N-linked (GlcNAc...) asparagine"; /evidence="ECO:0000269|PubMed:17196528, ECO:0007744|PDB:2IFG"; CARBOHYD 281; /note="N-linked (GlcNAc...) asparagine"; /evidence="ECO:0000269|PubMed:17196528, ECO:0007744|PDB:2IFG"; CARBOHYD 318; /note="N-linked (GlcNAc...) asparagine"; /evidence="ECO:0000255"; CARBOHYD 323; /note="N-linked (GlcNAc...) asparagine"; /evidence="ECO:0000255"; CARBOHYD 338; /note="N-linked (GlcNAc...) asparagine"; /evidence="ECO:0000255"; CARBOHYD 358; /note="N-linked (GlcNAc...) asparagine"; /evidence="ECO:0000269|PubMed:17196528, ECO:0007744|PDB:2IFG"; CARBOHYD 401; /note="N-linked (GlcNAc...) asparagine"; /evidence="ECO:0000255"	
Q9Y5X5	NPFFR2 GPR74 NPFF2 NPGPR	CARBOHYD 110; /note="N-linked (GlcNAc...) asparagine"; /evidence="ECO:0000255"; CARBOHYD 122; /note="N-linked (GlcNAc...) asparagine"; /evidence="ECO:0000255"; CARBOHYD 133; /note="N-linked (GlcNAc...) asparagine"; /evidence="ECO:0000255"; CARBOHYD 300; /note="N-linked (GlcNAc...) asparagine"; /evidence="ECO:0000255"	
Q9Y4C0	NRXN3 C14orf60 KIAA0743	CARBOHYD 58; /note="N-linked (GlcNAc...) asparagine"; /evidence="ECO:0000255"; CARBOHYD 105; /note="N-linked (GlcNAc...) asparagine"; /evidence="ECO:0000255"; CARBOHYD 757; /note="N-linked (GlcNAc...) asparagine"; /evidence="ECO:0000255"; CARBOHYD 1189; /note="N-linked (GlcNAc...) asparagine"; /evidence="ECO:0000255"; CARBOHYD 1257; /note="N-linked (GlcNAc...) asparagine"; /evidence="ECO:0000255"; CARBOHYD 1301; /note="N-linked (GlcNAc...) asparagine"; /evidence="ECO:0000255"; CARBOHYD 1317; /note="O-linked (Xyl...) (heparan sulfate) serine"; /evidence="ECO:0000250|UniProtKB:Q8C985"	
P17342	NPR3 ANPRC C5orf23 NPRC	CARBOHYD 86; /note="N-linked (GlcNAc...) (complex) asparagine"; /evidence="ECO:0000269|PubMed:16870210, ECO:0000269|PubMed:7727388"; CARBOHYD 293; /note="N-linked (GlcNAc...) (high mannose) asparagine"; /evidence="ECO:0000269|PubMed:11533490, ECO:0000269|PubMed:16870210, ECO:0000269|PubMed:7727388"; CARBOHYD 394; /note="N-linked (GlcNAc...) (complex) asparagine"; /evidence="ECO:0000269|PubMed:11533490, ECO:0000269|PubMed:16870210, ECO:0000269|PubMed:7727388"	
Q14956	GPNMB HGFIN NMB UNQ1725/PRO9925	CARBOHYD 93; /note="N-linked (GlcNAc...) asparagine"; /evidence="ECO:0000255"; CARBOHYD 134; /note="N-linked (GlcNAc...) asparagine"; /evidence="ECO:0000255"; CARBOHYD 146; /note="N-linked (GlcNAc...) asparagine"; /evidence="ECO:0000255"; CARBOHYD 200; /note="N-linked (GlcNAc...) asparagine"; /evidence="ECO:0000269|PubMed:19159218"; CARBOHYD 249; /note="N-linked (GlcNAc...) asparagine"; /evidence="ECO:0000269|PubMed:19159218"; CARBOHYD 275; /note="N-linked (GlcNAc...) asparagine"; /evidence="ECO:0000269|PubMed:19159218"; CARBOHYD 296; /note="N-linked (GlcNAc...) asparagine"; /evidence="ECO:0000269|PubMed:19159218"; CARBOHYD 300; /note="N-linked (GlcNAc...) asparagine"; /evidence="ECO:0000269|PubMed:19159218"; CARBOHYD 306; /note="N-linked (GlcNAc...) asparagine"; /evidence="ECO:0000269|PubMed:19159218"; CARBOHYD 312; /note="N-linked (GlcNAc...) asparagine"; /evidence="ECO:0000255"; CARBOHYD 459; /note="N-linked (GlcNAc...) asparagine"; /evidence="ECO:0000255"; CARBOHYD 467; /note="N-linked (GlcNAc...) asparagine"; /evidence="ECO:0000255"	
Q96SN7	ORAI2 C7orf19 CBCIP2 TMEM142B PP1729		
Q96CW9	NTNG2 KIAA1857 LMNT2 UNQ9381/PRO34206	CARBOHYD 122; /note="N-linked (GlcNAc...) asparagine"; /evidence="ECO:0000269|PubMed:22041449"; CARBOHYD 128; /note="N-linked (GlcNAc...) asparagine"; /evidence="ECO:0000269|PubMed:22041449"; CARBOHYD 310; /note="N-linked (GlcNAc...) asparagine"; /evidence="ECO:0000255"; CARBOHYD 395; /note="N-linked (GlcNAc...) asparagine"; /evidence="ECO:0000255"; CARBOHYD 422; /note="N-linked (GlcNAc...) asparagine"; /evidence="ECO:0000255"	LIPID 507; /note="GPI-anchor amidated glycine"; /evidence="ECO:0000255"
P07237	P4HB ERBA2L PDI PDIA1 PO4DB		
Q6UXI9	NPNT EGFL6L POEM UNQ295/PRO334		
Q9Y2I2	NTNG1 KIAA0976 LMNT1 UNQ571/PRO1133	CARBOHYD 133; /note="N-linked (GlcNAc...) asparagine"; /evidence="ECO:0000255"; CARBOHYD 320; /note="N-linked (GlcNAc...) asparagine"; /evidence="ECO:0000255"; CARBOHYD 406; /note="N-linked (GlcNAc...) asparagine"; /evidence="ECO:0000255"; CARBOHYD 433; /note="N-linked (GlcNAc...) asparagine"; /evidence="ECO:0000255"	LIPID 510; /note="GPI-anchor amidated serine"; /evidence="ECO:0000255"
Q02297	NRG1 GGF HGL HRGA NDF SMDF	CARBOHYD 120; /note="N-linked (GlcNAc...) asparagine"; /evidence="ECO:0000255"; CARBOHYD 126; /note="N-linked (GlcNAc...) asparagine"; /evidence="ECO:0000255"; CARBOHYD 164; /note="N-linked (GlcNAc...) asparagine"; /evidence="ECO:0000255"	
O95665	NTSR2		LIPID 377; /note="S-palmitoyl cysteine"; /evidence="ECO:0000255"
P47890	OR1G1 OR1G2	CARBOHYD 5; /note="N-linked (GlcNAc...) asparagine"; /evidence="ECO:0000255"	
P61366	OSTN		
Q8WWG1	NRG4	CARBOHYD 39; /note="N-linked (GlcNAc...) asparagine"; /evidence="ECO:0000255"	
Q9NZT2	OGFR		
Q8N729	NPW PPL8 PPNPW	CARBOHYD 133; /note="O-linked (Xyl...) (chondroitin sulfate) serine"; /evidence="ECO:0000269|PubMed:25326458, ECO:0000269|PubMed:36213313, ECO:0000269|PubMed:37453717"	
P30953	OR1E1 OR1E5 OR1E6 OR1E9P	CARBOHYD 5; /note="N-linked (GlcNAc...) asparagine"; /evidence="ECO:0000255"	
O00634	NTN3 NTN2L	CARBOHYD 104; /note="N-linked (GlcNAc...) asparagine"; /evidence="ECO:0000255"; CARBOHYD 387; /note="N-linked (GlcNAc...) asparagine"; /evidence="ECO:0000255"	
Q8IZ57	NRSN1 VMP		
Q15391	P2RY14 GPR105 KIAA0001	CARBOHYD 3; /note="N-linked (GlcNAc...) asparagine"; /evidence="ECO:0000255"; CARBOHYD 161; /note="N-linked (GlcNAc...) asparagine"; /evidence="ECO:0000255"	
O95156	NXPH2 NPH2	CARBOHYD 86; /note="N-linked (GlcNAc...) asparagine"; /evidence="ECO:0000255"; CARBOHYD 139; /note="N-linked (GlcNAc...) asparagine"; /evidence="ECO:0000255"; CARBOHYD 149; /note="N-linked (GlcNAc...) asparagine"; /evidence="ECO:0000255"; CARBOHYD 155; /note="N-linked (GlcNAc...) asparagine"; /evidence="ECO:0000255"	
Q8NG41	NPB PPL7 PPNPB		
P58417	NXPH1 NPH1 Nbla00697	CARBOHYD 23; /note="N-linked (GlcNAc...) asparagine"; /evidence="ECO:0000255"; CARBOHYD 68; /note="N-linked (GlcNAc...) asparagine"; /evidence="ECO:0000255"; CARBOHYD 93; /note="N-linked (GlcNAc...) asparagine"; /evidence="ECO:0000255"; CARBOHYD 146; /note="N-linked (GlcNAc...) asparagine"; /evidence="ECO:0000255"; CARBOHYD 156; /note="N-linked (GlcNAc...) asparagine"; /evidence="ECO:0000255"; CARBOHYD 162; /note="N-linked (GlcNAc...) asparagine"; /evidence="ECO:0000255"	
O95157	NXPH3 KIAA1159 NPH3 UNQ687/PRO1327	CARBOHYD 62; /note="N-linked (GlcNAc...) asparagine"; /evidence="ECO:0000255"; CARBOHYD 127; /note="N-linked (GlcNAc...) asparagine"; /evidence="ECO:0000255"; CARBOHYD 137; /note="N-linked (GlcNAc...) asparagine"; /evidence="ECO:0000255"; CARBOHYD 143; /note="N-linked (GlcNAc...) asparagine"; /evidence="ECO:0000255"	
Q5H8A3	NMS		
O15496	PLA2G10	CARBOHYD 113; /note="N-linked (GlcNAc...) asparagine"; /evidence="ECO:0000255"	
Q13258	PTGDR	CARBOHYD 10; /note="N-linked (GlcNAc...) asparagine"; /evidence="ECO:0000255"; CARBOHYD 90; /note="N-linked (GlcNAc...) asparagine"; /evidence="ECO:0000255"; CARBOHYD 297; /note="N-linked (GlcNAc...) asparagine"; /evidence="ECO:0000255"	
P00749	PLAU	CARBOHYD 38; /note="O-linked (Fuc) threonine"; /evidence="ECO:0000269|PubMed:2023947"; CARBOHYD 322; /note="N-linked (GlcNAc...) asparagine"; /evidence="ECO:0000255"; /id="CAR_000026"	
P02776	PF4 CXCL4 SCYB4		
P01210	PENK		
O14939	PLD2		
Q15165	PON2	CARBOHYD 254; /note="N-linked (GlcNAc...) asparagine"; /evidence="ECO:0000269|PubMed:19159218"; CARBOHYD 269; /note="N-linked (GlcNAc...) asparagine"; /evidence="ECO:0000255"; CARBOHYD 323; /note="N-linked (GlcNAc...) asparagine"; /evidence="ECO:0000255"	
P01213	PDYN		
Q9NRQ2	PLSCR4 GIG43		LIPID 197; /note="S-palmitoyl cysteine"; /evidence="ECO:0000250|UniProtKB:O15162"; LIPID 198; /note="S-palmitoyl cysteine"; /evidence="ECO:0000250|UniProtKB:O15162"; LIPID 199; /note="S-palmitoyl cysteine"; /evidence="ECO:0000250|UniProtKB:O15162"; LIPID 201; /note="S-palmitoyl cysteine"; /evidence="ECO:0000250|UniProtKB:O15162"; LIPID 202; /note="S-palmitoyl cysteine"; /evidence="ECO:0000250|UniProtKB:O15162"
Q07326	PIGF		
Q9NQS3	NECTIN3 PRR3 PVRL3	CARBOHYD 73; /note="N-linked (GlcNAc...) asparagine"; /evidence="ECO:0000269|PubMed:22902367"; CARBOHYD 83; /note="N-linked (GlcNAc...) asparagine"; /evidence="ECO:0000255"; CARBOHYD 125; /note="N-linked (GlcNAc...) asparagine"; /evidence="ECO:0000269|PubMed:22902367"; CARBOHYD 186; /note="N-linked (GlcNAc...) asparagine"; /evidence="ECO:0000269|PubMed:22902367"; CARBOHYD 222; /note="N-linked (GlcNAc...) asparagine"; /evidence="ECO:0000269|PubMed:22902367"; CARBOHYD 331; /note="N-linked (GlcNAc...) asparagine"; /evidence="ECO:0000269|PubMed:22902367"	
Q15223	NECTIN1 HVEC PRR1 PVRL1	CARBOHYD 36; /note="N-linked (GlcNAc...) asparagine"; /evidence="ECO:0000255"; CARBOHYD 72; /note="N-linked (GlcNAc...) asparagine"; /evidence="ECO:0000269|PubMed:21980294"; CARBOHYD 139; /note="N-linked (GlcNAc...) asparagine"; /evidence="ECO:0000269|PubMed:21980294"; CARBOHYD 202; /note="N-linked (GlcNAc...) (complex) asparagine"; /evidence="ECO:0000269|PubMed:16335952, ECO:0000269|PubMed:19139490, ECO:0000269|PubMed:21980294, ECO:0000269|PubMed:22902367"; CARBOHYD 286; /note="N-linked (GlcNAc...) asparagine"; /evidence="ECO:0000255"; CARBOHYD 297; /note="N-linked (GlcNAc...) asparagine"; /evidence="ECO:0000255"; CARBOHYD 307; /note="N-linked (GlcNAc...) asparagine"; /evidence="ECO:0000255"; CARBOHYD 332; /note="N-linked (GlcNAc...) asparagine"; /evidence="ECO:0000269|PubMed:19349973"	
P15151	PVR PVS	CARBOHYD 105; /note="N-linked (GlcNAc...) asparagine"; CARBOHYD 120; /note="N-linked (GlcNAc...) (complex) asparagine"; /evidence="ECO:0000269|PubMed:22171320"; CARBOHYD 188; /note="N-linked (GlcNAc...) asparagine"; /evidence="ECO:0000255"; CARBOHYD 218; /note="N-linked (GlcNAc...) asparagine"; /evidence="ECO:0000255"; CARBOHYD 237; /note="N-linked (GlcNAc...) asparagine"; /evidence="ECO:0000255"; CARBOHYD 278; /note="N-linked (GlcNAc...) asparagine"; /evidence="ECO:0000269|PubMed:16335952"; CARBOHYD 307; /note="N-linked (GlcNAc...) asparagine"; /evidence="ECO:0000269|PubMed:19159218"; CARBOHYD 313; /note="N-linked (GlcNAc...) asparagine"; /evidence="ECO:0000255"; CARBOHYD P15151-2:360; /note="N-linked (GlcNAc...) asparagine"; /evidence="ECO:0000269|PubMed:16335952"; CARBOHYD P15151-3:352; /note="N-linked (GlcNAc...) asparagine"; /evidence="ECO:0000269|PubMed:16335952"	
P00750	PLAT	CARBOHYD 96; /note="O-linked (Fuc) threonine"; /evidence="ECO:0000269|PubMed:1900431"; /id="CAR_000029"; CARBOHYD 152; /note="N-linked (GlcNAc...) asparagine"; /evidence="ECO:0000269|PubMed:2513186"; CARBOHYD 219; /note="N-linked (GlcNAc...) asparagine; partial"; /evidence="ECO:0000269|PubMed:2513186"; /id="CAR_000030"; CARBOHYD 483; /note="N-linked (GlcNAc...) asparagine"; /evidence="ECO:0000269|PubMed:2513186"; /id="CAR_000031"	
P43119	PTGIR PRIPR	CARBOHYD 7; /note="N-linked (GlcNAc...) asparagine"; /evidence="ECO:0000255"	LIPID 383; /note="S-farnesyl cysteine"; /evidence="ECO:0000269|PubMed:11895442"
P49190	PTH2R PTHR2	CARBOHYD 51; /note="N-linked (GlcNAc...) asparagine"; /evidence="ECO:0000255"; CARBOHYD 106; /note="N-linked (GlcNAc...) asparagine"; /evidence="ECO:0000255"; CARBOHYD 116; /note="N-linked (GlcNAc...) asparagine"; /evidence="ECO:0000255"; CARBOHYD 121; /note="N-linked (GlcNAc...) asparagine"; /evidence="ECO:0000255"	
P01236	PRL	CARBOHYD 59; /note="N-linked (GlcNAc...) asparagine; partial"	
P55058	PLTP	CARBOHYD 64; /note="N-linked (GlcNAc...) (complex) asparagine"; /evidence="ECO:0000269|PubMed:16335952, ECO:0000269|PubMed:19139490, ECO:0000269|PubMed:19159218, ECO:0000269|PubMed:21515415"; CARBOHYD 94; /note="N-linked (GlcNAc...) asparagine"; /evidence="ECO:0000269|PubMed:16335952, ECO:0000269|PubMed:21515415"; CARBOHYD 117; /note="N-linked (GlcNAc...) (complex) asparagine"; /evidence="ECO:0000269|PubMed:21515415"; CARBOHYD 143; /note="N-linked (GlcNAc...) asparagine"; /evidence="ECO:0000269|PubMed:16335952, ECO:0000269|PubMed:19139490, ECO:0000269|PubMed:21515415"; CARBOHYD 245; /note="N-linked (GlcNAc...) (complex) asparagine"; /evidence="ECO:0000269|PubMed:16335952, ECO:0000269|PubMed:19139490, ECO:0000269|PubMed:21515415"; CARBOHYD 398; /note="N-linked (GlcNAc...) asparagine"; /evidence="ECO:0000269|PubMed:16335952"	
P01298	PPY PNP		
P16284	PECAM1	CARBOHYD 52; /note="N-linked (GlcNAc...) asparagine"; /evidence="ECO:0000269|PubMed:26702061, ECO:0007744|PDB:5C14"; CARBOHYD 84; /note="N-linked (GlcNAc...) asparagine"; /evidence="ECO:0000269|PubMed:19349973, ECO:0000269|PubMed:26702061, ECO:0007744|PDB:5C14"; CARBOHYD 151; /note="N-linked (GlcNAc...) asparagine"; /evidence="ECO:0000269|PubMed:19159218, ECO:0000269|PubMed:26702061, ECO:0007744|PDB:5C14"; CARBOHYD 301; /note="N-linked (GlcNAc...) asparagine"; /evidence="ECO:0000255"; CARBOHYD 320; /note="N-linked (GlcNAc...) asparagine"; /evidence="ECO:0000269|PubMed:19159218, ECO:0000269|PubMed:19349973"; CARBOHYD 344; /note="N-linked (GlcNAc...) asparagine"; /evidence="ECO:0000255"; CARBOHYD 356; /note="N-linked (GlcNAc...) asparagine"; /evidence="ECO:0000255"; CARBOHYD 453; /note="N-linked (GlcNAc...) asparagine"; /evidence="ECO:0000269|PubMed:19159218"; CARBOHYD 551; /note="N-linked (GlcNAc...) asparagine"; /evidence="ECO:0000269|PubMed:19349973"	LIPID 622; /note="S-palmitoyl cysteine"; /evidence="ECO:0000269|PubMed:17139370"
P06454	PTMA TMSA		
P00747	PLG	CARBOHYD 268; /note="O-linked (GalNAc...) serine"; /evidence="ECO:0000269|PubMed:3356193, ECO:0000269|PubMed:9054441"; /id="CAR_000016"; CARBOHYD 308; /note="N-linked (GlcNAc...) asparagine"; /evidence="ECO:0000269|PubMed:18780401, ECO:0000269|PubMed:3356193"; /id="CAR_000017"; CARBOHYD 365; /note="O-linked (GalNAc...) threonine"; /evidence="ECO:0000269|PubMed:3356193"; /id="CAR_000018"	
Q13332	PTPRS	CARBOHYD 263; /note="N-linked (GlcNAc...) asparagine"; /evidence="ECO:0000269|PubMed:25385546, ECO:0007744|PDB:4PBX"; CARBOHYD 308; /note="N-linked (GlcNAc...) asparagine"; /evidence="ECO:0000269|PubMed:25385546, ECO:0007744|PDB:4PBX"; CARBOHYD 733; /note="N-linked (GlcNAc...) asparagine"; /evidence="ECO:0000269|PubMed:16335952, ECO:0000269|PubMed:19159218, ECO:0000269|PubMed:19349973"; CARBOHYD 940; /note="N-linked (GlcNAc...) asparagine"; /evidence="ECO:0000255"	
P01189	POMC	CARBOHYD 71; /note="O-linked (HexNAc...) threonine"; /evidence="ECO:0000269|PubMed:6267033"; CARBOHYD 91; /note="N-linked (GlcNAc...) asparagine"	
Q9HC23	PROK2 BV8		
Q13519	PNOC OFQ		
O60486	PLXNC1 VESPR	CARBOHYD 86; /note="N-linked (GlcNAc...) asparagine"; /evidence="ECO:0000269|PubMed:20727575"; CARBOHYD 141; /note="N-linked (GlcNAc...) asparagine"; /evidence="ECO:0000269|PubMed:20727575"; CARBOHYD 149; /note="N-linked (GlcNAc...) asparagine"; /evidence="ECO:0000269|PubMed:20727575"; CARBOHYD 241; /note="N-linked (GlcNAc...) asparagine"; /evidence="ECO:0000269|PubMed:20727575"; CARBOHYD 252; /note="N-linked (GlcNAc...) asparagine"; /evidence="ECO:0000269|PubMed:20727575"; CARBOHYD 386; /note="N-linked (GlcNAc...) asparagine"; /evidence="ECO:0000269|PubMed:20727575"; CARBOHYD 407; /note="N-linked (GlcNAc...) asparagine"; /evidence="ECO:0000269|PubMed:20727575"; CARBOHYD 548; /note="N-linked (GlcNAc...) asparagine"; /evidence="ECO:0000255"; CARBOHYD 582; /note="N-linked (GlcNAc...) asparagine"; /evidence="ECO:0000255"; CARBOHYD 653; /note="N-linked (GlcNAc...) asparagine"; /evidence="ECO:0000255"; CARBOHYD 692; /note="N-linked (GlcNAc...) asparagine"; /evidence="ECO:0000255"; CARBOHYD 771; /note="N-linked (GlcNAc...) asparagine"; /evidence="ECO:0000255"; CARBOHYD 796; /note="N-linked (GlcNAc...) asparagine"; /evidence="ECO:0000255"; CARBOHYD 821; /note="N-linked (GlcNAc...) asparagine"; /evidence="ECO:0000255"; CARBOHYD 871; /note="N-linked (GlcNAc...) asparagine"; /evidence="ECO:0000255|PROSITE-ProRule:PRU00498"; CARBOHYD 890; /note="N-linked (GlcNAc...) asparagine"; /evidence="ECO:0000255"	
P12272	PTHLH PTHRP		
P78562	PHEX PEX	CARBOHYD 71; /note="N-linked (GlcNAc...) asparagine"; /evidence="ECO:0000255"; CARBOHYD 238; /note="N-linked (GlcNAc...) asparagine"; /evidence="ECO:0000255"; CARBOHYD 263; /note="N-linked (GlcNAc...) asparagine"; /evidence="ECO:0000255"; CARBOHYD 290; /note="N-linked (GlcNAc...) asparagine"; /evidence="ECO:0000255"; CARBOHYD 301; /note="N-linked (GlcNAc...) asparagine"; /evidence="ECO:0000255"; CARBOHYD 377; /note="N-linked (GlcNAc...) asparagine"; /evidence="ECO:0000255"; CARBOHYD 484; /note="N-linked (GlcNAc...) asparagine"; /evidence="ECO:0000255"; CARBOHYD 736; /note="N-linked (GlcNAc...) asparagine"; /evidence="ECO:0000255"	
P20382	PMCH MCH		
Q9UNN8	PROCR EPCR	CARBOHYD 47; /note="N-linked (GlcNAc...) asparagine"; /evidence="ECO:0000269|PubMed:12034704"; CARBOHYD 64; /note="N-linked (GlcNAc...) asparagine"; /evidence="ECO:0000255"; CARBOHYD 136; /note="N-linked (GlcNAc...) asparagine"; /evidence="ECO:0000269|PubMed:12034704"; CARBOHYD 172; /note="N-linked (GlcNAc...) asparagine"; /evidence="ECO:0000269|PubMed:12034704"	
P16471	PRLR	CARBOHYD 59; /note="N-linked (GlcNAc...) asparagine"; /evidence="ECO:0000255"; CARBOHYD 104; /note="N-linked (GlcNAc...) asparagine"; /evidence="ECO:0000255"; CARBOHYD 233; /note="N-linked (GlcNAc...) asparagine"; /evidence="ECO:0000255"	
Q92692	NECTIN2 HVEB PRR2 PVRL2	CARBOHYD 137; /note="N-linked (GlcNAc...) asparagine"; /evidence="ECO:0000255"; CARBOHYD 324; /note="N-linked (GlcNAc...) asparagine"; /evidence="ECO:0000255"	
P19957	PI3 WAP3 WFDC14		
Q13018	PLA2R1 CLEC13C	CARBOHYD 93; /note="N-linked (GlcNAc...) asparagine"; /evidence="ECO:0000255"; CARBOHYD 454; /note="N-linked (GlcNAc...) asparagine"; /evidence="ECO:0000255"; CARBOHYD 1123; /note="N-linked (GlcNAc...) asparagine"; /evidence="ECO:0000255|PROSITE-ProRule:PRU00498"	
P35354	PTGS2 COX2	CARBOHYD 53; /note="N-linked (GlcNAc...) asparagine"; /evidence="ECO:0000269|PubMed:26859324, ECO:0000269|PubMed:27226593, ECO:0007744|PDB:5F19, ECO:0007744|PDB:5F1A, ECO:0007744|PDB:5IKQ, ECO:0007744|PDB:5IKT"; CARBOHYD 130; /note="N-linked (GlcNAc...) asparagine"; /evidence="ECO:0000269|PubMed:26859324, ECO:0000269|PubMed:27226593, ECO:0000269|PubMed:27710942, ECO:0007744|PDB:5F19, ECO:0007744|PDB:5F1A, ECO:0007744|PDB:5IKQ, ECO:0007744|PDB:5IKR, ECO:0007744|PDB:5IKT, ECO:0007744|PDB:5IKV, ECO:0007744|PDB:5KIR"; CARBOHYD 396; /note="N-linked (GlcNAc...) asparagine"; /evidence="ECO:0000269|PubMed:26859324, ECO:0000269|PubMed:27226593, ECO:0000269|PubMed:27710942, ECO:0007744|PDB:5F19, ECO:0007744|PDB:5F1A, ECO:0007744|PDB:5IKQ, ECO:0007744|PDB:5IKR, ECO:0007744|PDB:5IKT, ECO:0007744|PDB:5IKV, ECO:0007744|PDB:5KIR"; CARBOHYD 580; /note="N-linked (GlcNAc...) asparagine"; /evidence="ECO:0000269|PubMed:17113084"	
O15031	PLXNB2 KIAA0315	CARBOHYD 127; /note="N-linked (GlcNAc...) asparagine"; /evidence="ECO:0000269|PubMed:19159218, ECO:0000269|PubMed:19349973"; CARBOHYD 242; /note="N-linked (GlcNAc...) asparagine"; /evidence="ECO:0000255"; CARBOHYD 391; /note="N-linked (GlcNAc...) asparagine"; /evidence="ECO:0000255"; CARBOHYD 402; /note="N-linked (GlcNAc...) asparagine"; /evidence="ECO:0000255"; CARBOHYD 528; /note="N-linked (GlcNAc...) asparagine"; /evidence="ECO:0000255"; CARBOHYD 733; /note="N-linked (GlcNAc...) asparagine"; /evidence="ECO:0000269|PubMed:19159218"; CARBOHYD 759; /note="N-linked (GlcNAc...) asparagine"; /evidence="ECO:0000255"; CARBOHYD 795; /note="N-linked (GlcNAc...) asparagine"; /evidence="ECO:0000255"; CARBOHYD 844; /note="N-linked (GlcNAc...) asparagine"; /evidence="ECO:0000255"; CARBOHYD 1002; /note="N-linked (GlcNAc...) asparagine"; /evidence="ECO:0000255"; CARBOHYD 1049; /note="N-linked (GlcNAc...) asparagine"; /evidence="ECO:0000255"; CARBOHYD 1068; /note="N-linked (GlcNAc...) asparagine"; /evidence="ECO:0000255"; CARBOHYD 1099; /note="N-linked (GlcNAc...) asparagine"; /evidence="ECO:0000255"	
Q9Y4D7	PLXND1 KIAA0620	CARBOHYD 86; /note="N-linked (GlcNAc...) asparagine"; /evidence="ECO:0000255"; CARBOHYD 155; /note="N-linked (GlcNAc...) asparagine"; /evidence="ECO:0000255"; CARBOHYD 188; /note="N-linked (GlcNAc...) asparagine"; /evidence="ECO:0000255"; CARBOHYD 224; /note="N-linked (GlcNAc...) asparagine"; /evidence="ECO:0000255"; CARBOHYD 481; /note="N-linked (GlcNAc...) asparagine"; /evidence="ECO:0000255"; CARBOHYD 500; /note="N-linked (GlcNAc...) asparagine"; /evidence="ECO:0000269|PubMed:16335952, ECO:0000269|PubMed:19159218"; CARBOHYD 583; /note="N-linked (GlcNAc...) asparagine"; /evidence="ECO:0000255"; CARBOHYD 696; /note="N-linked (GlcNAc...) asparagine"; /evidence="ECO:0000255"; CARBOHYD 736; /note="N-linked (GlcNAc...) asparagine"; /evidence="ECO:0000255"; CARBOHYD 802; /note="N-linked (GlcNAc...) asparagine"; /evidence="ECO:0000255"; CARBOHYD 965; /note="N-linked (GlcNAc...) asparagine"; /evidence="ECO:0000255"; CARBOHYD 1017; /note="N-linked (GlcNAc...) asparagine"; /evidence="ECO:0000255"; CARBOHYD 1060; /note="N-linked (GlcNAc...) asparagine"; /evidence="ECO:0000255"; CARBOHYD 1099; /note="N-linked (GlcNAc...) asparagine"; /evidence="ECO:0000255"; CARBOHYD 1118; /note="N-linked (GlcNAc...) asparagine"; /evidence="ECO:0000255"; CARBOHYD 1132; /note="N-linked (GlcNAc...) asparagine"; /evidence="ECO:0000255"; CARBOHYD 1237; /note="N-linked (GlcNAc...) asparagine"; /evidence="ECO:0000255"; CARBOHYD 1257; /note="N-linked (GlcNAc...) asparagine"; /evidence="ECO:0000255"	
P04085	PDGFA PDGF1	CARBOHYD 134; /note="N-linked (GlcNAc...) asparagine"; /evidence="ECO:0000255"	
Q03405	PLAUR MO3 UPAR	CARBOHYD 74; /note="N-linked (GlcNAc...) asparagine"; /evidence="ECO:0000269|PubMed:15861141, ECO:0000269|PubMed:16456079, ECO:0000269|PubMed:22285761"; CARBOHYD 184; /note="N-linked (GlcNAc...) asparagine"; /evidence="ECO:0000269|PubMed:15861141"; CARBOHYD 194; /note="N-linked (GlcNAc...) asparagine"; /evidence="ECO:0000269|PubMed:15861141, ECO:0000269|PubMed:16456079"; CARBOHYD 222; /note="N-linked (GlcNAc...) asparagine"; /evidence="ECO:0000269|PubMed:22285761"; CARBOHYD 255; /note="N-linked (GlcNAc...) asparagine"; /evidence="ECO:0000269|PubMed:15861141"	LIPID 305; /note="GPI-anchor amidated glycine"; /evidence="ECO:0000255"
P23468	PTPRD	CARBOHYD 254; /note="N-linked (GlcNAc...) asparagine"; /evidence="ECO:0000255"; CARBOHYD 299; /note="N-linked (GlcNAc...) asparagine"; /evidence="ECO:0000255"; CARBOHYD 724; /note="N-linked (GlcNAc...) asparagine"; /evidence="ECO:0000255"; CARBOHYD 832; /note="N-linked (GlcNAc...) asparagine"; /evidence="ECO:0000255"	
P40424	PBX1 PRL		
Q8NFJ6	PROKR2 GPR73L1 PKR2	CARBOHYD 7; /note="N-linked (GlcNAc...) asparagine"; /evidence="ECO:0000255"; CARBOHYD 27; /note="N-linked (GlcNAc...) asparagine"; /evidence="ECO:0000255"	
P07225	PROS1 PROS	CARBOHYD 499; /note="N-linked (GlcNAc...) asparagine"; CARBOHYD 509; /note="N-linked (GlcNAc...) asparagine"; /evidence="ECO:0000255"; CARBOHYD 530; /note="N-linked (GlcNAc...) asparagine"; /evidence="ECO:0000269|PubMed:16335952"	
P23467	PTPRB PTPB	CARBOHYD 28; /note="N-linked (GlcNAc...) asparagine"; /evidence="ECO:0000255"; CARBOHYD 53; /note="N-linked (GlcNAc...) asparagine"; /evidence="ECO:0000255"; CARBOHYD 75; /note="N-linked (GlcNAc...) asparagine"; /evidence="ECO:0000255"; CARBOHYD 172; /note="N-linked (GlcNAc...) asparagine"; /evidence="ECO:0000255"; CARBOHYD 198; /note="N-linked (GlcNAc...) asparagine"; /evidence="ECO:0000255"; CARBOHYD 267; /note="N-linked (GlcNAc...) asparagine"; /evidence="ECO:0000255"; CARBOHYD 321; /note="N-linked (GlcNAc...) asparagine"; /evidence="ECO:0000255"; CARBOHYD 414; /note="N-linked (GlcNAc...) asparagine"; /evidence="ECO:0000255"; CARBOHYD 421; /note="N-linked (GlcNAc...) asparagine"; /evidence="ECO:0000255"; CARBOHYD 479; /note="N-linked (GlcNAc...) asparagine"; /evidence="ECO:0000255"; CARBOHYD 544; /note="N-linked (GlcNAc...) asparagine"; /evidence="ECO:0000255"; CARBOHYD 574; /note="N-linked (GlcNAc...) asparagine"; /evidence="ECO:0000255"; CARBOHYD 598; /note="N-linked (GlcNAc...) asparagine"; /evidence="ECO:0000255"; CARBOHYD 652; /note="N-linked (GlcNAc...) asparagine"; /evidence="ECO:0000255"; CARBOHYD 721; /note="N-linked (GlcNAc...) asparagine"; /evidence="ECO:0000255"; CARBOHYD 829; /note="N-linked (GlcNAc...) asparagine"; /evidence="ECO:0000255"; CARBOHYD 1040; /note="N-linked (GlcNAc...) asparagine"; /evidence="ECO:0000255"; CARBOHYD 1096; /note="N-linked (GlcNAc...) asparagine"; /evidence="ECO:0000255"; CARBOHYD 1163; /note="N-linked (GlcNAc...) asparagine"; /evidence="ECO:0000255"; CARBOHYD 1185; /note="N-linked (GlcNAc...) asparagine"; /evidence="ECO:0000255"; CARBOHYD 1212; /note="N-linked (GlcNAc...) asparagine"; /evidence="ECO:0000255"; CARBOHYD 1274; /note="N-linked (GlcNAc...) asparagine"; /evidence="ECO:0000255"; CARBOHYD 1367; /note="N-linked (GlcNAc...) asparagine"; /evidence="ECO:0000255"; CARBOHYD 1470; /note="N-linked (GlcNAc...) asparagine"; /evidence="ECO:0000255"; CARBOHYD 1474; /note="N-linked (GlcNAc...) asparagine"; /evidence="ECO:0000255"; CARBOHYD 1518; /note="N-linked (GlcNAc...) asparagine"; /evidence="ECO:0000255"	
Q9ULL4	PLXNB3 KIAA1206 PLXN6	CARBOHYD 51; /note="N-linked (GlcNAc...) asparagine"; /evidence="ECO:0000255"; CARBOHYD 231; /note="N-linked (GlcNAc...) asparagine"; /evidence="ECO:0000255"; CARBOHYD 615; /note="N-linked (GlcNAc...) asparagine"; /evidence="ECO:0000255"; CARBOHYD 802; /note="N-linked (GlcNAc...) asparagine"; /evidence="ECO:0000255"; CARBOHYD 900; /note="N-linked (GlcNAc...) asparagine"; /evidence="ECO:0000255"; CARBOHYD 957; /note="N-linked (GlcNAc...) asparagine"; /evidence="ECO:0000255"; CARBOHYD 1101; /note="N-linked (GlcNAc...) asparagine"; /evidence="ECO:0000255"; CARBOHYD 1218; /note="N-linked (GlcNAc...) asparagine"; /evidence="ECO:0000255"	
O00592	PODXL PCLP PCLP1	CARBOHYD 33; /note="N-linked (GlcNAc...) asparagine"; /evidence="ECO:0000255"; CARBOHYD 43; /note="N-linked (GlcNAc...) asparagine"; /evidence="ECO:0000255"; CARBOHYD 104; /note="N-linked (GlcNAc...) asparagine"; /evidence="ECO:0000255"; CARBOHYD 144; /note="N-linked (GlcNAc...) asparagine"; /evidence="ECO:0000255"; CARBOHYD 360; /note="N-linked (GlcNAc...) asparagine"; /evidence="ECO:0000255"	
Q13635	PTCH1 PTCH	CARBOHYD 141; /note="N-linked (GlcNAc...) asparagine"; /evidence="ECO:0000269|PubMed:29954986, ECO:0000269|PubMed:31127104, ECO:0000269|PubMed:31548691, ECO:0000269|PubMed:31555730, ECO:0007744|PDB:6DMB, ECO:0007744|PDB:6DMO, ECO:0007744|PDB:6DMY, ECO:0007744|PDB:6N7G, ECO:0007744|PDB:6N7H, ECO:0007744|PDB:6N7K, ECO:0007744|PDB:6RMG, ECO:0007744|PDB:6RVD"; CARBOHYD 312; /note="N-linked (GlcNAc...) asparagine"; /evidence="ECO:0000269|PubMed:29954986, ECO:0000269|PubMed:31127104, ECO:0000269|PubMed:31548691, ECO:0000269|PubMed:31555730, ECO:0007744|PDB:6DMB, ECO:0007744|PDB:6DMO, ECO:0007744|PDB:6DMY, ECO:0007744|PDB:6N7G, ECO:0007744|PDB:6N7H, ECO:0007744|PDB:6N7K, ECO:0007744|PDB:6RMG, ECO:0007744|PDB:6RTW, ECO:0007744|PDB:6RTX, ECO:0007744|PDB:6RTY, ECO:0007744|PDB:6RVD"; CARBOHYD 349; /note="N-linked (GlcNAc...) asparagine"; /evidence="ECO:0000269|PubMed:29954986, ECO:0000269|PubMed:31127104, ECO:0000269|PubMed:31548691, ECO:0000269|PubMed:31555730, ECO:0007744|PDB:6DMB, ECO:0007744|PDB:6DMO, ECO:0007744|PDB:6DMY, ECO:0007744|PDB:6N7G, ECO:0007744|PDB:6N7H, ECO:0007744|PDB:6N7K, ECO:0007744|PDB:6RMG, ECO:0007744|PDB:6RTW, ECO:0007744|PDB:6RTX, ECO:0007744|PDB:6RTY, ECO:0007744|PDB:6RVD"; CARBOHYD 414; /note="N-linked (GlcNAc...) asparagine"; /evidence="ECO:0000269|PubMed:29954986, ECO:0000269|PubMed:31127104, ECO:0000269|PubMed:31548691, ECO:0000269|PubMed:31555730, ECO:0007744|PDB:6DMB, ECO:0007744|PDB:6DMO, ECO:0007744|PDB:6DMY, ECO:0007744|PDB:6N7G, ECO:0007744|PDB:6N7H, ECO:0007744|PDB:6N7K, ECO:0007744|PDB:6RMG, ECO:0007744|PDB:6RTW, ECO:0007744|PDB:6RTY, ECO:0007744|PDB:6RVD"; CARBOHYD 875; /note="N-linked (GlcNAc...) asparagine"; /evidence="ECO:0000269|PubMed:29954986, ECO:0000269|PubMed:31127104, ECO:0000269|PubMed:31548691, ECO:0000269|PubMed:31555730, ECO:0007744|PDB:6DMB, ECO:0007744|PDB:6DMO, ECO:0007744|PDB:6DMY, ECO:0007744|PDB:6N7G, ECO:0007744|PDB:6N7H, ECO:0007744|PDB:6N7K, ECO:0007744|PDB:6RMG, ECO:0007744|PDB:6RVC, ECO:0007744|PDB:6RVD"; CARBOHYD 1000; /note="N-linked (GlcNAc...) asparagine"; /evidence="ECO:0000269|PubMed:31548691, ECO:0007744|PDB:6RVD"	
P51805	PLXNA3 PLXN4 SEX	CARBOHYD 59; /note="N-linked (GlcNAc...) asparagine"; /evidence="ECO:0000255"; CARBOHYD 548; /note="N-linked (GlcNAc...) asparagine"; /evidence="ECO:0000255"; CARBOHYD 637; /note="N-linked (GlcNAc...) asparagine"; /evidence="ECO:0000255"; CARBOHYD 738; /note="N-linked (GlcNAc...) asparagine"; /evidence="ECO:0000255"; CARBOHYD 746; /note="N-linked (GlcNAc...) asparagine"; /evidence="ECO:0000255"; CARBOHYD 1009; /note="N-linked (GlcNAc...) asparagine"; /evidence="ECO:0000255"; CARBOHYD 1036; /note="N-linked (GlcNAc...) asparagine"; /evidence="ECO:0000255"; CARBOHYD 1073; /note="N-linked (GlcNAc...) asparagine"; /evidence="ECO:0000255"; CARBOHYD 1115; /note="N-linked (GlcNAc...) asparagine"; /evidence="ECO:0000255"; CARBOHYD 1162; /note="N-linked (GlcNAc...) asparagine"; /evidence="ECO:0000255"	
P23470	PTPRG PTPG	CARBOHYD 109; /note="N-linked (GlcNAc...) asparagine"; /evidence="ECO:0000255"; CARBOHYD 113; /note="N-linked (GlcNAc...) asparagine"; /evidence="ECO:0000269|PubMed:16335952"; CARBOHYD 156; /note="N-linked (GlcNAc...) asparagine"; /evidence="ECO:0000255"; CARBOHYD 359; /note="N-linked (GlcNAc...) asparagine"; /evidence="ECO:0000255"; CARBOHYD 444; /note="N-linked (GlcNAc...) asparagine"; /evidence="ECO:0000269|PubMed:16335952"; CARBOHYD 619; /note="N-linked (GlcNAc...) asparagine"; /evidence="ECO:0000255"; CARBOHYD 631; /note="N-linked (GlcNAc...) asparagine"; /evidence="ECO:0000255"; CARBOHYD 722; /note="N-linked (GlcNAc...) asparagine"; /evidence="ECO:0000255"	
P10586	PTPRF LAR	CARBOHYD 117; /note="N-linked (GlcNAc...) asparagine"; /evidence="ECO:0000255"; CARBOHYD 250; /note="N-linked (GlcNAc...) asparagine"; /evidence="ECO:0000255"; CARBOHYD 295; /note="N-linked (GlcNAc...) asparagine"; /evidence="ECO:0000255"; CARBOHYD 721; /note="N-linked (GlcNAc...) asparagine"; /evidence="ECO:0000255"; CARBOHYD 966; /note="N-linked (GlcNAc...) asparagine"; /evidence="ECO:0000269|PubMed:16335952, ECO:0000269|PubMed:19349973"	
Q8NBP7	PCSK9 NARC1 PSEC0052	CARBOHYD 533; /note="N-linked (GlcNAc...) asparagine"; /evidence="ECO:0000269|PubMed:16912035"	
Q9NZ53	PODXL2 UNQ1861/PRO3742	CARBOHYD 79; /note="O-linked (Xyl...) (chondroitin sulfate) serine"; /evidence="ECO:0000269|PubMed:12889478"; CARBOHYD 144; /note="O-linked (GalNAc...) serine"; /evidence="ECO:0000269|PubMed:23234360"; CARBOHYD 193; /note="N-linked (GlcNAc...) asparagine"; /evidence="ECO:0000255"; CARBOHYD 395; /note="N-linked (GlcNAc...) asparagine"; /evidence="ECO:0000255"	
Q9UKY0	PRND DPL UNQ1830/PRO3443	CARBOHYD 43; /note="O-linked (GalNAc...) threonine"; /evidence="ECO:0000269|PubMed:12200435"; CARBOHYD 98; /note="N-linked (GlcNAc...) asparagine"; /evidence="ECO:0000305|PubMed:12200435"; CARBOHYD 110; /note="N-linked (GlcNAc...) asparagine"; /evidence="ECO:0000305|PubMed:12200435"	LIPID 152; /note="GPI-anchor amidated glycine"; /evidence="ECO:0000255"
P01127	PDGFB PDGF2 SIS	CARBOHYD 63; /note="N-linked (GlcNAc...) asparagine"; /evidence="ECO:0000255"	
O95428	PAPLN UNQ2420/PRO4977		
Q9Y5Y4	PTGDR2 CRTH2 DL1R GPR44	CARBOHYD 4; /note="N-linked (GlcNAc...) asparagine"; /evidence="ECO:0000255"; CARBOHYD 25; /note="N-linked (GlcNAc...) asparagine"; /evidence="ECO:0000255"	
P28827	PTPRM PTPRL1	CARBOHYD 72; /note="N-linked (GlcNAc...) asparagine"; /evidence="ECO:0000255"; CARBOHYD 92; /note="N-linked (GlcNAc...) asparagine"; /evidence="ECO:0000255"; CARBOHYD 131; /note="N-linked (GlcNAc...) asparagine"; /evidence="ECO:0000269|PubMed:16335952"; CARBOHYD 249; /note="N-linked (GlcNAc...) asparagine"; /evidence="ECO:0000255"; CARBOHYD 406; /note="N-linked (GlcNAc...) asparagine"; /evidence="ECO:0000269|PubMed:17761881, ECO:0007744|PDB:2V5Y"; CARBOHYD 414; /note="N-linked (GlcNAc...) asparagine"; /evidence="ECO:0000269|PubMed:17761881, ECO:0007744|PDB:2V5Y"; CARBOHYD 454; /note="N-linked (GlcNAc...) asparagine"; /evidence="ECO:0000269|PubMed:17761881, ECO:0007744|PDB:2V5Y"; CARBOHYD 534; /note="N-linked (GlcNAc...) asparagine"; /evidence="ECO:0000255"; CARBOHYD 544; /note="N-linked (GlcNAc...) asparagine"; /evidence="ECO:0000269|PubMed:17761881, ECO:0007744|PDB:2V5Y"; CARBOHYD 598; /note="N-linked (GlcNAc...) asparagine"; /evidence="ECO:0000255"; CARBOHYD 651; /note="N-linked (GlcNAc...) asparagine"; /evidence="ECO:0000255"; CARBOHYD 681; /note="N-linked (GlcNAc...) asparagine"; /evidence="ECO:0000255"	
P49763	PGF PGFL PLGF	CARBOHYD 33; /note="N-linked (GlcNAc...) asparagine"; /evidence="ECO:0000255"; CARBOHYD 101; /note="N-linked (GlcNAc...) asparagine"; /evidence="ECO:0000255"	
P21246	PTN HBNF1 NEGF1		
Q9UIW2	PLXNA1 NOV PLXN1	CARBOHYD 77; /note="N-linked (GlcNAc...) asparagine"; /evidence="ECO:0000269|PubMed:19349973"; CARBOHYD 660; /note="N-linked (GlcNAc...) asparagine"; /evidence="ECO:0000255"; CARBOHYD 672; /note="N-linked (GlcNAc...) asparagine"; /evidence="ECO:0000255"; CARBOHYD 701; /note="N-linked (GlcNAc...) asparagine"; /evidence="ECO:0000255"; CARBOHYD 1043; /note="N-linked (GlcNAc...) asparagine"; /evidence="ECO:0000269|PubMed:19349973"; CARBOHYD 1187; /note="N-linked (GlcNAc...) asparagine"; /evidence="ECO:0000255"; CARBOHYD 1212; /note="N-linked (GlcNAc...) asparagine"; /evidence="ECO:0000255"	
P16234	PDGFRA PDGFR2 RHEPDGFRA	CARBOHYD 42; /note="N-linked (GlcNAc...) asparagine"; /evidence="ECO:0000255"; CARBOHYD 76; /note="N-linked (GlcNAc...) asparagine"; /evidence="ECO:0000255"; CARBOHYD 103; /note="N-linked (GlcNAc...) asparagine"; /evidence="ECO:0000255"; CARBOHYD 179; /note="N-linked (GlcNAc...) asparagine"; /evidence="ECO:0000255"; CARBOHYD 353; /note="N-linked (GlcNAc...) asparagine"; /evidence="ECO:0000255"; CARBOHYD 359; /note="N-linked (GlcNAc...) asparagine"; /evidence="ECO:0000255"; CARBOHYD 458; /note="N-linked (GlcNAc...) asparagine"; /evidence="ECO:0000255"; CARBOHYD 468; /note="N-linked (GlcNAc...) asparagine"; /evidence="ECO:0000255"	
P09619	PDGFRB PDGFR PDGFR1	CARBOHYD 45; /note="N-linked (GlcNAc...) asparagine"; /evidence="ECO:0000255"; CARBOHYD 89; /note="N-linked (GlcNAc...) asparagine"; /evidence="ECO:0000269|PubMed:20534510"; CARBOHYD 103; /note="N-linked (GlcNAc...) asparagine"; /evidence="ECO:0000269|PubMed:20534510"; CARBOHYD 215; /note="N-linked (GlcNAc...) asparagine"; /evidence="ECO:0000269|PubMed:20534510"; CARBOHYD 230; /note="N-linked (GlcNAc...) asparagine"; /evidence="ECO:0000269|PubMed:20534510"; CARBOHYD 292; /note="N-linked (GlcNAc...) asparagine"; /evidence="ECO:0000269|PubMed:20534510"; CARBOHYD 307; /note="N-linked (GlcNAc...) asparagine"; /evidence="ECO:0000269|PubMed:20534510"; CARBOHYD 354; /note="N-linked (GlcNAc...) asparagine"; /evidence="ECO:0000255"; CARBOHYD 371; /note="N-linked (GlcNAc...) asparagine"; /evidence="ECO:0000255"; CARBOHYD 468; /note="N-linked (GlcNAc...) asparagine"; /evidence="ECO:0000255"; CARBOHYD 479; /note="N-linked (GlcNAc...) asparagine"; /evidence="ECO:0000255"	
P49683	PRLHR GPR10 GR3	CARBOHYD 27; /note="N-linked (GlcNAc...) asparagine"; /evidence="ECO:0000255"; CARBOHYD 36; /note="N-linked (GlcNAc...) asparagine"; /evidence="ECO:0000255"	
Q03431	PTH1R PTHR PTHR1	CARBOHYD 151; /note="N-linked (GlcNAc...) asparagine"; /evidence="ECO:0000255"; CARBOHYD 161; /note="N-linked (GlcNAc...) asparagine"; /evidence="ECO:0000255"; CARBOHYD 166; /note="N-linked (GlcNAc...) asparagine"; /evidence="ECO:0000255"; CARBOHYD 176; /note="N-linked (GlcNAc...) asparagine"; /evidence="ECO:0000255"	
P48651	PTDSS1 KIAA0024 PSSA		
O00264	PGRMC1 HPR6.6 PGRMC		
P18433	PTPRA PTPA PTPRL2	CARBOHYD 21; /note="N-linked (GlcNAc...) asparagine"; /evidence="ECO:0000255"; CARBOHYD 36; /note="N-linked (GlcNAc...) asparagine"; /evidence="ECO:0000255"; CARBOHYD 68; /note="N-linked (GlcNAc...) asparagine"; /evidence="ECO:0000255"; CARBOHYD 80; /note="N-linked (GlcNAc...) asparagine"; /evidence="ECO:0000255"; CARBOHYD 86; /note="N-linked (GlcNAc...) asparagine"; /evidence="ECO:0000255"; CARBOHYD 104; /note="N-linked (GlcNAc...) asparagine"; /evidence="ECO:0000255"; CARBOHYD 124; /note="N-linked (GlcNAc...) asparagine"; /evidence="ECO:0000255"	
P07602	PSAP GLBA SAP1	CARBOHYD 80; /note="N-linked (GlcNAc...) asparagine"; /evidence="ECO:0000255|PROSITE-ProRule:PRU00415, ECO:0000269|PubMed:19159218, ECO:0000269|PubMed:19167329, ECO:0000269|PubMed:2842863"; CARBOHYD 101; /note="N-linked (GlcNAc...) asparagine"; /evidence="ECO:0000255|PROSITE-ProRule:PRU00415, ECO:0000269|PubMed:19159218, ECO:0000269|PubMed:19167329, ECO:0000269|PubMed:2842863"; CARBOHYD 215; /note="N-linked (GlcNAc...) (complex) asparagine"; /evidence="ECO:0000255|PROSITE-ProRule:PRU00415, ECO:0000269|PubMed:11180632, ECO:0000269|PubMed:19167329"; /id="CAR_000176"; CARBOHYD 332; /note="N-linked (GlcNAc...) asparagine"; /evidence="ECO:0000255|PROSITE-ProRule:PRU00415, ECO:0000269|PubMed:19159218, ECO:0000269|PubMed:19167329"; CARBOHYD 426; /note="N-linked (GlcNAc...) asparagine"; /evidence="ECO:0000255|PROSITE-ProRule:PRU00415, ECO:0000269|PubMed:19159218, ECO:0000269|PubMed:19167329"	
P02775	PPBP CTAP3 CXCL7 SCYB7 TGB1 THBGB1		
Q9NRA1	PDGFC SCDGF UNQ174/PRO200	CARBOHYD 25; /note="N-linked (GlcNAc...) asparagine"; /evidence="ECO:0000255"; CARBOHYD 55; /note="N-linked (GlcNAc...) asparagine"; /evidence="ECO:0000250"	
O43157	PLXNB1 KIAA0407 PLXN5 SEP	CARBOHYD 31; /note="N-linked (GlcNAc...) asparagine"; /evidence="ECO:0000255"; CARBOHYD 334; /note="N-linked (GlcNAc...) asparagine"; /evidence="ECO:0000255"; CARBOHYD 543; /note="N-linked (GlcNAc...) asparagine"; /evidence="ECO:0000255"; CARBOHYD 1183; /note="N-linked (GlcNAc...) asparagine"; /evidence="ECO:0000255"; CARBOHYD 1253; /note="N-linked (GlcNAc...) asparagine"; /evidence="ECO:0000269|PubMed:16335952, ECO:0000269|PubMed:19159218, ECO:0000269|PubMed:19349973"; CARBOHYD 1330; /note="N-linked (GlcNAc...) asparagine"; /evidence="ECO:0000269|PubMed:19159218"	
Q9Y6C5	PTCH2 UNQ560/PRO1121/PRO57079	CARBOHYD 370; /note="N-linked (GlcNAc...) asparagine"; /evidence="ECO:0000255"; CARBOHYD 812; /note="N-linked (GlcNAc...) asparagine"; /evidence="ECO:0000255"	
P49768	PSEN1 AD3 PS1 PSNL1		
Q92729	PTPRU FMI PCP2 PTPRO	CARBOHYD 75; /note="N-linked (GlcNAc...) asparagine"; /evidence="ECO:0000255"; CARBOHYD 410; /note="N-linked (GlcNAc...) asparagine"; /evidence="ECO:0000255"; CARBOHYD 685; /note="N-linked (GlcNAc...) asparagine"; /evidence="ECO:0000255"	
P04070	PROC	CARBOHYD 19; /note="O-linked (GalNAc...) threonine"; /evidence="ECO:0000269|PubMed:22171320"; CARBOHYD 139; /note="N-linked (GlcNAc...) asparagine"; CARBOHYD 290; /note="N-linked (GlcNAc...) asparagine"; /evidence="ECO:0000269|PubMed:16335952, ECO:0000269|PubMed:2991887"; CARBOHYD 355; /note="N-linked (GlcNAc...) asparagine"; /evidence="ECO:0000269|PubMed:2991887"; CARBOHYD 371; /note="N-linked (GlcNAc...) asparagine; atypical; partial"; /evidence="ECO:0000269|PubMed:1694179, ECO:0000269|PubMed:2991887"	
P01270	PTH		
Q9Y3E5	PTRH2 BIT1 PTH2 CGI-147		
P23471	PTPRZ1 HTPZP2 PTPRZ PTPRZ2 PTPZ	CARBOHYD 105; /note="N-linked (GlcNAc...) asparagine"; /evidence="ECO:0000269|PubMed:16335952"; CARBOHYD 134; /note="N-linked (GlcNAc...) asparagine"; /evidence="ECO:0000255"; CARBOHYD 223; /note="N-linked (GlcNAc...) asparagine"; /evidence="ECO:0000255"; CARBOHYD 232; /note="N-linked (GlcNAc...) asparagine"; /evidence="ECO:0000255"; CARBOHYD 324; /note="N-linked (GlcNAc...) asparagine"; /evidence="ECO:0000255"; CARBOHYD 381; /note="N-linked (GlcNAc...) asparagine"; /evidence="ECO:0000255"; CARBOHYD 497; /note="N-linked (GlcNAc...) asparagine"; /evidence="ECO:0000255"; CARBOHYD 501; /note="N-linked (GlcNAc...) asparagine"; /evidence="ECO:0000255"; CARBOHYD 552; /note="N-linked (GlcNAc...) asparagine"; /evidence="ECO:0000255"; CARBOHYD 587; /note="O-linked (Xyl...) (chondroitin sulfate) serine"; /evidence="ECO:0000255"; CARBOHYD 602; /note="N-linked (GlcNAc...) asparagine"; /evidence="ECO:0000255"; CARBOHYD 629; /note="N-linked (GlcNAc...) asparagine"; /evidence="ECO:0000255"; CARBOHYD 637; /note="O-linked (Xyl...) (chondroitin sulfate) serine; alternate"; /evidence="ECO:0000255"; CARBOHYD 677; /note="N-linked (GlcNAc...) asparagine"; /evidence="ECO:0000255"; CARBOHYD 997; /note="O-linked (Xyl...) (chondroitin sulfate) serine"; /evidence="ECO:0000255"; CARBOHYD 1017; /note="N-linked (GlcNAc...) asparagine"; /evidence="ECO:0000255"; CARBOHYD 1050; /note="N-linked (GlcNAc...) asparagine"; /evidence="ECO:0000255"; CARBOHYD 1082; /note="N-linked (GlcNAc...) asparagine"; /evidence="ECO:0000255"; CARBOHYD 1122; /note="N-linked (GlcNAc...) asparagine"; /evidence="ECO:0000255"; CARBOHYD 1457; /note="N-linked (GlcNAc...) asparagine"; /evidence="ECO:0000255"; CARBOHYD 1549; /note="O-linked (Xyl...) (chondroitin sulfate) serine"; /evidence="ECO:0000255"; CARBOHYD 1551; /note="O-linked (Xyl...) (chondroitin sulfate) serine"; /evidence="ECO:0000255"; CARBOHYD 1562; /note="N-linked (GlcNAc...) asparagine"; /evidence="ECO:0000255"; CARBOHYD 1618; /note="N-linked (GlcNAc...) asparagine"; /evidence="ECO:0000255"	
P12273	PIP GCDFP15 GPIP4	CARBOHYD 105; /note="N-linked (GlcNAc...) asparagine"; /evidence="ECO:0000269|PubMed:16740002, ECO:0000269|PubMed:18780401, ECO:0000269|PubMed:18930737, ECO:0000269|PubMed:2013294"	
P14618	PKM OIP3 PK2 PK3 PKM2		
Q9GZP0	PDGFD IEGF SCDGFB MSTP036 UNQ1899/PRO4345	CARBOHYD 276; /note="N-linked (GlcNAc...) asparagine"; /evidence="ECO:0000255"	
O75051	PLXNA2 KIAA0463 OCT PLXN2 UNQ209/PRO235	CARBOHYD 76; /note="N-linked (GlcNAc...) asparagine"; CARBOHYD 91; /note="N-linked (GlcNAc...) asparagine"; /evidence="ECO:0000255"; CARBOHYD 327; /note="N-linked (GlcNAc...) asparagine"; /evidence="ECO:0000255"; CARBOHYD 598; /note="N-linked (GlcNAc...) asparagine"; /evidence="ECO:0000255"; CARBOHYD 696; /note="N-linked (GlcNAc...) asparagine"; /evidence="ECO:0000255"; CARBOHYD 756; /note="N-linked (GlcNAc...) asparagine"; /evidence="ECO:0000255"; CARBOHYD 1205; /note="N-linked (GlcNAc...) asparagine"; /evidence="ECO:0000255"	
Q9HCM2	PLXNA4 KIAA1550 PLXNA4A PLXNA4B UNQ2820/PRO34003	CARBOHYD 655; /note="N-linked (GlcNAc...) asparagine"; /evidence="ECO:0000255"; CARBOHYD 1007; /note="N-linked (GlcNAc...) asparagine"; /evidence="ECO:0000255"; CARBOHYD 1132; /note="N-linked (GlcNAc...) asparagine"; /evidence="ECO:0000255"; CARBOHYD 1180; /note="N-linked (GlcNAc...) asparagine"; /evidence="ECO:0000255"	
Q9NZJ7	MTCH1 PSAP CGI-64 UNQ1871/PRO4314		
Q8IWL1	SFTPA2 COLEC5 PSAP SFTP1 SFTPA SFTPA2B	CARBOHYD 207; /note="N-linked (GlcNAc...) asparagine"; /evidence="ECO:0000305"	
Q8IWL2	SFTPA1 COLEC4 PSAP SFTP1 SFTPA SFTPA1B	CARBOHYD 207; /note="N-linked (GlcNAc...) asparagine"; /evidence="ECO:0000305"	
O60542	PSPN		
P81277	PRLH PRH		
Q13442	PDAP1 HASPP28		
Q8TCW9	PROKR1 GPR73 PKR1	CARBOHYD 11; /note="N-linked (GlcNAc...) asparagine"; /evidence="ECO:0000255"; CARBOHYD 14; /note="N-linked (GlcNAc...) asparagine"; /evidence="ECO:0000255"; CARBOHYD 36; /note="N-linked (GlcNAc...) asparagine"; /evidence="ECO:0000255"	
P58294	PROK1 UNQ600/PRO1186		
Q96A98	PTH2 TIP39 TIPF39		
O95084	PRSS23 ZSIG13 UNQ270/PRO307	CARBOHYD 93; /note="N-linked (GlcNAc...) asparagine"; /evidence="ECO:0000255"; CARBOHYD 207; /note="N-linked (GlcNAc...) asparagine"; /evidence="ECO:0000255"	
Q9HBL7	PLGRKT C9orf46 AD025 MDS030		
Q1RN00	NECTIN3-AS1 PVRL3-AS1		
P04090	RLN2		
P0DJI8	SAA1		
P10082	PYY		
Q14242	SELPLG	CARBOHYD 57; /note="O-linked (GalNAc...) threonine"; /evidence="ECO:0000269|PubMed:11081633"; CARBOHYD 65; /note="N-linked (GlcNAc...) asparagine"; /evidence="ECO:0000255"; CARBOHYD 111; /note="N-linked (GlcNAc...) asparagine"; /evidence="ECO:0000255"; CARBOHYD 302; /note="N-linked (GlcNAc...) asparagine"; /evidence="ECO:0000255"	
Q9NX52	RHBDL2		
P09683	SCT		
P10153	RNASE2 EDN RNS2	CARBOHYD 34; /note="C-linked (Man) tryptophan"; /evidence="ECO:0000269|PubMed:7947762, ECO:0000269|PubMed:9450956"; /id="CAR_000004"; CARBOHYD 44; /note="N-linked (GlcNAc...) asparagine"; CARBOHYD 86; /note="N-linked (GlcNAc...) asparagine"; CARBOHYD 92; /note="N-linked (GlcNAc...) asparagine"; CARBOHYD 111; /note="N-linked (GlcNAc...) asparagine"; CARBOHYD 119; /note="N-linked (GlcNAc...) asparagine"	
Q6NW40	RGMB	CARBOHYD 120; /note="N-linked (GlcNAc...) asparagine"; /evidence="ECO:0000255"; CARBOHYD 383; /note="N-linked (GlcNAc...) asparagine"; /evidence="ECO:0000255"	LIPID 413; /note="GPI-anchor amidated asparagine"; /evidence="ECO:0000255"
O60896	RAMP3	CARBOHYD 29; /note="N-linked (GlcNAc...) asparagine"; /evidence="ECO:0000255"; CARBOHYD 58; /note="N-linked (GlcNAc...) asparagine"; /evidence="ECO:0000255"; CARBOHYD 71; /note="N-linked (GlcNAc...) asparagine"; /evidence="ECO:0000255"; CARBOHYD 103; /note="N-linked (GlcNAc...) asparagine"; /evidence="ECO:0000255"	
Q13275	SEMA3F	CARBOHYD 53; /note="N-linked (GlcNAc...) asparagine"; /evidence="ECO:0000255"; CARBOHYD 126; /note="N-linked (GlcNAc...) asparagine"; /evidence="ECO:0000255"	
Q96MS0	ROBO3	CARBOHYD 25; /note="N-linked (GlcNAc...) asparagine"; /evidence="ECO:0000255"; CARBOHYD 34; /note="N-linked (GlcNAc...) asparagine"; /evidence="ECO:0000255"; CARBOHYD 41; /note="N-linked (GlcNAc...) asparagine"; /evidence="ECO:0000255"; CARBOHYD 53; /note="N-linked (GlcNAc...) asparagine"; /evidence="ECO:0000255"; CARBOHYD 156; /note="N-linked (GlcNAc...) asparagine"; /evidence="ECO:0000255"; CARBOHYD 410; /note="N-linked (GlcNAc...) asparagine"; /evidence="ECO:0000255"; CARBOHYD 459; /note="N-linked (GlcNAc...) asparagine"; /evidence="ECO:0000255"; CARBOHYD 503; /note="N-linked (GlcNAc...) asparagine"; /evidence="ECO:0000255"; CARBOHYD 784; /note="N-linked (GlcNAc...) asparagine"; /evidence="ECO:0000255"; CARBOHYD 813; /note="N-linked (GlcNAc...) asparagine"; /evidence="ECO:0000255"; CARBOHYD 820; /note="N-linked (GlcNAc...) asparagine"; /evidence="ECO:0000255"	
O60895	RAMP2	CARBOHYD 130; /note="N-linked (GlcNAc...) asparagine"; /evidence="ECO:0000255"	
Q9H228	S1PR5 EDG8	CARBOHYD 20; /note="N-linked (GlcNAc...) asparagine"; /evidence="ECO:0000255"	LIPID 323; /note="S-palmitoyl cysteine"; /evidence="ECO:0000250"
Q2MKA7	RSPO1	CARBOHYD 137; /note="N-linked (GlcNAc...) asparagine"; /evidence="ECO:0000269|PubMed:27123103"; CARBOHYD 153; /note="C-linked (Man) tryptophan"; /evidence="ECO:0000269|PubMed:26764097"; CARBOHYD 156; /note="C-linked (Man) tryptophan"; /evidence="ECO:0000269|PubMed:26764097"	
O60894	RAMP1		
P10745	RBP3	CARBOHYD 205; /note="N-linked (GlcNAc...) asparagine"; /evidence="ECO:0000255"; CARBOHYD 515; /note="N-linked (GlcNAc...) asparagine"; /evidence="ECO:0000255"	
P00797	REN	CARBOHYD 71; /note="N-linked (GlcNAc...) asparagine"; /evidence="ECO:0000269|PubMed:2493678"; CARBOHYD 141; /note="N-linked (GlcNAc...) asparagine"; /evidence="ECO:0000269|PubMed:2493678"	
P31431	SDC4	CARBOHYD 39; /note="O-linked (Xyl...) (glycosaminoglycan) serine"; /evidence="ECO:0000250|UniProtKB:P34901"; CARBOHYD 61; /note="O-linked (Xyl...) (glycosaminoglycan) serine"; /evidence="ECO:0000250|UniProtKB:P34901"; CARBOHYD 63; /note="O-linked (Xyl...) (glycosaminoglycan) serine"; /evidence="ECO:0000250|UniProtKB:P34901"; CARBOHYD 95; /note="O-linked (Xyl...) (chondroitin sulfate) serine"; /evidence="ECO:0000269|PubMed:32337544, ECO:0000269|PubMed:36213313"	
P05543	SERPINA7 TBG	CARBOHYD 36; /note="N-linked (GlcNAc...) (complex) asparagine"; /evidence="ECO:0000269|PubMed:16335952, ECO:0000269|PubMed:19838169"; CARBOHYD 99; /note="N-linked (GlcNAc...) asparagine"; CARBOHYD 116; /note="N-linked (GlcNAc...) asparagine; in variant Gary"; /evidence="ECO:0000305"; CARBOHYD 165; /note="N-linked (GlcNAc...) asparagine"; /evidence="ECO:0000269|PubMed:16335952"; CARBOHYD 253; /note="N-linked (GlcNAc...) asparagine"	
P78509	RELN	CARBOHYD 140; /note="N-linked (GlcNAc...) asparagine"; /evidence="ECO:0000255"; CARBOHYD 257; /note="N-linked (GlcNAc...) asparagine"; /evidence="ECO:0000255"; CARBOHYD 289; /note="N-linked (GlcNAc...) asparagine"; /evidence="ECO:0000255"; CARBOHYD 305; /note="N-linked (GlcNAc...) asparagine"; /evidence="ECO:0000269|PubMed:19159218"; CARBOHYD 628; /note="N-linked (GlcNAc...) asparagine"; /evidence="ECO:0000255"; CARBOHYD 1266; /note="N-linked (GlcNAc...) asparagine"; /evidence="ECO:0000255"; CARBOHYD 1599; /note="N-linked (GlcNAc...) asparagine"; /evidence="ECO:0000255"; CARBOHYD 1749; /note="N-linked (GlcNAc...) asparagine"; /evidence="ECO:0000255"; CARBOHYD 1920; /note="N-linked (GlcNAc...) asparagine"; /evidence="ECO:0000269|PubMed:19159218"; CARBOHYD 2144; /note="N-linked (GlcNAc...) asparagine"; /evidence="ECO:0000255"; CARBOHYD 2268; /note="N-linked (GlcNAc...) asparagine"; /evidence="ECO:0000255"; CARBOHYD 2316; /note="N-linked (GlcNAc...) asparagine"; /evidence="ECO:0000255"; CARBOHYD 2568; /note="N-linked (GlcNAc...) asparagine"; /evidence="ECO:0000255"; CARBOHYD 2961; /note="N-linked (GlcNAc...) asparagine"; /evidence="ECO:0000255"; CARBOHYD 3015; /note="N-linked (GlcNAc...) asparagine"; /evidence="ECO:0000269|PubMed:19159218"; CARBOHYD 3072; /note="N-linked (GlcNAc...) asparagine"; /evidence="ECO:0000255"; CARBOHYD 3184; /note="N-linked (GlcNAc...) asparagine"; /evidence="ECO:0000255"; CARBOHYD 3411; /note="N-linked (GlcNAc...) asparagine"; /evidence="ECO:0000255"; CARBOHYD 3438; /note="N-linked (GlcNAc...) asparagine"; /evidence="ECO:0000255"	
P47872	SCTR	CARBOHYD 72; /note="N-linked (GlcNAc...) asparagine"; /evidence="ECO:0000255"; CARBOHYD 100; /note="N-linked (GlcNAc...) asparagine"; /evidence="ECO:0000255"; CARBOHYD 106; /note="N-linked (GlcNAc...) asparagine"; /evidence="ECO:0000255"; CARBOHYD 128; /note="N-linked (GlcNAc...) asparagine"; /evidence="ECO:0000255"; CARBOHYD 291; /note="N-linked (GlcNAc...) asparagine"; /evidence="ECO:0000255"	
Q96NY8	NECTIN4 LNIR PRR4 PVRL4	CARBOHYD 281; /note="N-linked (GlcNAc...) asparagine"; /evidence="ECO:0000255"	
Q99969	RARRES2 TIG2		
O95977	S1PR4 EDG6	CARBOHYD 2; /note="N-linked (GlcNAc...) asparagine"; /evidence="ECO:0000255"; CARBOHYD 30; /note="N-linked (GlcNAc...) asparagine"; /evidence="ECO:0000255"	LIPID 323; /note="S-palmitoyl cysteine"; /evidence="ECO:0000250"
Q14524	SCN5A	CARBOHYD 214; /note="N-linked (GlcNAc...) asparagine"; /evidence="ECO:0000255"; CARBOHYD 283; /note="N-linked (GlcNAc...) asparagine"; /evidence="ECO:0000269|PubMed:33712541, ECO:0000269|PubMed:40768348, ECO:0007744|PDB:7DTC, ECO:0007744|PDB:9ITH"; CARBOHYD 288; /note="N-linked (GlcNAc...) asparagine"; /evidence="ECO:0000269|PubMed:33712541, ECO:0000269|PubMed:40768348, ECO:0007744|PDB:7DTC, ECO:0007744|PDB:9ITH"; CARBOHYD 291; /note="N-linked (GlcNAc...) asparagine"; /evidence="ECO:0000269|PubMed:33712541, ECO:0000269|PubMed:40768348, ECO:0007744|PDB:7DTC, ECO:0007744|PDB:9ITH"; CARBOHYD 318; /note="N-linked (GlcNAc...) asparagine"; /evidence="ECO:0000269|PubMed:33712541, ECO:0000269|PubMed:40768348, ECO:0007744|PDB:7DTC, ECO:0007744|PDB:9ITH"; CARBOHYD 328; /note="N-linked (GlcNAc...) asparagine"; /evidence="ECO:0000269|PubMed:33712541, ECO:0000269|PubMed:40768348, ECO:0007744|PDB:7DTC, ECO:0007744|PDB:9ITH"; CARBOHYD 740; /note="N-linked (GlcNAc...) asparagine"; /evidence="ECO:0000255"; CARBOHYD 803; /note="N-linked (GlcNAc...) asparagine"; /evidence="ECO:0000255"; CARBOHYD 864; /note="N-linked (GlcNAc...) asparagine"; /evidence="ECO:0000255"; CARBOHYD 1365; /note="N-linked (GlcNAc...) asparagine"; /evidence="ECO:0000269|PubMed:33712541, ECO:0000269|PubMed:40768348, ECO:0007744|PDB:7DTC, ECO:0007744|PDB:9ITH"; CARBOHYD 1374; /note="N-linked (GlcNAc...) asparagine"; /evidence="ECO:0000269|PubMed:33712541, ECO:0000269|PubMed:40768348, ECO:0007744|PDB:7DTC, ECO:0007744|PDB:9ITH"; CARBOHYD 1380; /note="N-linked (GlcNAc...) asparagine"; /evidence="ECO:0000269|PubMed:33712541, ECO:0000269|PubMed:40768348, ECO:0007744|PDB:7DTC, ECO:0007744|PDB:9ITH"; CARBOHYD 1388; /note="N-linked (GlcNAc...) asparagine"; /evidence="ECO:0000269|PubMed:33712541, ECO:0000269|PubMed:40768348, ECO:0007744|PDB:7DTC, ECO:0007744|PDB:9ITH"; CARBOHYD 1736; /note="N-linked (GlcNAc...) asparagine"; /evidence="ECO:0000255"	
Q2I0M5	RSPO4 C20orf182	CARBOHYD 34; /note="N-linked (GlcNAc...) asparagine"; /evidence="ECO:0000255"	
P16581	SELE ELAM1	CARBOHYD 25; /note="N-linked (GlcNAc...) asparagine"; /evidence="ECO:0000269|PubMed:26117840, ECO:0007744|PDB:4C16, ECO:0007744|PDB:4CSY"; CARBOHYD 145; /note="N-linked (GlcNAc...) asparagine"; /evidence="ECO:0000269|PubMed:26117840, ECO:0007744|PDB:4C16, ECO:0007744|PDB:4CSY"; CARBOHYD 160; /note="N-linked (GlcNAc...) asparagine"; /evidence="ECO:0000269|PubMed:26117840, ECO:0007744|PDB:4C16, ECO:0007744|PDB:4CSY"; CARBOHYD 179; /note="N-linked (GlcNAc...) asparagine"; /evidence="ECO:0000269|PubMed:26117840, ECO:0007744|PDB:4C16, ECO:0007744|PDB:4CSY"; CARBOHYD 199; /note="N-linked (GlcNAc...) asparagine"; /evidence="ECO:0000269|PubMed:26117840, ECO:0007744|PDB:4C16, ECO:0007744|PDB:4CSY"; CARBOHYD 203; /note="N-linked (GlcNAc...) asparagine"; /evidence="ECO:0000269|PubMed:26117840, ECO:0007744|PDB:4C16, ECO:0007744|PDB:4CSY"; CARBOHYD 265; /note="N-linked (GlcNAc...) asparagine"; /evidence="ECO:0000269|PubMed:26117840, ECO:0007744|PDB:4C16, ECO:0007744|PDB:4CSY"; CARBOHYD 312; /note="N-linked (GlcNAc...) asparagine"; /evidence="ECO:0000255"; CARBOHYD 332; /note="N-linked (GlcNAc...) asparagine"; /evidence="ECO:0000255"; CARBOHYD 503; /note="N-linked (GlcNAc...) asparagine"; /evidence="ECO:0000255"; CARBOHYD 527; /note="N-linked (GlcNAc...) asparagine"; /evidence="ECO:0000255"	
P06702	S100A9 CAGB CFAG MRP14		
O75056	SDC3 KIAA0468	CARBOHYD 80; /note="O-linked (Xyl...) (glycosaminoglycan) serine"; /evidence="ECO:0000255"; CARBOHYD 82; /note="O-linked (Xyl...) (glycosaminoglycan) serine"; /evidence="ECO:0000255"; CARBOHYD 84; /note="O-linked (Xyl...) (glycosaminoglycan) serine"; /evidence="ECO:0000255"; CARBOHYD 91; /note="O-linked (Xyl...) (glycosaminoglycan) serine"; /evidence="ECO:0000255"; CARBOHYD 108; /note="O-linked (GalNAc) serine; by GALNT13"; /evidence="ECO:0000269|PubMed:12407114"; CARBOHYD 109; /note="O-linked (GalNAc) threonine; by GALNT13"; /evidence="ECO:0000269|PubMed:12407114"; CARBOHYD 110; /note="O-linked (GalNAc) threonine; by GALNT13"; /evidence="ECO:0000269|PubMed:12407114"; CARBOHYD 160; /note="O-linked (GalNAc) serine; by GALNT13"; /evidence="ECO:0000269|PubMed:12407114"; CARBOHYD 161; /note="O-linked (GalNAc) threonine; by GALNT13"; /evidence="ECO:0000269|PubMed:12407114"; CARBOHYD 162; /note="O-linked (GalNAc) threonine; by GALNT13"; /evidence="ECO:0000269|PubMed:12407114"; CARBOHYD 169; /note="O-linked (GalNAc) threonine; by GALNT13"; /evidence="ECO:0000269|PubMed:12407114"; CARBOHYD 170; /note="O-linked (GalNAc) serine; by GALNT13"; /evidence="ECO:0000269|PubMed:12407114"; CARBOHYD 171; /note="O-linked (GalNAc) threonine; by GALNT13"; /evidence="ECO:0000269|PubMed:12407114"; CARBOHYD 314; /note="O-linked (Xyl...) (glycosaminoglycan) serine"; /evidence="ECO:0000255"; CARBOHYD 367; /note="O-linked (Xyl...) (glycosaminoglycan) serine"; /evidence="ECO:0000255"	
Q96P65	QRFPR GPR103	CARBOHYD 19; /note="N-linked (GlcNAc...) asparagine"; /evidence="ECO:0000255"	
Q9Y2J0	RPH3A KIAA0985		
P02753	RBP4 PRO2222		
Q01974	ROR2 NTRKR2	CARBOHYD 70; /note="N-linked (GlcNAc...) asparagine"; /evidence="ECO:0000255"; CARBOHYD 188; /note="N-linked (GlcNAc...) asparagine"; /evidence="ECO:0000255"; CARBOHYD 318; /note="N-linked (GlcNAc...) asparagine"; /evidence="ECO:0000255"	
Q96B86	RGMA RGM	CARBOHYD 114; /note="N-linked (GlcNAc...) asparagine"; /evidence="ECO:0000255"; CARBOHYD 159; /note="N-linked (GlcNAc...) asparagine"; /evidence="ECO:0000255"; CARBOHYD 389; /note="N-linked (GlcNAc...) asparagine"; /evidence="ECO:0000255"	LIPID 424; /note="GPI-anchor amidated alanine"; /evidence="ECO:0000255"
P18827	SDC1 SDC	CARBOHYD 37; /note="O-linked (Xyl...) (chondroitin sulfate) serine"; /evidence="ECO:0000250|UniProtKB:P18828"; CARBOHYD 43; /note="N-linked (GlcNAc...) asparagine"; /evidence="ECO:0000255"; CARBOHYD 45; /note="O-linked (Xyl...) (heparan sulfate) serine"; /evidence="ECO:0000250"; CARBOHYD 47; /note="O-linked (Xyl...) (heparan sulfate) serine"; /evidence="ECO:0000250"; CARBOHYD 206; /note="O-linked (Xyl...) (chondroitin sulfate) serine"; /evidence="ECO:0000269|PubMed:32337544, ECO:0000269|PubMed:36213313"; CARBOHYD 216; /note="O-linked (Xyl...) (chondroitin sulfate) serine"; /evidence="ECO:0000250|UniProtKB:P18828"	
Q9NTN9	SEMA4G KIAA1619	CARBOHYD 55; /note="N-linked (GlcNAc...) asparagine"; /evidence="ECO:0000255"; CARBOHYD 111; /note="N-linked (GlcNAc...) asparagine"; /evidence="ECO:0000255"; CARBOHYD 126; /note="N-linked (GlcNAc...) asparagine"; /evidence="ECO:0000255"; CARBOHYD 388; /note="N-linked (GlcNAc...) asparagine"; /evidence="ECO:0000255"; CARBOHYD 542; /note="N-linked (GlcNAc...) asparagine"; /evidence="ECO:0000255"; CARBOHYD 598; /note="N-linked (GlcNAc...) asparagine"; /evidence="ECO:0000255"	
P34741	SDC2 HSPG1	CARBOHYD 41; /note="O-linked (Xyl...) (glycosaminoglycan) serine"; /evidence="ECO:0000255"; CARBOHYD 55; /note="O-linked (Xyl...) (glycosaminoglycan) serine"; /evidence="ECO:0000255"; CARBOHYD 57; /note="O-linked (Xyl...) (glycosaminoglycan) serine"; /evidence="ECO:0000255"; CARBOHYD 101; /note="O-linked (GalNAc...) threonine"; /evidence="ECO:0000269|PubMed:22171320"	
Q14563	SEMA3A SEMAD	CARBOHYD 53; /note="N-linked (GlcNAc...) asparagine"; /evidence="ECO:0000255"; CARBOHYD 125; /note="N-linked (GlcNAc...) asparagine"; /evidence="ECO:0000255"; CARBOHYD 590; /note="N-linked (GlcNAc...) asparagine"; /evidence="ECO:0000255"	
P34925	RYK JTK5A	CARBOHYD 139; /note="N-linked (GlcNAc...) asparagine"; /evidence="ECO:0000255"; CARBOHYD 174; /note="N-linked (GlcNAc...) asparagine"; /evidence="ECO:0000255"; CARBOHYD 178; /note="N-linked (GlcNAc...) asparagine"; /evidence="ECO:0000255"; CARBOHYD 182; /note="N-linked (GlcNAc...) asparagine"; /evidence="ECO:0000255"; CARBOHYD 209; /note="N-linked (GlcNAc...) asparagine"; /evidence="ECO:0000255"	
P14151	SELL LNHR LYAM1	CARBOHYD 60; /note="N-linked (GlcNAc...) asparagine"; /evidence="ECO:0000269|PubMed:16335952, ECO:0000269|PubMed:19349973, ECO:0000269|PubMed:28011641, ECO:0000305|PubMed:28489325, ECO:0007744|PDB:3CFW"; CARBOHYD 104; /note="N-linked (GlcNAc...) asparagine"; /evidence="ECO:0000269|PubMed:19349973, ECO:0000269|PubMed:28011641, ECO:0000269|PubMed:28489325, ECO:0007744|PDB:3CFW"; CARBOHYD 177; /note="N-linked (GlcNAc...) asparagine"; /evidence="ECO:0000305|PubMed:28489325"; CARBOHYD 232; /note="N-linked (GlcNAc...) asparagine"; /evidence="ECO:0000255"; CARBOHYD 246; /note="N-linked (GlcNAc...) asparagine"; /evidence="ECO:0000255"; CARBOHYD 271; /note="N-linked (GlcNAc...) asparagine"; /evidence="ECO:0000255"	
P39019	RPS19		
Q01973	ROR1 NTRKR1	CARBOHYD 47; /note="N-linked (GlcNAc...) asparagine"; /evidence="ECO:0000255"; CARBOHYD 66; /note="N-linked (GlcNAc...) asparagine"; /evidence="ECO:0000255"; CARBOHYD 184; /note="N-linked (GlcNAc...) asparagine"; /evidence="ECO:0000255"; CARBOHYD 315; /note="N-linked (GlcNAc...) asparagine"; /evidence="ECO:0000255"	
Q02094	RHAG RH50	CARBOHYD 37; /note="N-linked (GlcNAc...) asparagine"; /evidence="ECO:0000255"; CARBOHYD 355; /note="N-linked (GlcNAc...) asparagine"; /evidence="ECO:0000255"	
Q99985	SEMA3C SEMAE	CARBOHYD 81; /note="N-linked (GlcNAc...) asparagine"; /evidence="ECO:0000255"; CARBOHYD 123; /note="N-linked (GlcNAc...) asparagine"; /evidence="ECO:0000255"; CARBOHYD 252; /note="N-linked (GlcNAc...) asparagine"; /evidence="ECO:0000255"; CARBOHYD 268; /note="N-linked (GlcNAc...) asparagine"; /evidence="ECO:0000255"; CARBOHYD 465; /note="N-linked (GlcNAc...) asparagine"; /evidence="ECO:0000255"; CARBOHYD 585; /note="N-linked (GlcNAc...) asparagine"; /evidence="ECO:0000255"; CARBOHYD 586; /note="N-linked (GlcNAc...) asparagine"; /evidence="ECO:0000255"	
Q13591	SEMA5A SEMAF	CARBOHYD 142; /note="N-linked (GlcNAc...) asparagine"; /evidence="ECO:0000255"; CARBOHYD 168; /note="N-linked (GlcNAc...) asparagine"; /evidence="ECO:0000255"; CARBOHYD 227; /note="N-linked (GlcNAc...) asparagine"; /evidence="ECO:0000255"; CARBOHYD 277; /note="N-linked (GlcNAc...) asparagine"; /evidence="ECO:0000255"; CARBOHYD 323; /note="N-linked (GlcNAc...) asparagine"; /evidence="ECO:0000255"; CARBOHYD 367; /note="N-linked (GlcNAc...) asparagine"; /evidence="ECO:0000255"; CARBOHYD 437; /note="N-linked (GlcNAc...) asparagine"; /evidence="ECO:0000255"; CARBOHYD 536; /note="N-linked (GlcNAc...) asparagine"; /evidence="ECO:0000255"; CARBOHYD 591; /note="N-linked (GlcNAc...) asparagine"; /evidence="ECO:0000255"; CARBOHYD 717; /note="N-linked (GlcNAc...) asparagine"; /evidence="ECO:0000255"; CARBOHYD 933; /note="N-linked (GlcNAc...) asparagine"; /evidence="ECO:0000255"	
Q9HBX9	RXFP1 LGR7	CARBOHYD 36; /note="N-linked (GlcNAc...) asparagine"; /evidence="ECO:0000269|PubMed:18533687"; CARBOHYD 127; /note="N-linked (GlcNAc...) asparagine"; /evidence="ECO:0000269|PubMed:18533687"; CARBOHYD 264; /note="N-linked (GlcNAc...) asparagine"; /evidence="ECO:0000269|PubMed:18533687"; CARBOHYD 272; /note="N-linked (GlcNAc...) asparagine"; /evidence="ECO:0000269|PubMed:18533687"; CARBOHYD 325; /note="N-linked (GlcNAc...) asparagine"; /evidence="ECO:0000269|PubMed:18533687"; CARBOHYD 368; /note="N-linked (GlcNAc...) asparagine"; /evidence="ECO:0000269|PubMed:18533687"	
Q8WZ75	ROBO4 UNQ421/PRO3674	CARBOHYD 246; /note="N-linked (GlcNAc...) (complex) asparagine"; /evidence="ECO:0000269|PubMed:16335952, ECO:0000269|PubMed:19139490"; CARBOHYD 360; /note="N-linked (GlcNAc...) asparagine"; /evidence="ECO:0000255"; CARBOHYD 389; /note="N-linked (GlcNAc...) asparagine"; /evidence="ECO:0000255"; CARBOHYD 396; /note="N-linked (GlcNAc...) asparagine"; /evidence="ECO:0000255"; CARBOHYD 680; /note="N-linked (GlcNAc...) asparagine"; /evidence="ECO:0000255"	
P05109	S100A8 CAGA CFAG MRP8		
O95754	SEMA4F SEMAM SEMAW	CARBOHYD 64; /note="N-linked (GlcNAc...) asparagine"; /evidence="ECO:0000255"; CARBOHYD 133; /note="N-linked (GlcNAc...) asparagine"; /evidence="ECO:0000255"; CARBOHYD 509; /note="N-linked (GlcNAc...) asparagine"; /evidence="ECO:0000255"	
P11684	SCGB1A1 CC10 CCSP UGB		
Q9UQD0	SCN8A MED	CARBOHYD 215; /note="N-linked (GlcNAc...) asparagine"; /evidence="ECO:0000255"; CARBOHYD 289; /note="N-linked (GlcNAc...) asparagine"; /evidence="ECO:0000269|PubMed:36823201, ECO:0007744|PDB:8GZ1, ECO:0007744|PDB:8GZ2"; CARBOHYD 295; /note="N-linked (GlcNAc...) asparagine"; /evidence="ECO:0000269|PubMed:36696443, ECO:0000269|PubMed:36823201, ECO:0000312|PDB:8FHD, ECO:0007744|PDB:8GZ1, ECO:0007744|PDB:8GZ2"; CARBOHYD 308; /note="N-linked (GlcNAc...) asparagine"; /evidence="ECO:0000269|PubMed:36696443, ECO:0000269|PubMed:36823201, ECO:0000312|PDB:8FHD, ECO:0007744|PDB:8GZ1, ECO:0007744|PDB:8GZ2"; CARBOHYD 326; /note="N-linked (GlcNAc...) (high mannose) asparagine"; /evidence="ECO:0000269|PubMed:36696443, ECO:0000269|PubMed:36823201, ECO:0007744|PDB:8FHD, ECO:0007744|PDB:8GZ1, ECO:0007744|PDB:8GZ2"; CARBOHYD 1358; /note="N-linked (GlcNAc...) asparagine"; /evidence="ECO:0000269|PubMed:36696443, ECO:0000269|PubMed:36823201, ECO:0000312|PDB:8FHD, ECO:0007744|PDB:8GZ1, ECO:0007744|PDB:8GZ2"; CARBOHYD 1372; /note="N-linked (GlcNAc...) asparagine"; /evidence="ECO:0000269|PubMed:36696443, ECO:0000269|PubMed:36823201, ECO:0000312|PDB:8FHD, ECO:0007744|PDB:8GZ1, ECO:0007744|PDB:8GZ2"; CARBOHYD 1383; /note="N-linked (GlcNAc...) asparagine"; /evidence="ECO:0000255"	
Q8NFY4	SEMA6D KIAA1479	CARBOHYD 51; /note="N-linked (GlcNAc...) asparagine"; /evidence="ECO:0000255"; CARBOHYD 283; /note="N-linked (GlcNAc...) asparagine"; /evidence="ECO:0000255"; CARBOHYD 435; /note="N-linked (GlcNAc...) asparagine"; /evidence="ECO:0000255"; CARBOHYD 461; /note="N-linked (GlcNAc...) asparagine"; /evidence="ECO:0000255"; CARBOHYD 631; /note="N-linked (GlcNAc...) asparagine"; /evidence="ECO:0000255"	
P21453	S1PR1 CHEDG1 EDG1	CARBOHYD 30; /note="N-linked (GlcNAc...) asparagine"; /evidence="ECO:0000269|PubMed:15750791, ECO:0000269|PubMed:22344443"; CARBOHYD 36; /note="N-linked (GlcNAc...) asparagine"; /evidence="ECO:0000255"	LIPID 328; /note="S-palmitoyl cysteine"; /evidence="ECO:0000250"
Q86UN2	RTN4RL1 NGRH2 NGRL2		LIPID 420; /note="GPI-anchor amidated serine"; /evidence="ECO:0000255"
P49908	SELENOP SELP SEPP1	CARBOHYD 46; /note="N-linked (GlcNAc...) asparagine"; /evidence="ECO:0000255"; CARBOHYD 83; /note="N-linked (GlcNAc...) (complex) asparagine"; /evidence="ECO:0000269|PubMed:16335952, ECO:0000269|PubMed:19139490, ECO:0000269|PubMed:19159218"; CARBOHYD 119; /note="N-linked (GlcNAc...) asparagine"; /evidence="ECO:0000269|PubMed:16335952, ECO:0000269|PubMed:19159218"; CARBOHYD 128; /note="N-linked (GlcNAc...) asparagine"; /evidence="ECO:0000269|PubMed:16335952"; CARBOHYD 174; /note="N-linked (GlcNAc...) asparagine"; /evidence="ECO:0000250"; CARBOHYD 338; /note="N-linked (GlcNAc...) asparagine"; /evidence="ECO:0000255"	
Q9BXY4	RSPO3 PWTSR THSD2	CARBOHYD 36; /note="N-linked (GlcNAc...) asparagine"; /evidence="ECO:0000255"	
P01008	SERPINC1 AT3 PRO0309	CARBOHYD 128; /note="N-linked (GlcNAc...) asparagine"; /evidence="ECO:0000269|PubMed:14760718, ECO:0000269|PubMed:16335952, ECO:0000269|PubMed:19159218, ECO:0000269|Ref.10"; CARBOHYD 167; /note="N-linked (GlcNAc...) asparagine"; /evidence="ECO:0000269|Ref.10"; CARBOHYD 187; /note="N-linked (GlcNAc...) (complex) asparagine"; /evidence="ECO:0000269|PubMed:14760718, ECO:0000269|PubMed:15084671, ECO:0000269|PubMed:16335952, ECO:0000269|PubMed:19159218, ECO:0000269|PubMed:19838169, ECO:0000269|Ref.10"; CARBOHYD 224; /note="N-linked (GlcNAc...) asparagine"; /evidence="ECO:0000269|PubMed:16263699, ECO:0000269|PubMed:16335952, ECO:0000269|Ref.10"	
P16109	SELP GMRP GRMP	CARBOHYD 54; /note="N-linked (GlcNAc...) asparagine"; /evidence="ECO:0000269|PubMed:16263699"; CARBOHYD 98; /note="N-linked (GlcNAc...) asparagine"; /evidence="ECO:0000255"; CARBOHYD 180; /note="N-linked (GlcNAc...) asparagine"; /evidence="ECO:0000255"; CARBOHYD 212; /note="N-linked (GlcNAc...) asparagine"; /evidence="ECO:0000255"; CARBOHYD 219; /note="N-linked (GlcNAc...) asparagine"; /evidence="ECO:0000255"; CARBOHYD 411; /note="N-linked (GlcNAc...) asparagine"; /evidence="ECO:0000255"; CARBOHYD 460; /note="N-linked (GlcNAc...) asparagine"; /evidence="ECO:0000255"; CARBOHYD 518; /note="N-linked (GlcNAc...) asparagine"; /evidence="ECO:0000255"; CARBOHYD 665; /note="N-linked (GlcNAc...) asparagine"; /evidence="ECO:0000255"; CARBOHYD 716; /note="N-linked (GlcNAc...) asparagine"; /evidence="ECO:0000255"; CARBOHYD 723; /note="N-linked (GlcNAc...) asparagine"; /evidence="ECO:0000255"; CARBOHYD 741; /note="N-linked (GlcNAc...) asparagine"; /evidence="ECO:0000255"	LIPID 807; /note="S-palmitoyl cysteine; alternate"; /evidence="ECO:0000269|PubMed:7684381"; LIPID 807; /note="S-stearoyl cysteine; alternate"; /evidence="ECO:0000269|PubMed:7684381"
Q6UXX9	RSPO2 UNQ9384/PRO34209	CARBOHYD 160; /note="N-linked (GlcNAc...) asparagine"; /evidence="ECO:0000255"	
P09417	QDPR DHPR SDR33C1		
Q14162	SCARF1 KIAA0149 SREC	CARBOHYD 289; /note="N-linked (GlcNAc...) asparagine"; /evidence="ECO:0000255"; CARBOHYD 382; /note="N-linked (GlcNAc...) asparagine"; /evidence="ECO:0000255"; CARBOHYD 393; /note="N-linked (GlcNAc...) asparagine"; /evidence="ECO:0000255"	
O15041	SEMA3E KIAA0331 SEMAH	CARBOHYD 44; /note="N-linked (GlcNAc...) asparagine"; /evidence="ECO:0000255"; CARBOHYD 126; /note="N-linked (GlcNAc...) asparagine"; /evidence="ECO:0000255"; CARBOHYD 330; /note="N-linked (GlcNAc...) asparagine"; /evidence="ECO:0000255"; CARBOHYD 595; /note="N-linked (GlcNAc...) asparagine"; /evidence="ECO:0000255"; CARBOHYD 596; /note="N-linked (GlcNAc...) asparagine"; /evidence="ECO:0000255"	
Q9BZR6	RTN4R NOGOR UNQ330/PRO526	CARBOHYD 82; /note="N-linked (GlcNAc...) asparagine"; /evidence="ECO:0000269|PubMed:12718853, ECO:0000269|PubMed:12839991, ECO:0007744|PDB:1OZN"; CARBOHYD 179; /note="N-linked (GlcNAc...) asparagine"; /evidence="ECO:0000269|PubMed:12718853, ECO:0000269|PubMed:12839991"	LIPID 447; /note="GPI-anchor amidated serine"; /evidence="ECO:0000255"
O75326	SEMA7A CD108 SEMAL	CARBOHYD 105; /note="N-linked (GlcNAc...) asparagine"; /evidence="ECO:0000269|PubMed:20727575"; CARBOHYD 157; /note="N-linked (GlcNAc...) asparagine"; /evidence="ECO:0000269|PubMed:20727575"; CARBOHYD 258; /note="N-linked (GlcNAc...) asparagine"; /evidence="ECO:0000269|PubMed:20727575"; CARBOHYD 330; /note="N-linked (GlcNAc...) asparagine"; /evidence="ECO:0000269|PubMed:20727575"; CARBOHYD 602; /note="N-linked (GlcNAc...) asparagine"; /evidence="ECO:0000305|PubMed:10201933"	LIPID 648; /note="GPI-anchor amidated alanine"; /evidence="ECO:0000255"
Q693B1	KCTD11 C17orf36 REN		
Q9Y6N7	ROBO1 DUTT1	CARBOHYD 160; /note="N-linked (GlcNAc...) asparagine"; /evidence="ECO:0000255"; CARBOHYD 463; /note="N-linked (GlcNAc...) asparagine"; /evidence="ECO:0000255"; CARBOHYD 790; /note="N-linked (GlcNAc...) asparagine"; /evidence="ECO:0000255"; CARBOHYD 820; /note="N-linked (GlcNAc...) asparagine"; /evidence="ECO:0000255"; CARBOHYD 827; /note="N-linked (GlcNAc...) asparagine"; /evidence="ECO:0000255"	
Q13214	SEMA3B SEMA5 SEMAA	CARBOHYD 82; /note="N-linked (GlcNAc...) asparagine"; /evidence="ECO:0000255"; CARBOHYD 124; /note="N-linked (GlcNAc...) asparagine"; /evidence="ECO:0000255"; CARBOHYD 427; /note="N-linked (GlcNAc...) asparagine"; /evidence="ECO:0000255"	
Q9HCK4	ROBO2 KIAA1568	CARBOHYD 123; /note="N-linked (GlcNAc...) asparagine"; /evidence="ECO:0000255"; CARBOHYD 426; /note="N-linked (GlcNAc...) asparagine"; /evidence="ECO:0000255"; CARBOHYD 752; /note="N-linked (GlcNAc...) asparagine"; /evidence="ECO:0000255"; CARBOHYD 782; /note="N-linked (GlcNAc...) asparagine"; /evidence="ECO:0000255"; CARBOHYD 789; /note="N-linked (GlcNAc...) asparagine"; /evidence="ECO:0000255"; CARBOHYD 845; /note="N-linked (GlcNAc...) asparagine"; /evidence="ECO:0000255"	
Q8WXD0	RXFP2 GPR106 GREAT LGR8	CARBOHYD 54; /note="N-linked (GlcNAc...) asparagine"; /evidence="ECO:0000255"; CARBOHYD 138; /note="N-linked (GlcNAc...) asparagine"; /evidence="ECO:0000255"; CARBOHYD 274; /note="N-linked (GlcNAc...) asparagine"; /evidence="ECO:0000255"; CARBOHYD 335; /note="N-linked (GlcNAc...) asparagine"; /evidence="ECO:0000255"; CARBOHYD 378; /note="N-linked (GlcNAc...) asparagine"; /evidence="ECO:0000255"	
Q9H2E6	SEMA6A KIAA1368 SEMAQ	CARBOHYD 33; /note="N-linked (GlcNAc...) asparagine"; /evidence="ECO:0000269|PubMed:32589945, ECO:0007744|PDB:6WTS"; CARBOHYD 49; /note="N-linked (GlcNAc...) asparagine"; /evidence="ECO:0000255"; CARBOHYD 65; /note="N-linked (GlcNAc...) asparagine"; /evidence="ECO:0000269|PubMed:32589945, ECO:0007744|PDB:6WTS"; CARBOHYD 282; /note="N-linked (GlcNAc...) asparagine"; /evidence="ECO:0000255"; CARBOHYD 434; /note="N-linked (GlcNAc...) asparagine"; /evidence="ECO:0000269|PubMed:32589945, ECO:0007744|PDB:6WTS"; CARBOHYD 461; /note="N-linked (GlcNAc...) asparagine"; /evidence="ECO:0000255"	
Q8TD07	RAET1E LETAL N2DL4 ULBP4 UNQ1867/PRO4303	CARBOHYD 36; /note="N-linked (GlcNAc...) asparagine"; /evidence="ECO:0000255"; CARBOHYD 154; /note="N-linked (GlcNAc...) asparagine"; /evidence="ECO:0000255"; CARBOHYD 212; /note="N-linked (GlcNAc...) asparagine"; /evidence="ECO:0000255"	
Q8WTV0	SCARB1 CD36L1 CLA1	CARBOHYD 102; /note="N-linked (GlcNAc...) asparagine"; /evidence="ECO:0000269|PubMed:19159218"; CARBOHYD 108; /note="N-linked (GlcNAc...) asparagine"; /evidence="ECO:0000255"; CARBOHYD 173; /note="N-linked (GlcNAc...) asparagine"; /evidence="ECO:0000255"; CARBOHYD 212; /note="N-linked (GlcNAc...) asparagine"; /evidence="ECO:0000255"; CARBOHYD 227; /note="N-linked (GlcNAc...) asparagine"; /evidence="ECO:0000255"; CARBOHYD 255; /note="N-linked (GlcNAc...) asparagine"; /evidence="ECO:0000255"; CARBOHYD 310; /note="N-linked (GlcNAc...) asparagine"; /evidence="ECO:0000255"; CARBOHYD 330; /note="N-linked (GlcNAc...) asparagine"; /evidence="ECO:0000269|PubMed:19159218"; CARBOHYD 383; /note="N-linked (GlcNAc...) asparagine"; /evidence="ECO:0000255"	LIPID 462; /note="S-palmitoyl cysteine"; /evidence="ECO:0000250|UniProtKB:Q61009"
Q99500	S1PR3 C9orf108 C9orf47 EDG3	CARBOHYD 15; /note="N-linked (GlcNAc...) asparagine"; /evidence="ECO:0000255"	
P07949	RET CDHF12 CDHR16 PTC	CARBOHYD 98; /note="N-linked (GlcNAc...) asparagine"; /evidence="ECO:0000255"; CARBOHYD 151; /note="N-linked (GlcNAc...) asparagine"; /evidence="ECO:0000269|PubMed:20473317"; CARBOHYD 199; /note="N-linked (GlcNAc...) asparagine"; /evidence="ECO:0000255"; CARBOHYD 336; /note="N-linked (GlcNAc...) asparagine"; /evidence="ECO:0000255"; CARBOHYD 343; /note="N-linked (GlcNAc...) asparagine"; /evidence="ECO:0000255"; CARBOHYD 361; /note="N-linked (GlcNAc...) asparagine"; /evidence="ECO:0000255"; CARBOHYD 367; /note="N-linked (GlcNAc...) asparagine"; /evidence="ECO:0000255"; CARBOHYD 377; /note="N-linked (GlcNAc...) asparagine"; /evidence="ECO:0000255"; CARBOHYD 394; /note="N-linked (GlcNAc...) asparagine"; /evidence="ECO:0000255"; CARBOHYD 448; /note="N-linked (GlcNAc...) asparagine"; /evidence="ECO:0000255"; CARBOHYD 468; /note="N-linked (GlcNAc...) asparagine"; /evidence="ECO:0000255"; CARBOHYD 554; /note="N-linked (GlcNAc...) asparagine"; /evidence="ECO:0000255"; CARBOHYD 688; /note="O-linked (GlcNAc) serine"; /evidence="ECO:0000269|PubMed:26237509"	
Q92854	SEMA4D C9orf164 CD100 SEMAJ	CARBOHYD 49; /note="N-linked (GlcNAc...) asparagine"; /evidence="ECO:0000269|PubMed:19349973, ECO:0000269|PubMed:20877282"; CARBOHYD 77; /note="N-linked (GlcNAc...) asparagine"; /evidence="ECO:0000269|PubMed:19349973, ECO:0000269|PubMed:20877282"; CARBOHYD 139; /note="N-linked (GlcNAc...) asparagine"; /evidence="ECO:0000269|PubMed:20877282"; CARBOHYD 191; /note="N-linked (GlcNAc...) asparagine"; /evidence="ECO:0000269|PubMed:20877282"; CARBOHYD 329; /note="N-linked (GlcNAc...) asparagine"; /evidence="ECO:0000269|PubMed:20877282"; CARBOHYD 379; /note="N-linked (GlcNAc...) asparagine"; /evidence="ECO:0000269|PubMed:19349973"; CARBOHYD 419; /note="N-linked (GlcNAc...) asparagine"; /evidence="ECO:0000269|PubMed:16263699, ECO:0000269|PubMed:19349973, ECO:0000269|PubMed:20877282"; CARBOHYD 613; /note="N-linked (GlcNAc...) asparagine"; /evidence="ECO:0000255"; CARBOHYD 632; /note="N-linked (GlcNAc...) asparagine"; /evidence="ECO:0000255"	
Q9H3S1	SEMA4A SEMAB SEMB UNQ783/PRO1317	CARBOHYD 120; /note="N-linked (GlcNAc...) asparagine"; /evidence="ECO:0000255"; CARBOHYD 135; /note="N-linked (GlcNAc...) asparagine"; /evidence="ECO:0000255"; CARBOHYD 496; /note="N-linked (GlcNAc...) asparagine"; /evidence="ECO:0000255"; CARBOHYD 607; /note="N-linked (GlcNAc...) asparagine"; /evidence="ECO:0000255"	
Q9NPR2	SEMA4B KIAA1745 SEMAC UNQ749/PRO1480	CARBOHYD 69; /note="N-linked (GlcNAc...) asparagine"; /evidence="ECO:0000269|PubMed:16335952"; CARBOHYD 96; /note="N-linked (GlcNAc...) asparagine"; /evidence="ECO:0000255"; CARBOHYD 165; /note="N-linked (GlcNAc...) asparagine"; /evidence="ECO:0000255"; CARBOHYD 410; /note="N-linked (GlcNAc...) asparagine"; /evidence="ECO:0000269|PubMed:16335952"; CARBOHYD 525; /note="N-linked (GlcNAc...) asparagine"; /evidence="ECO:0000255"; CARBOHYD 630; /note="N-linked (GlcNAc...) asparagine"; /evidence="ECO:0000255"	
Q8WXF3	RLN3 INSL7 RXN3 ZINS4 UNQ6188/PRO20213		
P01009	SERPINA1 AAT PI PRO0684 PRO2209	CARBOHYD 70; /note="N-linked (GlcNAc...) (complex) asparagine"; /evidence="ECO:0000269|PubMed:12754519, ECO:0000269|PubMed:14760718, ECO:0000269|PubMed:15084671, ECO:0000269|PubMed:16263699, ECO:0000269|PubMed:16335952, ECO:0000269|PubMed:16622833, ECO:0000269|PubMed:19159218, ECO:0000269|PubMed:19838169, ECO:0000269|PubMed:22171320"; CARBOHYD 107; /note="N-linked (GlcNAc...) (complex) asparagine"; /evidence="ECO:0000269|PubMed:16335952, ECO:0000269|PubMed:16622833, ECO:0000269|PubMed:19139490, ECO:0000269|PubMed:19159218, ECO:0000269|PubMed:19838169"; CARBOHYD 271; /note="N-linked (GlcNAc...) (complex) asparagine"; /evidence="ECO:0000269|PubMed:12754519, ECO:0000269|PubMed:14760718, ECO:0000269|PubMed:15084671, ECO:0000269|PubMed:16335952, ECO:0000269|PubMed:16622833, ECO:0000269|PubMed:19139490, ECO:0000269|PubMed:19159218, ECO:0000269|PubMed:19838169, ECO:0000269|PubMed:22171320"	
Q9C0C4	SEMA4C KIAA1739 SEMAI UNQ5855/PRO34487	CARBOHYD 106; /note="N-linked (GlcNAc...) asparagine"; /evidence="ECO:0000255"; CARBOHYD 121; /note="N-linked (GlcNAc...) asparagine"; /evidence="ECO:0000255"; CARBOHYD 310; /note="N-linked (GlcNAc...) asparagine"; /evidence="ECO:0000255"; CARBOHYD 419; /note="N-linked (GlcNAc...) asparagine"; /evidence="ECO:0000255"; CARBOHYD 522; /note="N-linked (GlcNAc...) asparagine"; /evidence="ECO:0000255"; CARBOHYD 564; /note="N-linked (GlcNAc...) asparagine"; /evidence="ECO:0000255"	
Q9NQC3	RTN4 KIAA0886 NOGO My043 SP1507		
Q9UQ26	RIMS2 KIAA0751 RAB3IP3 RIM2		
P08865	RPSA LAMBR LAMR1		
A0A8I5KQE6	RPSA2 RPSA RPSAP58		
Q86UR5	RIMS1 KIAA0340 RAB3IP2 RIM1 Nbla00761		
P04808	RLN1		
P83859	QRFP		
Q9NS98	SEMA3G	CARBOHYD 44; /note="N-linked (GlcNAc...) asparagine"; /evidence="ECO:0000255"; CARBOHYD 127; /note="N-linked (GlcNAc...) asparagine"; /evidence="ECO:0000255"	
Q8TDU9	RXFP4 GPCR142 GPR100 RLN3R2	CARBOHYD 5; /note="N-linked (GlcNAc...) asparagine"; /evidence="ECO:0000255"; CARBOHYD 17; /note="N-linked (GlcNAc...) asparagine"; /evidence="ECO:0000255"	
Q96PL1	SCGB3A2 PNSP1 UGRP1 UNQ566/PRO1128		
O95025	SEMA3D UNQ760/PRO1491	CARBOHYD 139; /note="N-linked (GlcNAc...) asparagine"; /evidence="ECO:0000255"; CARBOHYD 607; /note="N-linked (GlcNAc...) asparagine"; /evidence="ECO:0000255"; CARBOHYD 724; /note="N-linked (GlcNAc...) asparagine"; /evidence="ECO:0000255"	
Q9NSD7	RXFP3 GPCR135 RLN3R1 SALPR	CARBOHYD 36; /note="N-linked (GlcNAc...) asparagine"; /evidence="ECO:0000255"; CARBOHYD 40; /note="N-linked (GlcNAc...) asparagine"; /evidence="ECO:0000255"	
Q96QR1	SCGB3A1 HIN1 PNSP2 UGRP2 UNQ629/PRO1245		
Q9P1W8	SIRPG SIRPB2	CARBOHYD 243; /note="N-linked (GlcNAc...) asparagine"; /evidence="ECO:0000269|PubMed:19349973"; CARBOHYD 268; /note="N-linked (GlcNAc...) asparagine"; /evidence="ECO:0000255"; CARBOHYD 309; /note="N-linked (GlcNAc...) asparagine"; /evidence="ECO:0000255"; CARBOHYD 317; /note="N-linked (GlcNAc...) asparagine"; /evidence="ECO:0000255"	
Q86UU9	TAC4		
O00241	SIRPB1	CARBOHYD 244; /note="N-linked (GlcNAc...) asparagine"; /evidence="ECO:0000269|PubMed:16335952"; CARBOHYD 269; /note="N-linked (GlcNAc...) asparagine"; /evidence="ECO:0000255"; CARBOHYD 291; /note="N-linked (GlcNAc...) asparagine"; /evidence="ECO:0000255"	
P31391	SSTR4	CARBOHYD 24; /note="N-linked (GlcNAc...) asparagine"; /evidence="ECO:0000255"	LIPID 327; /note="S-palmitoyl cysteine"; /evidence="ECO:0000255"
Q9Y566	SHANK1		
Q9UP52	TFR2	CARBOHYD 240; /note="N-linked (GlcNAc...) asparagine"; /evidence="ECO:0000255"; CARBOHYD 339; /note="N-linked (GlcNAc...) asparagine"; /evidence="ECO:0000269|PubMed:19159218"; CARBOHYD 540; /note="N-linked (GlcNAc...) asparagine"; /evidence="ECO:0000255"; CARBOHYD 754; /note="N-linked (GlcNAc...) asparagine"; /evidence="ECO:0000269|PubMed:19159218"	
P21980	TGM2		
P04278	SHBG	CARBOHYD 36; /note="O-linked (GalNAc...) threonine"; /evidence="ECO:0000269|PubMed:1400872"; /id="CAR_000174"; CARBOHYD 380; /note="N-linked (GlcNAc...) asparagine"; /evidence="ECO:0000269|PubMed:16335952, ECO:0000269|PubMed:19159218, ECO:0000269|PubMed:3542030"; CARBOHYD 396; /note="N-linked (GlcNAc...) asparagine"; /evidence="ECO:0000269|PubMed:1400872, ECO:0000269|PubMed:3542030"	
P00995	SPINK1 PSTI		
Q9Y2C9	TLR6	CARBOHYD 144; /note="N-linked (GlcNAc...) asparagine"; /evidence="ECO:0000255"; CARBOHYD 186; /note="N-linked (GlcNAc...) asparagine"; /evidence="ECO:0000255"; CARBOHYD 214; /note="N-linked (GlcNAc...) asparagine"; /evidence="ECO:0000255"; CARBOHYD 253; /note="N-linked (GlcNAc...) asparagine"; /evidence="ECO:0000255"; CARBOHYD 285; /note="N-linked (GlcNAc...) asparagine"; /evidence="ECO:0000255"; CARBOHYD 359; /note="N-linked (GlcNAc...) asparagine"; /evidence="ECO:0000255"; CARBOHYD 423; /note="N-linked (GlcNAc...) asparagine"; /evidence="ECO:0000255"; CARBOHYD 434; /note="N-linked (GlcNAc...) asparagine"; /evidence="ECO:0000255"; CARBOHYD 583; /note="N-linked (GlcNAc...) asparagine"; /evidence="ECO:0000255"	
P32745	SSTR3	CARBOHYD 17; /note="N-linked (GlcNAc...) asparagine"; /evidence="ECO:0000255"; CARBOHYD 30; /note="N-linked (GlcNAc...) asparagine"; /evidence="ECO:0000255"	
P16035	TIMP2		
P30872	SSTR1	CARBOHYD 4; /note="N-linked (GlcNAc...) asparagine"; /evidence="ECO:0000255"; CARBOHYD 44; /note="N-linked (GlcNAc...) asparagine"; /evidence="ECO:0000255"; CARBOHYD 48; /note="N-linked (GlcNAc...) asparagine"; /evidence="ECO:0000255"	LIPID 339; /note="S-palmitoyl cysteine"; /evidence="ECO:0000255"
P35625	TIMP3		
P35346	SSTR5	CARBOHYD 13; /note="N-linked (GlcNAc...) asparagine"; /evidence="ECO:0000255"; CARBOHYD 26; /note="N-linked (GlcNAc...) asparagine"; /evidence="ECO:0000255"; CARBOHYD 187; /note="N-linked (GlcNAc...) asparagine"; /evidence="ECO:0000255"	LIPID 320; /note="S-palmitoyl cysteine; by ZDHHC5"; /evidence="ECO:0000250"
P30874	SSTR2	CARBOHYD 9; /note="N-linked (GlcNAc...) asparagine"; /evidence="ECO:0000255"; CARBOHYD 22; /note="N-linked (GlcNAc...) asparagine"; /evidence="ECO:0000255"; CARBOHYD 29; /note="N-linked (GlcNAc...) asparagine"; /evidence="ECO:0000255"; CARBOHYD 32; /note="N-linked (GlcNAc...) asparagine"; /evidence="ECO:0000255"	LIPID 328; /note="S-palmitoyl cysteine"; /evidence="ECO:0000255"
P61278	SST		
Q99523	SORT1	CARBOHYD 98; /note="N-linked (GlcNAc...) asparagine"; /evidence="ECO:0000305"; CARBOHYD 162; /note="N-linked (GlcNAc...) asparagine"; /evidence="ECO:0000269|PubMed:16263699, ECO:0000269|PubMed:19349973"; CARBOHYD 274; /note="N-linked (GlcNAc...) asparagine"; /evidence="ECO:0000255"; CARBOHYD 406; /note="N-linked (GlcNAc...) asparagine"; /evidence="ECO:0000269|PubMed:19122660"; CARBOHYD 582; /note="N-linked (GlcNAc...) asparagine"; /evidence="ECO:0000269|PubMed:19122660"; CARBOHYD 684; /note="N-linked (GlcNAc...) asparagine"; /evidence="ECO:0000255"	LIPID 783; /note="S-palmitoyl cysteine"; /evidence="ECO:0000269|PubMed:18817523"
P01135	TGFA	CARBOHYD 25; /note="N-linked (GlcNAc...) asparagine"; /evidence="ECO:0000255"	LIPID 153; /note="S-palmitoyl cysteine"; /evidence="ECO:0000269|PubMed:8910478"; LIPID 154; /note="S-palmitoyl cysteine"; /evidence="ECO:0000269|PubMed:8910478"
P21731	TBXA2R	CARBOHYD 4; /note="N-linked (GlcNAc...) asparagine"; CARBOHYD 16; /note="N-linked (GlcNAc...) asparagine"	
P02786	TFRC	CARBOHYD 104; /note="O-linked (GalNAc...) threonine"; /evidence="ECO:0000269|PubMed:1421756, ECO:0000269|PubMed:1421757"; /id="CAR_000072"; CARBOHYD 251; /note="N-linked (GlcNAc...) asparagine"; /evidence="ECO:0000269|PubMed:10531064, ECO:0000269|PubMed:16335952, ECO:0000269|PubMed:19159218, ECO:0000269|PubMed:19349973, ECO:0007744|PDB:1CX8"; CARBOHYD 317; /note="N-linked (GlcNAc...) asparagine"; /evidence="ECO:0000269|PubMed:10531064, ECO:0007744|PDB:1CX8"; CARBOHYD 727; /note="N-linked (GlcNAc...) asparagine"; /evidence="ECO:0000269|PubMed:10531064, ECO:0000269|PubMed:19159218, ECO:0000269|PubMed:7780197, ECO:0007744|PDB:1CX8"; /id="CAR_000173"	LIPID 62; /note="S-palmitoyl cysteine"; /evidence="ECO:0000269|PubMed:3582362"; LIPID 67; /note="S-palmitoyl cysteine"; /evidence="ECO:0000305|PubMed:3582362"
P01266	TG	CARBOHYD 76; /note="N-linked (GlcNAc...) asparagine"; /evidence="ECO:0000269|PubMed:32025030, ECO:0000269|PubMed:8615697, ECO:0000312|PDB:6SCJ"; CARBOHYD 110; /note="N-linked (GlcNAc...) asparagine"; /evidence="ECO:0000269|PubMed:32025030, ECO:0000312|PDB:6SCJ"; CARBOHYD 198; /note="N-linked (GlcNAc...) asparagine"; /evidence="ECO:0000269|PubMed:32025030, ECO:0000269|PubMed:8615697, ECO:0000312|PDB:6SCJ"; CARBOHYD 484; /note="N-linked (GlcNAc...) asparagine"; /evidence="ECO:0000269|PubMed:32025030, ECO:0000269|PubMed:8615697, ECO:0000312|PDB:6SCJ"; CARBOHYD 529; /note="N-linked (GlcNAc...) asparagine"; /evidence="ECO:0000269|PubMed:8615697"; CARBOHYD 748; /note="N-linked (GlcNAc...) asparagine"; /evidence="ECO:0000269|PubMed:8615697"; CARBOHYD 816; /note="N-linked (GlcNAc...) asparagine"; /evidence="ECO:0000269|PubMed:8615697"; CARBOHYD 947; /note="N-linked (GlcNAc...) asparagine"; /evidence="ECO:0000269|PubMed:32025030, ECO:0000269|PubMed:8615697, ECO:0000312|PDB:6SCJ"; CARBOHYD 1220; /note="N-linked (GlcNAc...) asparagine"; /evidence="ECO:0000269|PubMed:32025030, ECO:0000269|PubMed:8615697, ECO:0000312|PDB:6SCJ"; CARBOHYD 1348; /note="N-linked (GlcNAc...) asparagine"; /evidence="ECO:0000305|PubMed:8615697"; CARBOHYD 1349; /note="N-linked (GlcNAc...) asparagine"; /evidence="ECO:0000269|PubMed:32025030, ECO:0000269|PubMed:8615697, ECO:0000312|PDB:6SCJ"; CARBOHYD 1365; /note="N-linked (GlcNAc...) asparagine"; /evidence="ECO:0000269|PubMed:32025030, ECO:0000269|PubMed:8615697, ECO:0000312|PDB:6SCJ"; CARBOHYD 1716; /note="N-linked (GlcNAc...) asparagine"; /evidence="ECO:0000269|PubMed:32025030, ECO:0000269|PubMed:8615697, ECO:0000312|PDB:6SCJ"; CARBOHYD 1774; /note="N-linked (GlcNAc...) asparagine"; /evidence="ECO:0000269|PubMed:32025030, ECO:0000269|PubMed:8615697, ECO:0000312|PDB:6SCJ"; CARBOHYD 1869; /note="N-linked (GlcNAc...) asparagine"; /evidence="ECO:0000269|PubMed:32025030, ECO:0000312|PDB:6SCJ"; CARBOHYD 2013; /note="N-linked (GlcNAc...) asparagine"; /evidence="ECO:0000269|PubMed:32025030, ECO:0000269|PubMed:8615697, ECO:0000312|PDB:6SCJ"; CARBOHYD 2122; /note="N-linked (GlcNAc...) asparagine"; /evidence="ECO:0000269|PubMed:32025030, ECO:0000312|PDB:6SCJ"; CARBOHYD 2250; /note="N-linked (GlcNAc...) asparagine"; /evidence="ECO:0000269|PubMed:32025030, ECO:0000269|PubMed:8615697, ECO:0000312|PDB:6SCJ"; CARBOHYD 2295; /note="N-linked (GlcNAc...) asparagine"; /evidence="ECO:0000269|PubMed:32025030, ECO:0000269|PubMed:8615697, ECO:0000312|PDB:6SCJ"; CARBOHYD 2582; /note="N-linked (GlcNAc...) asparagine"; /evidence="ECO:0000269|PubMed:32025030, ECO:0000269|PubMed:8615697, ECO:0000312|PDB:6SCJ"; CARBOHYD 2749; /note="O-linked (Xyl...) (chondroitin sulfate) serine"; /evidence="ECO:0000269|PubMed:16679516"	
Q15465	SHH	CARBOHYD 278; /note="N-linked (GlcNAc...) asparagine"; /evidence="ECO:0000269|PubMed:16335952"	LIPID 24; /note="N-palmitoyl cysteine"; /evidence="ECO:0000269|PubMed:18534984, ECO:0000269|PubMed:29995851, ECO:0000269|PubMed:30139912, ECO:0000269|PubMed:31127104, ECO:0000269|PubMed:31875564, ECO:0000269|PubMed:34112694, ECO:0000269|PubMed:9593755, ECO:0007744|PDB:6E1H, ECO:0007744|PDB:7MHZ"; LIPID 197; /note="Cholesterol glycine ester"; /evidence="ECO:0000250|UniProtKB:Q62226"
Q16572	SLC18A3 VACHT	CARBOHYD 89; /note="N-linked (GlcNAc...) asparagine"; /evidence="ECO:0000255"; CARBOHYD 96; /note="N-linked (GlcNAc...) asparagine"; /evidence="ECO:0000255"	
P10600	TGFB3	CARBOHYD 74; /note="N-linked (GlcNAc...) asparagine"; /evidence="ECO:0000255"; CARBOHYD 135; /note="N-linked (GlcNAc...) asparagine"; /evidence="ECO:0000255"; CARBOHYD 142; /note="N-linked (GlcNAc...) asparagine"; /evidence="ECO:0000255"	
O00206	TLR4	CARBOHYD 35; /note="N-linked (GlcNAc...) asparagine"; /evidence="ECO:0000269|PubMed:11706042, ECO:0000269|PubMed:17803912, ECO:0000269|PubMed:22363519"; CARBOHYD 173; /note="N-linked (GlcNAc...) asparagine"; /evidence="ECO:0000269|PubMed:11706042, ECO:0000269|PubMed:17803912, ECO:0000269|PubMed:19252480, ECO:0000269|PubMed:22363519"; CARBOHYD 205; /note="N-linked (GlcNAc...) asparagine"; /evidence="ECO:0000269|PubMed:11706042, ECO:0000269|PubMed:17803912, ECO:0000269|PubMed:19252480"; CARBOHYD 282; /note="N-linked (GlcNAc...) asparagine"; /evidence="ECO:0000269|PubMed:11706042"; CARBOHYD 309; /note="N-linked (GlcNAc...) asparagine"; /evidence="ECO:0000269|PubMed:11706042"; CARBOHYD 497; /note="N-linked (GlcNAc...) asparagine"; /evidence="ECO:0000269|PubMed:11706042, ECO:0000269|PubMed:19252480"; CARBOHYD 526; /note="N-linked (GlcNAc...) asparagine"; /evidence="ECO:0000269|PubMed:11706042, ECO:0000269|PubMed:19252480, ECO:0000269|PubMed:38670073"; CARBOHYD 575; /note="N-linked (GlcNAc...) asparagine"; /evidence="ECO:0000269|PubMed:11706042, ECO:0000269|PubMed:19252480, ECO:0000269|PubMed:38670073"; CARBOHYD 624; /note="N-linked (GlcNAc...) asparagine"; /evidence="ECO:0000269|PubMed:11706042"; CARBOHYD 630; /note="N-linked (GlcNAc...) asparagine"; /evidence="ECO:0000255"	
P61812	TGFB2	CARBOHYD 72; /note="N-linked (GlcNAc...) asparagine"; /evidence="ECO:0000255"; CARBOHYD 140; /note="N-linked (GlcNAc...) asparagine"; /evidence="ECO:0000255"; CARBOHYD 241; /note="N-linked (GlcNAc...) asparagine"; /evidence="ECO:0000255"	
Q03167	TGFBR3	CARBOHYD 141; /note="N-linked (GlcNAc...) asparagine"; /evidence="ECO:0000255"; CARBOHYD 492; /note="N-linked (GlcNAc...) asparagine"; /evidence="ECO:0000255"; CARBOHYD 534; /note="O-linked (Xyl...) (glycosaminoglycan) serine"; /evidence="ECO:0000250"; CARBOHYD 545; /note="O-linked (Xyl...) (glycosaminoglycan) serine"; /evidence="ECO:0000250"; CARBOHYD 571; /note="N-linked (GlcNAc...) asparagine"; /evidence="ECO:0000255"; CARBOHYD 590; /note="N-linked (GlcNAc...) asparagine"; /evidence="ECO:0000255"; CARBOHYD 697; /note="N-linked (GlcNAc...) asparagine"; /evidence="ECO:0000255"	
P37173	TGFBR2	CARBOHYD 70; /note="N-linked (GlcNAc...) asparagine"; /evidence="ECO:0000255"; CARBOHYD 94; /note="N-linked (GlcNAc...) asparagine"; /evidence="ECO:0000255"; CARBOHYD 154; /note="N-linked (GlcNAc...) asparagine"; /evidence="ECO:0000255"	
P01137	TGFB1 TGFB	CARBOHYD 82; /note="N-linked (GlcNAc...) asparagine"; /evidence="ECO:0000269|PubMed:16263699, ECO:0000269|PubMed:16335952, ECO:0000269|PubMed:28117447, ECO:0007744|PDB:5FFO"; CARBOHYD 136; /note="N-linked (GlcNAc...) asparagine"; /evidence="ECO:0000255"; CARBOHYD 176; /note="N-linked (GlcNAc...) asparagine"; /evidence="ECO:0000255"	
P07204	THBD THRM	CARBOHYD 47; /note="N-linked (GlcNAc...) asparagine"; /evidence="ECO:0000255"; CARBOHYD 115; /note="N-linked (GlcNAc...) asparagine"; /evidence="ECO:0000255"; CARBOHYD 116; /note="N-linked (GlcNAc...) asparagine"; /evidence="ECO:0000255"; CARBOHYD 382; /note="N-linked (GlcNAc...) asparagine"; /evidence="ECO:0000255"; CARBOHYD 409; /note="N-linked (GlcNAc...) asparagine"; /evidence="ECO:0000255"; CARBOHYD 490; /note="O-linked (Xyl...) (chondroitin sulfate) serine"; /evidence="ECO:0000269|PubMed:8216207"; CARBOHYD 492; /note="O-linked (Xyl...) (chondroitin sulfate) serine"; /evidence="ECO:0000269|PubMed:8216207"	
P03973	SLPI WAP4 WFDC4		
P01033	TIMP1 CLGI TIMP	CARBOHYD 53; /note="N-linked (GlcNAc...) (complex) asparagine"; /evidence="ECO:0000269|PubMed:16263699, ECO:0000269|PubMed:16335952, ECO:0000269|PubMed:16740002, ECO:0000269|PubMed:19139490"; /id="CAR_000002"; CARBOHYD 101; /note="N-linked (GlcNAc...) asparagine"; /evidence="ECO:0000269|PubMed:16740002"; /id="CAR_000003"	
P02787	TF PRO1400	CARBOHYD 51; /note="O-linked (GalNAc...) serine"; /id="CAR_000073"; CARBOHYD 432; /note="N-linked (GlcNAc...) (complex) asparagine"; /evidence="ECO:0000269|PubMed:14760718, ECO:0000269|PubMed:15084671, ECO:0000269|PubMed:15536627, ECO:0000269|PubMed:16335952, ECO:0000269|PubMed:19159218, ECO:0000269|PubMed:19838169, ECO:0000269|PubMed:22327295, ECO:0000269|PubMed:31636418, ECO:0007744|PDB:6SOY, ECO:0007744|PDB:6SOZ"; /id="CAR_000074"; CARBOHYD 491; /note="N-linked (GlcNAc...) asparagine; atypical; partial"; /evidence="ECO:0000269|PubMed:15536627"; CARBOHYD 630; /note="N-linked (GlcNAc...) (complex) asparagine"; /evidence="ECO:0000269|PubMed:14760718, ECO:0000269|PubMed:15084671, ECO:0000269|PubMed:15536627, ECO:0000269|PubMed:16335952, ECO:0000269|PubMed:16740002, ECO:0000269|PubMed:19139490, ECO:0000269|PubMed:19159218, ECO:0000269|PubMed:19838169, ECO:0000269|PubMed:22327295"; /id="CAR_000075"	
P20062	TCN2 TC2		
Q9H0R3	TMEM222 C1orf160		
P35442	THBS2 TSP2	CARBOHYD 151; /note="N-linked (GlcNAc...) asparagine"; /evidence="ECO:0000255"; CARBOHYD 316; /note="N-linked (GlcNAc...) asparagine"; /evidence="ECO:0000255"; CARBOHYD 330; /note="N-linked (GlcNAc...) asparagine"; /evidence="ECO:0000255"; CARBOHYD 457; /note="N-linked (GlcNAc...) asparagine"; /evidence="ECO:0000255"; CARBOHYD 584; /note="N-linked (GlcNAc...) asparagine"; /evidence="ECO:0000269|PubMed:16186819"; CARBOHYD 710; /note="N-linked (GlcNAc...) asparagine"; /evidence="ECO:0000269|PubMed:16186819"; CARBOHYD 1069; /note="N-linked (GlcNAc...) asparagine"; /evidence="ECO:0000269|PubMed:16186819"	
Q15399	TLR1 KIAA0012	CARBOHYD 51; /note="N-linked (GlcNAc...) asparagine"; /evidence="ECO:0000269|PubMed:17889651"; CARBOHYD 137; /note="N-linked (GlcNAc...) asparagine"; /evidence="ECO:0000255"; CARBOHYD 163; /note="N-linked (GlcNAc...) asparagine"; /evidence="ECO:0000269|PubMed:17889651, ECO:0000269|PubMed:19159218"; CARBOHYD 330; /note="N-linked (GlcNAc...) asparagine"; /evidence="ECO:0000269|PubMed:17889651"; CARBOHYD 429; /note="N-linked (GlcNAc...) asparagine"; /evidence="ECO:0000269|PubMed:17889651"; CARBOHYD 578; /note="N-linked (GlcNAc...) asparagine"; /evidence="ECO:0000255"	
P40225	THPO MGDF	CARBOHYD 22; /note="O-linked (GalNAc...) serine"; /evidence="ECO:0000269|PubMed:8942648"; CARBOHYD 58; /note="O-linked (GalNAc...) threonine"; /evidence="ECO:0000269|PubMed:8942648"; CARBOHYD 131; /note="O-linked (GalNAc...) threonine"; /evidence="ECO:0000269|PubMed:8942648"; CARBOHYD 179; /note="O-linked (GalNAc...) threonine"; /evidence="ECO:0000269|PubMed:8942648"; CARBOHYD 180; /note="O-linked (GalNAc...) threonine"; /evidence="ECO:0000269|PubMed:8942648"; CARBOHYD 184; /note="O-linked (GalNAc...) serine"; /evidence="ECO:0000269|PubMed:8942648"; CARBOHYD 197; /note="N-linked (GlcNAc...) (complex) asparagine"; /evidence="ECO:0000269|PubMed:8942648"; CARBOHYD 206; /note="N-linked (GlcNAc...) (complex) asparagine"; /evidence="ECO:0000269|PubMed:8942648"; CARBOHYD 213; /note="O-linked (GalNAc...) threonine"; /evidence="ECO:0000269|PubMed:8942648"; CARBOHYD 234; /note="N-linked (GlcNAc...) (complex) asparagine"; /evidence="ECO:0000269|PubMed:8942648"; CARBOHYD 255; /note="N-linked (GlcNAc...) (complex) asparagine"; /evidence="ECO:0000269|PubMed:8942648"; CARBOHYD 265; /note="O-linked (GalNAc...) serine"; /evidence="ECO:0000269|PubMed:8942648"; CARBOHYD 340; /note="N-linked (GlcNAc...) asparagine"; /evidence="ECO:0000255"; CARBOHYD 348; /note="N-linked (GlcNAc...) asparagine"; /evidence="ECO:0000255"	
O60602	TLR5 TIL3	CARBOHYD 37; /note="N-linked (GlcNAc...) asparagine"; /evidence="ECO:0000269|PubMed:22173220"; CARBOHYD 46; /note="N-linked (GlcNAc...) asparagine"; /evidence="ECO:0000269|PubMed:22173220"; CARBOHYD 245; /note="N-linked (GlcNAc...) asparagine"; /evidence="ECO:0000269|PubMed:22173220"; CARBOHYD 342; /note="N-linked (GlcNAc...) asparagine"; /evidence="ECO:0000269|PubMed:22173220"; CARBOHYD 422; /note="N-linked (GlcNAc...) asparagine"; /evidence="ECO:0000269|PubMed:22173220"; CARBOHYD 595; /note="N-linked (GlcNAc...) asparagine"; /evidence="ECO:0000269|PubMed:22173220"; CARBOHYD 598; /note="N-linked (GlcNAc...) asparagine"; /evidence="ECO:0000269|PubMed:22173220"	
Q8NCS7	SLC44A5 CTL5	CARBOHYD 88; /note="N-linked (GlcNAc...) asparagine"; /evidence="ECO:0000255"; CARBOHYD 190; /note="N-linked (GlcNAc...) asparagine"; /evidence="ECO:0000255"; CARBOHYD 314; /note="N-linked (GlcNAc...) asparagine"; /evidence="ECO:0000255"	
P57057	SLC37A1 G3PP	CARBOHYD 81; /note="N-linked (GlcNAc...) asparagine"; /evidence="ECO:0000255"; CARBOHYD 263; /note="N-linked (GlcNAc...) asparagine"; /evidence="ECO:0000255"	
O60603	TLR2 TIL4	CARBOHYD 114; /note="N-linked (GlcNAc...) asparagine"; /evidence="ECO:0000269|PubMed:15173186, ECO:0000269|PubMed:17889651"; CARBOHYD 199; /note="N-linked (GlcNAc...) asparagine"; /evidence="ECO:0000269|PubMed:15173186, ECO:0000269|PubMed:17889651"; CARBOHYD 414; /note="N-linked (GlcNAc...) asparagine"; /evidence="ECO:0000269|PubMed:17889651"; CARBOHYD 442; /note="N-linked (GlcNAc...) asparagine"; /evidence="ECO:0000269|PubMed:15173186, ECO:0000269|PubMed:17889651"	
Q99835	SMO SMOH	CARBOHYD 35; /note="N-linked (GlcNAc...) asparagine"; /evidence="ECO:0000255"; CARBOHYD 188; /note="N-linked (GlcNAc...) asparagine"; /evidence="ECO:0000269|PubMed:27437577, ECO:0000269|PubMed:35658032, ECO:0007744|PDB:5L7D, ECO:0007744|PDB:7ZI0"; CARBOHYD 309; /note="N-linked (GlcNAc...) asparagine"; /evidence="ECO:0000255"; CARBOHYD 493; /note="N-linked (GlcNAc...) asparagine"; /evidence="ECO:0000269|PubMed:27437577, ECO:0000269|PubMed:28513578, ECO:0007744|PDB:5L7D, ECO:0007744|PDB:5L7I, ECO:0007744|PDB:5V56"	LIPID 95; /note="Cholesterol aspartate ester"; /evidence="ECO:0000269|PubMed:28344083"
Q9BX95	SGPP1 SPP1		
P13385	CRIPTO CRIPTO-1 TDGF1	CARBOHYD 79; /note="N-linked (GlcNAc...) asparagine"; /evidence="ECO:0000255"	LIPID 150; /note="GPI-anchor amidated aspartate"; /evidence="ECO:0000269|PubMed:18930707"
P35590	TIE1 TIE	CARBOHYD 83; /note="N-linked (GlcNAc...) asparagine"; /evidence="ECO:0000255"; CARBOHYD 161; /note="N-linked (GlcNAc...) asparagine"; /evidence="ECO:0000255"; CARBOHYD 503; /note="N-linked (GlcNAc...) asparagine"; /evidence="ECO:0000255"; CARBOHYD 596; /note="N-linked (GlcNAc...) asparagine"; /evidence="ECO:0000255"; CARBOHYD 709; /note="N-linked (GlcNAc...) asparagine"; /evidence="ECO:0000255"	
Q9NR96	TLR9 UNQ5798/PRO19605	CARBOHYD 64; /note="N-linked (GlcNAc...) asparagine"; /evidence="ECO:0000255"; CARBOHYD 129; /note="N-linked (GlcNAc...) asparagine"; /evidence="ECO:0000255"; CARBOHYD 200; /note="N-linked (GlcNAc...) asparagine"; /evidence="ECO:0000255"; CARBOHYD 210; /note="N-linked (GlcNAc...) asparagine"; /evidence="ECO:0000255"; CARBOHYD 242; /note="N-linked (GlcNAc...) asparagine"; /evidence="ECO:0000255"; CARBOHYD 300; /note="N-linked (GlcNAc...) asparagine"; /evidence="ECO:0000255"; CARBOHYD 340; /note="N-linked (GlcNAc...) asparagine"; /evidence="ECO:0000255"; CARBOHYD 469; /note="N-linked (GlcNAc...) asparagine"; /evidence="ECO:0000255"; CARBOHYD 474; /note="N-linked (GlcNAc...) asparagine"; /evidence="ECO:0000255"; CARBOHYD 513; /note="N-linked (GlcNAc...) asparagine"; /evidence="ECO:0000255"; CARBOHYD 567; /note="N-linked (GlcNAc...) asparagine"; /evidence="ECO:0000255"; CARBOHYD 694; /note="N-linked (GlcNAc...) asparagine"; /evidence="ECO:0000255"; CARBOHYD 731; /note="N-linked (GlcNAc...) asparagine"; /evidence="ECO:0000255"	LIPID 258; /note="S-palmitoyl cysteine"; /evidence="ECO:0000269|PubMed:38169466"; LIPID 265; /note="S-palmitoyl cysteine"; /evidence="ECO:0000269|PubMed:38169466"
Q5HYA8	TMEM67 MKS3	CARBOHYD 141; /note="N-linked (GlcNAc...) asparagine"; /evidence="ECO:0000269|PubMed:34731008, ECO:0007744|PDB:7FH1"; CARBOHYD 179; /note="N-linked (GlcNAc...) asparagine"; /evidence="ECO:0000269|PubMed:34731008, ECO:0007744|PDB:7FH1"; CARBOHYD 242; /note="N-linked (GlcNAc...) asparagine"; /evidence="ECO:0000269|PubMed:34731008, ECO:0007744|PDB:7FH1"; CARBOHYD 318; /note="N-linked (GlcNAc...) asparagine"; /evidence="ECO:0000269|PubMed:34731008, ECO:0007744|PDB:7FH1"	
Q9UPU3	SORCS3 KIAA1059	CARBOHYD 207; /note="N-linked (GlcNAc...) asparagine"; /evidence="ECO:0000255"; CARBOHYD 456; /note="N-linked (GlcNAc...) asparagine"; /evidence="ECO:0000255"; CARBOHYD 789; /note="N-linked (GlcNAc...) asparagine"; /evidence="ECO:0000255"; CARBOHYD 800; /note="N-linked (GlcNAc...) asparagine"; /evidence="ECO:0000255"; CARBOHYD 840; /note="N-linked (GlcNAc...) asparagine"; /evidence="ECO:0000255"; CARBOHYD 932; /note="N-linked (GlcNAc...) asparagine"; /evidence="ECO:0000255"; CARBOHYD 953; /note="N-linked (GlcNAc...) asparagine"; /evidence="ECO:0000255"; CARBOHYD 1065; /note="N-linked (GlcNAc...) asparagine"; /evidence="ECO:0000255"	
P05121	SERPINE1 PAI1 PLANH1	CARBOHYD 232; /note="N-linked (GlcNAc...) asparagine"; CARBOHYD 288; /note="N-linked (GlcNAc...) asparagine"; CARBOHYD 352; /note="N-linked (GlcNAc...) asparagine"; /evidence="ECO:0000255"	
O94813	SLIT2 SLIL3	CARBOHYD 66; /note="N-linked (GlcNAc...) asparagine"; /evidence="ECO:0000255"; CARBOHYD 186; /note="N-linked (GlcNAc...) asparagine"; /evidence="ECO:0000255"; CARBOHYD 564; /note="N-linked (GlcNAc...) asparagine"; /evidence="ECO:0000255"; CARBOHYD 623; /note="N-linked (GlcNAc...) asparagine"; CARBOHYD 794; /note="N-linked (GlcNAc...) asparagine"; /evidence="ECO:0000255"; CARBOHYD 799; /note="N-linked (GlcNAc...) asparagine"; /evidence="ECO:0000255"; CARBOHYD 1009; /note="N-linked (GlcNAc...) asparagine"; /evidence="ECO:0000255"; CARBOHYD 1010; /note="N-linked (GlcNAc...) asparagine"; /evidence="ECO:0000255"; CARBOHYD 1019; /note="N-linked (GlcNAc...) asparagine"; /evidence="ECO:0000255"; CARBOHYD 1183; /note="N-linked (GlcNAc...) asparagine"; /evidence="ECO:0000255"; CARBOHYD 1266; /note="N-linked (GlcNAc...) asparagine"; /evidence="ECO:0000255"; CARBOHYD 1300; /note="N-linked (GlcNAc...) asparagine"; /evidence="ECO:0000255"	
P25103	TACR1 NK1R TAC1R	CARBOHYD 14; /note="N-linked (GlcNAc...) asparagine"; /evidence="ECO:0000255"; CARBOHYD 18; /note="N-linked (GlcNAc...) asparagine"; /evidence="ECO:0000255"	LIPID 322; /note="S-palmitoyl cysteine"; /evidence="ECO:0000255"
Q9P2U7	SLC17A7 BNPI VGLUT1		
Q92673	SORL1 C11orf32	CARBOHYD 99; /note="N-linked (GlcNAc...) asparagine"; /evidence="ECO:0000269|PubMed:19159218"; CARBOHYD 158; /note="N-linked (GlcNAc...) asparagine"; /evidence="ECO:0000255"; CARBOHYD 368; /note="N-linked (GlcNAc...) asparagine"; /evidence="ECO:0000255"; CARBOHYD 430; /note="N-linked (GlcNAc...) asparagine"; /evidence="ECO:0000255"; CARBOHYD 616; /note="N-linked (GlcNAc...) asparagine"; /evidence="ECO:0000255"; CARBOHYD 674; /note="N-linked (GlcNAc...) asparagine"; /evidence="ECO:0000255"; CARBOHYD 818; /note="N-linked (GlcNAc...) asparagine"; /evidence="ECO:0000255"; CARBOHYD 871; /note="N-linked (GlcNAc...) asparagine"; /evidence="ECO:0000255"; CARBOHYD 1035; /note="N-linked (GlcNAc...) asparagine"; /evidence="ECO:0000255"; CARBOHYD 1068; /note="N-linked (GlcNAc...) asparagine"; /evidence="ECO:0000255"; CARBOHYD 1164; /note="N-linked (GlcNAc...) asparagine"; /evidence="ECO:0000255"; CARBOHYD 1191; /note="N-linked (GlcNAc...) asparagine"; /evidence="ECO:0000255"; CARBOHYD 1246; /note="N-linked (GlcNAc...) asparagine"; /evidence="ECO:0000255"; CARBOHYD 1367; /note="N-linked (GlcNAc...) asparagine"; /evidence="ECO:0000255"; CARBOHYD 1458; /note="N-linked (GlcNAc...) asparagine"; /evidence="ECO:0000255"; CARBOHYD 1608; /note="N-linked (GlcNAc...) asparagine"; /evidence="ECO:0000255"; CARBOHYD 1706; /note="N-linked (GlcNAc...) asparagine"; /evidence="ECO:0000255"; CARBOHYD 1733; /note="N-linked (GlcNAc...) asparagine"; /evidence="ECO:0000269|PubMed:19159218"; CARBOHYD 1809; /note="N-linked (GlcNAc...) asparagine"; /evidence="ECO:0000255"; CARBOHYD 1854; /note="N-linked (GlcNAc...) asparagine"; /evidence="ECO:0000255"; CARBOHYD 1894; /note="N-linked (GlcNAc...) asparagine"; /evidence="ECO:0000255"; CARBOHYD 1986; /note="N-linked (GlcNAc...) asparagine"; /evidence="ECO:0000255"; CARBOHYD 2010; /note="N-linked (GlcNAc...) asparagine"; /evidence="ECO:0000269|PubMed:19159218"; CARBOHYD 2054; /note="N-linked (GlcNAc...) asparagine"; /evidence="ECO:0000255"; CARBOHYD 2069; /note="N-linked (GlcNAc...) asparagine"; /evidence="ECO:0000255"; CARBOHYD 2076; /note="N-linked (GlcNAc...) asparagine"; /evidence="ECO:0000269|PubMed:19159218"; CARBOHYD 2092; /note="N-linked (GlcNAc...) asparagine"; /evidence="ECO:0000269|PubMed:19159218"	
P35247	SFTPD COLEC7 PSPD SFTP4	CARBOHYD 90; /note="N-linked (GlcNAc...) asparagine"; /evidence="ECO:0000255"	
P10646	TFPI LACI TFPI1	CARBOHYD 42; /note="O-linked (GalNAc...) threonine; partial"; /evidence="ECO:0000269|PubMed:19017259"; CARBOHYD 145; /note="N-linked (GlcNAc...) asparagine"; /evidence="ECO:0000269|PubMed:16335952, ECO:0000269|PubMed:19017259, ECO:0000269|PubMed:8639592"; CARBOHYD 195; /note="N-linked (GlcNAc...) asparagine"; /evidence="ECO:0000269|PubMed:19017259, ECO:0000269|PubMed:8639592"; CARBOHYD 202; /note="O-linked (GalNAc...) serine; partial"; /evidence="ECO:0000269|PubMed:19017259, ECO:0000269|PubMed:8639592"; CARBOHYD 203; /note="O-linked (GalNAc...) threonine"; /evidence="ECO:0000269|PubMed:19017259, ECO:0000269|PubMed:8639592"	
P05155	SERPING1 C1IN C1NH	CARBOHYD 25; /note="N-linked (GlcNAc...) (complex) asparagine"; /evidence="ECO:0000269|PubMed:14760718, ECO:0000269|PubMed:16040958, ECO:0000269|PubMed:16335952, ECO:0000269|PubMed:22171320, ECO:0000269|PubMed:3756141"; CARBOHYD 47; /note="O-linked (GalNAc...) threonine"; /evidence="ECO:0000269|PubMed:22171320, ECO:0000269|PubMed:23234360"; CARBOHYD 48; /note="O-linked (GalNAc...) threonine"; /evidence="ECO:0000269|PubMed:22171320, ECO:0000269|PubMed:23234360, ECO:0000269|PubMed:3756141"; CARBOHYD 64; /note="O-linked (GalNAc...) serine"; /evidence="ECO:0000269|PubMed:3756141"; CARBOHYD 69; /note="N-linked (GlcNAc...) asparagine"; /evidence="ECO:0000269|PubMed:16335952, ECO:0000269|PubMed:19159218, ECO:0000269|PubMed:3756141"; CARBOHYD 71; /note="O-linked (GalNAc...) threonine"; /evidence="ECO:0000269|PubMed:3756141"; CARBOHYD 81; /note="N-linked (GlcNAc...) asparagine"; /evidence="ECO:0000269|PubMed:19159218, ECO:0000269|PubMed:3756141"; CARBOHYD 83; /note="O-linked (GalNAc...) threonine"; /evidence="ECO:0000269|PubMed:3756141"; CARBOHYD 88; /note="O-linked (GalNAc...) threonine"; /evidence="ECO:0000269|PubMed:3756141"; CARBOHYD 92; /note="O-linked (GalNAc...) threonine"; /evidence="ECO:0000269|PubMed:3756141"; CARBOHYD 96; /note="O-linked (GalNAc...) threonine"; /evidence="ECO:0000269|PubMed:3756141"; CARBOHYD 238; /note="N-linked (GlcNAc...) (complex) asparagine"; /evidence="ECO:0000269|PubMed:14760718, ECO:0000269|PubMed:16335952, ECO:0000269|PubMed:17488724, ECO:0000269|PubMed:19139490, ECO:0000269|PubMed:19159218, ECO:0000269|PubMed:3756141"; CARBOHYD 253; /note="N-linked (GlcNAc...) (complex) asparagine"; /evidence="ECO:0000269|PubMed:12754519, ECO:0000269|PubMed:14760718, ECO:0000269|PubMed:16335952, ECO:0000269|PubMed:19139490, ECO:0000269|PubMed:19159218, ECO:0000269|PubMed:3756141"; CARBOHYD 272; /note="N-linked (GlcNAc...) asparagine; in variant TA"; CARBOHYD 352; /note="N-linked (GlcNAc...) (complex) asparagine"; /evidence="ECO:0000269|PubMed:14760718, ECO:0000269|PubMed:16335952, ECO:0000269|PubMed:19139490, ECO:0000269|PubMed:19159218, ECO:0000269|PubMed:19838169, ECO:0000269|PubMed:3756141"	
P24821	TNC HXB	CARBOHYD 38; /note="N-linked (GlcNAc...) asparagine"; /evidence="ECO:0000255"; CARBOHYD 72; /note="O-linked (Xyl...) (chondroitin sulfate) serine"; /evidence="ECO:0000269|PubMed:36213313"; CARBOHYD 166; /note="N-linked (GlcNAc...) asparagine"; /evidence="ECO:0000255"; CARBOHYD 184; /note="N-linked (GlcNAc...) asparagine"; /evidence="ECO:0000269|PubMed:18780401"; CARBOHYD 327; /note="N-linked (GlcNAc...) asparagine"; /evidence="ECO:0000255"; CARBOHYD 788; /note="N-linked (GlcNAc...) asparagine"; /evidence="ECO:0000255"; CARBOHYD 1018; /note="N-linked (GlcNAc...) asparagine"; /evidence="ECO:0000269|PubMed:19159218"; CARBOHYD 1034; /note="N-linked (GlcNAc...) asparagine"; /evidence="ECO:0000269|PubMed:19159218"; CARBOHYD 1079; /note="N-linked (GlcNAc...) asparagine"; /evidence="ECO:0000269|PubMed:18780401"; CARBOHYD 1093; /note="N-linked (GlcNAc...) asparagine"; /evidence="ECO:0000269|PubMed:18780401"; CARBOHYD 1119; /note="N-linked (GlcNAc...) asparagine"; /evidence="ECO:0000255"; CARBOHYD 1184; /note="N-linked (GlcNAc...) asparagine"; /evidence="ECO:0000269|PubMed:19159218"; CARBOHYD 1210; /note="N-linked (GlcNAc...) asparagine"; /evidence="ECO:0000255"; CARBOHYD 1261; /note="N-linked (GlcNAc...) asparagine"; /evidence="ECO:0000269|PubMed:18780401"; CARBOHYD 1275; /note="N-linked (GlcNAc...) asparagine"; /evidence="ECO:0000269|PubMed:19159218"; CARBOHYD 1301; /note="N-linked (GlcNAc...) asparagine"; /evidence="ECO:0000269|PubMed:18780401, ECO:0000269|PubMed:19159218"; CARBOHYD 1366; /note="N-linked (GlcNAc...) asparagine"; /evidence="ECO:0000269|PubMed:19159218"; CARBOHYD 1392; /note="N-linked (GlcNAc...) asparagine"; /evidence="ECO:0000255"; CARBOHYD 1445; /note="N-linked (GlcNAc...) asparagine"; /evidence="ECO:0000255"; CARBOHYD 1455; /note="N-linked (GlcNAc...) asparagine"; /evidence="ECO:0000255"; CARBOHYD 1485; /note="N-linked (GlcNAc...) asparagine"; /evidence="ECO:0000269|PubMed:18780401, ECO:0000269|PubMed:19159218"; CARBOHYD 1534; /note="N-linked (GlcNAc...) asparagine"; /evidence="ECO:0000255"; CARBOHYD 1809; /note="N-linked (GlcNAc...) asparagine"; /evidence="ECO:0000269|PubMed:16335952"; CARBOHYD 2162; /note="N-linked (GlcNAc...) asparagine"; /evidence="ECO:0000269|PubMed:18780401"	
P29371	TACR3 NK3R TAC3R	CARBOHYD 23; /note="N-linked (GlcNAc...) asparagine"; /evidence="ECO:0000255"; CARBOHYD 50; /note="N-linked (GlcNAc...) asparagine"; /evidence="ECO:0000255"; CARBOHYD 73; /note="N-linked (GlcNAc...) asparagine"; /evidence="ECO:0000255"	LIPID 374; /note="S-palmitoyl cysteine"; /evidence="ECO:0000255"
Q9UHF0	TAC3 NKNB UNQ585/PRO1155		
Q05940	SLC18A2 SVMT VMAT2	CARBOHYD 84; /note="N-linked (GlcNAc...) asparagine"; /evidence="ECO:0000255"; CARBOHYD 91; /note="N-linked (GlcNAc...) asparagine"; /evidence="ECO:0000255"	
P07093	SERPINE2 PI7 PN1	CARBOHYD 118; /note="N-linked (GlcNAc...) asparagine"; /evidence="ECO:0000255"; CARBOHYD 159; /note="N-linked (GlcNAc...) asparagine"; /evidence="ECO:0000255"	
O15374	SLC16A4 MCT4 MCT5		
P36897	TGFBR1 ALK5 SKR4	CARBOHYD 45; /note="N-linked (GlcNAc...) asparagine"; /evidence="ECO:0000255"	
Q8IU80	TMPRSS6 UNQ354/PRO618	CARBOHYD 136; /note="N-linked (GlcNAc...) asparagine"; /evidence="ECO:0000255"; CARBOHYD 184; /note="N-linked (GlcNAc...) asparagine"; /evidence="ECO:0000255"; CARBOHYD 216; /note="N-linked (GlcNAc...) asparagine"; /evidence="ECO:0000255"; CARBOHYD 338; /note="N-linked (GlcNAc...) asparagine"; /evidence="ECO:0000255"; CARBOHYD 433; /note="N-linked (GlcNAc...) asparagine"; /evidence="ECO:0000255"; CARBOHYD 453; /note="N-linked (GlcNAc...) asparagine"; /evidence="ECO:0000255"; CARBOHYD 518; /note="N-linked (GlcNAc...) asparagine"; /evidence="ECO:0000255"	
P07996	THBS1 TSP TSP1	CARBOHYD 248; /note="N-linked (GlcNAc...) asparagine"; /evidence="ECO:0000305|PubMed:16263699, ECO:0000305|PubMed:16335952, ECO:0000305|PubMed:18065761"; CARBOHYD 360; /note="N-linked (GlcNAc...) asparagine"; /evidence="ECO:0000255"; CARBOHYD 385; /note="C-linked (Man) tryptophan"; /evidence="ECO:0000269|PubMed:11067851"; /id="CAR_000205"; CARBOHYD 394; /note="O-linked (Fuc...) serine"; /evidence="ECO:0000269|PubMed:11067851"; /id="CAR_000206"; CARBOHYD 438; /note="C-linked (Man) tryptophan"; /evidence="ECO:0000269|PubMed:11067851"; /id="CAR_000207"; CARBOHYD 441; /note="C-linked (Man) tryptophan"; /evidence="ECO:0000269|PubMed:11067851"; /id="CAR_000208"; CARBOHYD 450; /note="O-linked (Fuc...) threonine"; /evidence="ECO:0000269|PubMed:11067851, ECO:0000269|PubMed:12391027"; /id="CAR_000209"; CARBOHYD 498; /note="C-linked (Man) tryptophan"; /evidence="ECO:0000269|PubMed:11067851"; /id="CAR_000210"; CARBOHYD 507; /note="O-linked (Fuc...) threonine"; /evidence="ECO:0000269|PubMed:11067851, ECO:0000269|PubMed:12391027"; /id="CAR_000211"; CARBOHYD 553; /note="O-linked (Xyl) serine"; /evidence="ECO:0000269|PubMed:38237698"; CARBOHYD 708; /note="N-linked (GlcNAc...) asparagine"; /evidence="ECO:0000255"; CARBOHYD 1067; /note="N-linked (GlcNAc...) asparagine"; /evidence="ECO:0000269|PubMed:15014436, ECO:0000269|PubMed:16335952, ECO:0000269|PubMed:16740002, ECO:0000269|PubMed:19159218"	
Q9HCN3	PGAP6 TMEM6 TMEM8 TMEM8A	CARBOHYD 144; /note="N-linked (GlcNAc...) asparagine"; /evidence="ECO:0000255"; CARBOHYD 407; /note="N-linked (GlcNAc...) asparagine"; /evidence="ECO:0000255"; CARBOHYD 431; /note="N-linked (GlcNAc...) asparagine"; /evidence="ECO:0000255"	
Q8IWL1	SFTPA2 COLEC5 PSAP SFTP1 SFTPA SFTPA2B	CARBOHYD 207; /note="N-linked (GlcNAc...) asparagine"; /evidence="ECO:0000305"	
Q8N474	SFRP1 FRP FRP1 SARP2	CARBOHYD 173; /note="N-linked (GlcNAc...) asparagine"; /evidence="ECO:0000269|PubMed:11741940"	
Q9BUD6	SPON2 DIL1 UNQ435/PRO866	CARBOHYD 283; /note="C-linked (Man) tryptophan"; /evidence="ECO:0000269|PubMed:19153605"	
O43278	SPINT1 HAI1 UNQ223/PRO256	CARBOHYD 66; /note="N-linked (GlcNAc...) asparagine"; /evidence="ECO:0000255"; CARBOHYD 235; /note="N-linked (GlcNAc...) asparagine"; /evidence="ECO:0000255"; CARBOHYD 523; /note="N-linked (GlcNAc...) asparagine"; /evidence="ECO:0000255"	
Q9BQB4	SOST UNQ2976/PRO7455/PRO7476	CARBOHYD 53; /note="N-linked (GlcNAc...) asparagine"; /evidence="ECO:0000255"; CARBOHYD 175; /note="N-linked (GlcNAc...) asparagine"; /evidence="ECO:0000255"	
P36021	SLC16A2 MCT7 MCT8 XPCT		
P21452	TACR2 NK2R NKNAR TAC2R	CARBOHYD 11; /note="N-linked (GlcNAc...) asparagine"; /evidence="ECO:0000255"; CARBOHYD 19; /note="N-linked (GlcNAc...) asparagine"; /evidence="ECO:0000255"	LIPID 324; /note="S-palmitoyl cysteine"; /evidence="ECO:0000255"
Q02763	TEK TIE2 VMCM VMCM1	CARBOHYD 140; /note="N-linked (GlcNAc...) asparagine"; /evidence="ECO:0000269|PubMed:16732286"; CARBOHYD 158; /note="N-linked (GlcNAc...) asparagine"; /evidence="ECO:0000255"; CARBOHYD 399; /note="N-linked (GlcNAc...) asparagine"; /evidence="ECO:0000255"; CARBOHYD 438; /note="N-linked (GlcNAc...) asparagine"; /evidence="ECO:0000255"; CARBOHYD 464; /note="N-linked (GlcNAc...) asparagine"; /evidence="ECO:0000255"; CARBOHYD 560; /note="N-linked (GlcNAc...) asparagine"; /evidence="ECO:0000255"; CARBOHYD 596; /note="N-linked (GlcNAc...) asparagine"; /evidence="ECO:0000269|PubMed:19159218"; CARBOHYD 649; /note="N-linked (GlcNAc...) asparagine"; /evidence="ECO:0000255"; CARBOHYD 691; /note="N-linked (GlcNAc...) asparagine"; /evidence="ECO:0000255"	
P10451	SPP1 BNSP OPN PSEC0156	CARBOHYD 134; /note="O-linked (GalNAc...) threonine"; /evidence="ECO:0000269|PubMed:15869464"; CARBOHYD 138; /note="O-linked (GalNAc...) threonine"; /evidence="ECO:0000269|PubMed:15869464"; CARBOHYD 143; /note="O-linked (GalNAc...) threonine"; /evidence="ECO:0000269|PubMed:15869464"; CARBOHYD 147; /note="O-linked (GalNAc...) threonine"; /evidence="ECO:0000269|PubMed:15869464"; CARBOHYD 152; /note="O-linked (GalNAc...) threonine"; /evidence="ECO:0000269|PubMed:15869464"; CARBOHYD 234; /note="O-linked (Xyl...) (chondroitin sulfate) serine"; /evidence="ECO:0000269|PubMed:25326458, ECO:0000269|PubMed:37453717"; CARBOHYD 308; /note="O-linked (Xyl...) (chondroitin sulfate) serine"; /evidence="ECO:0000269|PubMed:25326458, ECO:0000269|PubMed:36213313, ECO:0000269|PubMed:37453717"	
O75093	SLIT1 KIAA0813 MEGF4 SLIL1	CARBOHYD 72; /note="N-linked (GlcNAc...) asparagine"; /evidence="ECO:0000255"; CARBOHYD 192; /note="N-linked (GlcNAc...) asparagine"; /evidence="ECO:0000255"; CARBOHYD 406; /note="N-linked (GlcNAc...) asparagine"; /evidence="ECO:0000255"; CARBOHYD 571; /note="N-linked (GlcNAc...) asparagine"; /evidence="ECO:0000255"; CARBOHYD 630; /note="N-linked (GlcNAc...) asparagine"; /evidence="ECO:0000255"; CARBOHYD 762; /note="N-linked (GlcNAc...) asparagine"; /evidence="ECO:0000255"; CARBOHYD 801; /note="N-linked (GlcNAc...) asparagine"; /evidence="ECO:0000255"; CARBOHYD 806; /note="N-linked (GlcNAc...) asparagine"; /evidence="ECO:0000255"; CARBOHYD 1026; /note="N-linked (GlcNAc...) asparagine"; /evidence="ECO:0000255"; CARBOHYD 1079; /note="N-linked (GlcNAc...) asparagine"; /evidence="ECO:0000255"; CARBOHYD 1189; /note="N-linked (GlcNAc...) asparagine"; /evidence="ECO:0000255"; CARBOHYD 1259; /note="N-linked (GlcNAc...) asparagine"; /evidence="ECO:0000255"; CARBOHYD 1306; /note="N-linked (GlcNAc...) asparagine"; /evidence="ECO:0000255"	
Q2MV58	TCTN1 TECT1 UNQ9369/PRO34160	CARBOHYD 36; /note="N-linked (GlcNAc...) asparagine"; /evidence="ECO:0000255"; CARBOHYD 295; /note="N-linked (GlcNAc...) asparagine"; /evidence="ECO:0000255"; CARBOHYD 528; /note="N-linked (GlcNAc...) asparagine"; /evidence="ECO:0000255"	
Q8WWX8	SLC5A11 KST1 SLGTX SMIT2		
P20366	TAC1 NKA NKNA TAC2		
Q9Y5Y6	ST14 PRSS14 SNC19 TADG15	CARBOHYD 109; /note="N-linked (GlcNAc...) asparagine"; /evidence="ECO:0000255"; CARBOHYD 302; /note="N-linked (GlcNAc...) asparagine"; /evidence="ECO:0000255"; CARBOHYD 485; /note="N-linked (GlcNAc...) asparagine"; /evidence="ECO:0000255"; CARBOHYD 772; /note="N-linked (GlcNAc...) asparagine"; /evidence="ECO:0000255"	
Q9NWM0	SMOX C20orf16 SMO UNQ3039/PRO9854		
Q9BX79	STRA6 PP14296 UNQ3126/PRO10282/PRO19578	CARBOHYD 8; /note="N-linked (GlcNAc...) asparagine"; /evidence="ECO:0000255"	
Q9BX66	SORBS1 KIAA0894 KIAA1296 SH3D5		
Q8IWL2	SFTPA1 COLEC4 PSAP SFTP1 SFTPA SFTPA1B	CARBOHYD 207; /note="N-linked (GlcNAc...) asparagine"; /evidence="ECO:0000305"	
Q9NP59	SLC40A1 FPN FPN1 IREG1 SLC11A3 MSTP079	CARBOHYD 434; /note="N-linked (GlcNAc...) asparagine"; /evidence="ECO:0000255"	
O75094	SLIT3 KIAA0814 MEGF5 SLIL2 UNQ691/PRO1336	CARBOHYD 72; /note="N-linked (GlcNAc...) asparagine"; /evidence="ECO:0000255"; CARBOHYD 192; /note="N-linked (GlcNAc...) asparagine"; /evidence="ECO:0000255"; CARBOHYD 563; /note="N-linked (GlcNAc...) asparagine"; /evidence="ECO:0000255"; CARBOHYD 622; /note="N-linked (GlcNAc...) asparagine"; /evidence="ECO:0000255"; CARBOHYD 784; /note="N-linked (GlcNAc...) asparagine"; /evidence="ECO:0000255"; CARBOHYD 792; /note="N-linked (GlcNAc...) asparagine"; /evidence="ECO:0000255"; CARBOHYD 797; /note="N-linked (GlcNAc...) asparagine"; /evidence="ECO:0000255"; CARBOHYD 928; /note="N-linked (GlcNAc...) asparagine"; /evidence="ECO:0000255"; CARBOHYD 1008; /note="N-linked (GlcNAc...) asparagine"; /evidence="ECO:0000255"; CARBOHYD 1025; /note="N-linked (GlcNAc...) asparagine"; /evidence="ECO:0000255"; CARBOHYD 1181; /note="N-linked (GlcNAc...) asparagine"; /evidence="ECO:0000255"; CARBOHYD 1247; /note="N-linked (GlcNAc...) asparagine"; /evidence="ECO:0000255"; CARBOHYD 1406; /note="N-linked (GlcNAc...) asparagine"; /evidence="ECO:0000255"	
P78324	SIRPA BIT MFR MYD1 PTPNS1 SHPS1 SIRP	CARBOHYD 245; /note="N-linked (GlcNAc...) asparagine"; /evidence="ECO:0000269|PubMed:16335952"; CARBOHYD 270; /note="N-linked (GlcNAc...) asparagine"; /evidence="ECO:0000269|PubMed:19159218"; CARBOHYD 292; /note="N-linked (GlcNAc...) asparagine"; /evidence="ECO:0000269|PubMed:19159218"; CARBOHYD 319; /note="N-linked (GlcNAc...) asparagine"; /evidence="ECO:0000255"	
Q5TFQ8	SIRPB1	CARBOHYD 244; /note="N-linked (GlcNAc...) asparagine"; /evidence="ECO:0000255"; CARBOHYD 291; /note="N-linked (GlcNAc...) asparagine"; /evidence="ECO:0000255"; CARBOHYD 318; /note="N-linked (GlcNAc...) asparagine"; /evidence="ECO:0000255"	
Q5TAH2	SLC9C2 SLC9A11	CARBOHYD 447; /note="N-linked (GlcNAc...) asparagine"; /evidence="ECO:0000255"; CARBOHYD 473; /note="N-linked (GlcNAc...) asparagine"; /evidence="ECO:0000255"	
Q4VX76	SYTL3 SLP3		
Q96JT2	SLC45A3 PCANAP6 PRST		
Q969D9	TSLP	CARBOHYD 64; /note="N-linked (GlcNAc...) asparagine"; /evidence="ECO:0000255"; CARBOHYD 119; /note="N-linked (GlcNAc...) asparagine"; /evidence="ECO:0000255"	
P41273	TNFSF9		
Q9UBD3	XCL2 SCYC2		
P55089	UCN		
P50552	VASP		
Q9NZC2	TREM2	CARBOHYD 20; /note="N-linked (GlcNAc...) asparagine"; /evidence="ECO:0000269|PubMed:29794134, ECO:0007744|PDB:6B8O"; CARBOHYD 79; /note="N-linked (GlcNAc...) asparagine"; /evidence="ECO:0000269|PubMed:27995897, ECO:0000269|PubMed:29794134, ECO:0007744|PDB:5ELI, ECO:0007744|PDB:6B8O"	
P19320	VCAM1	CARBOHYD 273; /note="N-linked (GlcNAc...) asparagine"; /evidence="ECO:0000255"; CARBOHYD 365; /note="N-linked (GlcNAc...) asparagine"; /evidence="ECO:0000255"; CARBOHYD 417; /note="N-linked (GlcNAc...) asparagine"; /evidence="ECO:0000255"; CARBOHYD 463; /note="N-linked (GlcNAc...) asparagine"; /evidence="ECO:0000255"; CARBOHYD 531; /note="N-linked (GlcNAc...) asparagine"; /evidence="ECO:0000255"; CARBOHYD 561; /note="N-linked (GlcNAc...) asparagine"; /evidence="ECO:0000269|PubMed:16335952"	
P04004	VTN	CARBOHYD 86; /note="N-linked (GlcNAc...) (complex) asparagine"; /evidence="ECO:0000269|PubMed:14760718, ECO:0000269|PubMed:16335952, ECO:0000269|PubMed:17558413, ECO:0000269|PubMed:19139490, ECO:0000269|PubMed:19159218"; CARBOHYD 169; /note="N-linked (GlcNAc...) asparagine"; /evidence="ECO:0000269|PubMed:14760718, ECO:0000269|PubMed:16335952, ECO:0000269|PubMed:19159218"; CARBOHYD 242; /note="N-linked (GlcNAc...) (complex) asparagine"; /evidence="ECO:0000269|PubMed:14760718, ECO:0000269|PubMed:16335952, ECO:0000269|PubMed:19139490, ECO:0000269|PubMed:19159218"	
O00755	WNT7A	CARBOHYD 83; /note="N-linked (GlcNAc...) asparagine"; /evidence="ECO:0000255"; CARBOHYD 127; /note="N-linked (GlcNAc...) asparagine"; /evidence="ECO:0000255"; CARBOHYD 295; /note="N-linked (GlcNAc...) asparagine"; /evidence="ECO:0000255"	LIPID 206; /note="O-palmitoleoyl serine; by PORCN"; /evidence="ECO:0000305|PubMed:30026314"
O60635	TSPAN1	CARBOHYD 141; /note="N-linked (GlcNAc...) asparagine"; /evidence="ECO:0000269|PubMed:19508227"; CARBOHYD 154; /note="N-linked (GlcNAc...) asparagine"; /evidence="ECO:0000269|PubMed:19508227"; CARBOHYD 178; /note="N-linked (GlcNAc...) asparagine"; /evidence="ECO:0000269|PubMed:19508227"; CARBOHYD 184; /note="N-linked (GlcNAc...) asparagine"; /evidence="ECO:0000269|PubMed:19508227"	
P01222	TSHB	CARBOHYD 43; /note="N-linked (GlcNAc...) asparagine"	
Q9NP84	TNFRSF12A FN14		
P56704	WNT3A	CARBOHYD 87; /note="N-linked (GlcNAc...) asparagine"; /evidence="ECO:0000269|PubMed:21244856"; CARBOHYD 298; /note="N-linked (GlcNAc...) asparagine"; /evidence="ECO:0000269|PubMed:21244856"	LIPID 209; /note="O-palmitoleoyl serine; by PORCN"; /evidence="ECO:0000269|PubMed:20826466, ECO:0000269|PubMed:21244856, ECO:0000269|PubMed:24292069, ECO:0000269|PubMed:25731175"
O96014	WNT11	CARBOHYD 40; /note="N-linked (GlcNAc...) asparagine"; /evidence="ECO:0000255"; CARBOHYD 90; /note="N-linked (GlcNAc...) asparagine"; /evidence="ECO:0000255"; CARBOHYD 160; /note="N-linked (GlcNAc...) asparagine"; /evidence="ECO:0000255"; CARBOHYD 300; /note="N-linked (GlcNAc...) asparagine"; /evidence="ECO:0000255"; CARBOHYD 304; /note="N-linked (GlcNAc...) asparagine"; /evidence="ECO:0000255"	LIPID 215; /note="O-palmitoleoyl serine; by PORCN"; /evidence="ECO:0000250|UniProtKB:P56704"
P01282	VIP		
P49767	VEGFC	CARBOHYD 175; /note="N-linked (GlcNAc...) asparagine"; /evidence="ECO:0000269|PubMed:20145116, ECO:0000269|PubMed:23878260"; CARBOHYD 205; /note="N-linked (GlcNAc...) asparagine"; /evidence="ECO:0000269|PubMed:20145116, ECO:0000269|PubMed:23878260"; CARBOHYD 240; /note="N-linked (GlcNAc...) asparagine"; /evidence="ECO:0000255"	
Q9UBV4	WNT16	CARBOHYD 143; /note="N-linked (GlcNAc...) asparagine"; /evidence="ECO:0000255"; CARBOHYD 189; /note="N-linked (GlcNAc...) asparagine"; /evidence="ECO:0000255"; CARBOHYD 311; /note="N-linked (GlcNAc...) asparagine"; /evidence="ECO:0000255"	LIPID 227; /note="O-palmitoleoyl serine; by PORCN"; /evidence="ECO:0000250|UniProtKB:P56704"
P20396	TRH		
Q969E3	UCN3 SPC		
P41221	WNT5A	CARBOHYD 114; /note="N-linked (GlcNAc...) asparagine"; /evidence="ECO:0000255"; CARBOHYD 120; /note="N-linked (GlcNAc...) asparagine"; /evidence="ECO:0000255"; CARBOHYD 312; /note="N-linked (GlcNAc...) asparagine"; /evidence="ECO:0000255"; CARBOHYD 326; /note="N-linked (GlcNAc...) asparagine"; /evidence="ECO:0000255"	LIPID 244; /note="O-palmitoleoyl serine; by PORCN"; /evidence="ECO:0000250|UniProtKB:P56704"
P56706	WNT7B	CARBOHYD 83; /note="N-linked (GlcNAc...) asparagine"; /evidence="ECO:0000255"; CARBOHYD 127; /note="N-linked (GlcNAc...) asparagine"; /evidence="ECO:0000255"; CARBOHYD 295; /note="N-linked (GlcNAc...) asparagine"; /evidence="ECO:0000255"	LIPID 206; /note="O-palmitoleoyl serine; by PORCN"; /evidence="ECO:0000250|UniProtKB:P56704"
P34981	TRHR	CARBOHYD 3; /note="N-linked (GlcNAc...) asparagine"; /evidence="ECO:0000255"; CARBOHYD 10; /note="N-linked (GlcNAc...) asparagine"; /evidence="ECO:0000255"	
P23510	TNFSF4 TXGP1	CARBOHYD 90; /note="N-linked (GlcNAc...) asparagine"; /evidence="ECO:0000255"; CARBOHYD 114; /note="N-linked (GlcNAc...) asparagine"; /evidence="ECO:0000255"; CARBOHYD 152; /note="N-linked (GlcNAc...) asparagine"; /evidence="ECO:0000269|PubMed:16905106"; CARBOHYD 157; /note="N-linked (GlcNAc...) asparagine"; /evidence="ECO:0000255"	
P49765	VEGFB VRF		
Q96RP3	UCN2 SRP URP		
Q9BZM5	ULBP2 N2DL2 RAET1H UNQ463/PRO791	CARBOHYD 68; /note="N-linked (GlcNAc...) asparagine"; /evidence="ECO:0000255"; CARBOHYD 82; /note="N-linked (GlcNAc...) asparagine"; /evidence="ECO:0000255"	LIPID 217; /note="GPI-anchor amidated serine"; /evidence="ECO:0000269|PubMed:37684232, ECO:0000312|PDB:8IMX, ECO:0000312|PDB:8IMY"
P32241	VIPR1	CARBOHYD 58; /note="N-linked (GlcNAc...) asparagine"; /evidence="ECO:0000255"; CARBOHYD 69; /note="N-linked (GlcNAc...) asparagine"; /evidence="ECO:0000255"; CARBOHYD 100; /note="N-linked (GlcNAc...) asparagine"; /evidence="ECO:0000255"; CARBOHYD 290; /note="N-linked (GlcNAc...) asparagine"; /evidence="ECO:0000255"	
P08670	VIM	CARBOHYD 7; /note="O-linked (GlcNAc) serine; alternate"; /evidence="ECO:0000269|PubMed:20068230"; CARBOHYD 33; /note="O-linked (GlcNAc) threonine"; /evidence="ECO:0000269|PubMed:20068230"; CARBOHYD 34; /note="O-linked (GlcNAc) serine; alternate"; /evidence="ECO:0000269|PubMed:20068230"	
P98155	VLDLR	CARBOHYD 151; /note="N-linked (GlcNAc...) asparagine"; /evidence="ECO:0000255"; CARBOHYD 765; /note="N-linked (GlcNAc...) asparagine"; /evidence="ECO:0000255"; CARBOHYD 781; /note="N-linked (GlcNAc...) asparagine"; /evidence="ECO:0000255"	
P54577	YARS1 YARS		
P43489	TNFRSF4 TXGP1L	CARBOHYD 146; /note="N-linked (GlcNAc...) asparagine"; /evidence="ECO:0000255"; CARBOHYD 160; /note="N-linked (GlcNAc...) asparagine"; /evidence="ECO:0000255"	
O14836	TNFRSF13B TACI	CARBOHYD 128; /note="N-linked (GlcNAc...) asparagine"; /evidence="ECO:0000255"	
P04628	WNT1 INT1	CARBOHYD 29; /note="N-linked (GlcNAc...) asparagine"; /evidence="ECO:0000255"; CARBOHYD 316; /note="N-linked (GlcNAc...) asparagine"; /evidence="ECO:0000255"; CARBOHYD 346; /note="N-linked (GlcNAc...) asparagine"; /evidence="ECO:0000255"; CARBOHYD 359; /note="N-linked (GlcNAc...) asparagine"; /evidence="ECO:0000255"	LIPID 224; /note="O-palmitoleoyl serine; by PORCN"; /evidence="ECO:0000250|UniProtKB:Q91029"
P56703	WNT3 INT4	CARBOHYD 90; /note="N-linked (GlcNAc...) asparagine"; /evidence="ECO:0000255"; CARBOHYD 301; /note="N-linked (GlcNAc...) asparagine"; /evidence="ECO:0000255"	LIPID 212; /note="O-palmitoleoyl serine; by PORCN"; /evidence="ECO:0000250|UniProtKB:P56704"
Q9Y6Q6	TNFRSF11A RANK	CARBOHYD 105; /note="N-linked (GlcNAc...) asparagine"; /evidence="ECO:0000255"; CARBOHYD 174; /note="N-linked (GlcNAc...) asparagine"; /evidence="ECO:0000255"	
Q96RJ3	TNFRSF13C BAFFR BR3		
P13611	VCAN CSPG2	CARBOHYD 57; /note="N-linked (GlcNAc...) asparagine"; /evidence="ECO:0000255"; CARBOHYD 330; /note="N-linked (GlcNAc...) asparagine"; /evidence="ECO:0000255"; CARBOHYD 615; /note="N-linked (GlcNAc...) asparagine"; /evidence="ECO:0000255"; CARBOHYD 659; /note="O-linked (Xyl...) (chondroitin sulfate) serine"; /evidence="ECO:0000269|PubMed:32337544"; CARBOHYD 782; /note="N-linked (GlcNAc...) asparagine"; /evidence="ECO:0000255"; CARBOHYD 809; /note="N-linked (GlcNAc...) asparagine"; /evidence="ECO:0000255"; CARBOHYD 1332; /note="N-linked (GlcNAc...) asparagine"; /evidence="ECO:0000255"; CARBOHYD 1398; /note="N-linked (GlcNAc...) asparagine"; /evidence="ECO:0000255"; CARBOHYD 1442; /note="N-linked (GlcNAc...) asparagine"; /evidence="ECO:0000255"; CARBOHYD 1468; /note="N-linked (GlcNAc...) asparagine"; /evidence="ECO:0000255"; CARBOHYD 1548; /note="O-linked (Xyl...) (chondroitin sulfate) serine"; /evidence="ECO:0000269|PubMed:25326458, ECO:0000269|PubMed:32337544, ECO:0000269|PubMed:36213313"; CARBOHYD 1631; /note="O-linked (Xyl...) (chondroitin sulfate) serine"; /evidence="ECO:0000269|PubMed:32337544, ECO:0000269|PubMed:36213313"; CARBOHYD 1663; /note="N-linked (GlcNAc...) asparagine"; /evidence="ECO:0000255"; CARBOHYD 1898; /note="N-linked (GlcNAc...) asparagine"; /evidence="ECO:0000255"; CARBOHYD 1935; /note="O-linked (Xyl...) (chondroitin sulfate) serine"; /evidence="ECO:0000269|PubMed:36213313"; CARBOHYD 1959; /note="O-linked (Xyl...) (chondroitin sulfate) serine"; /evidence="ECO:0000269|PubMed:32337544, ECO:0000269|PubMed:36213313"; CARBOHYD 2179; /note="N-linked (GlcNAc...) asparagine"; /evidence="ECO:0000255"; CARBOHYD 2247; /note="O-linked (Xyl...) (chondroitin sulfate) serine"; /evidence="ECO:0000269|PubMed:32337544"; CARBOHYD 2254; /note="O-linked (Xyl...) (chondroitin sulfate) serine"; /evidence="ECO:0000269|PubMed:36213313"; CARBOHYD 2272; /note="N-linked (GlcNAc...) asparagine"; /evidence="ECO:0000255"; CARBOHYD 2280; /note="N-linked (GlcNAc...) asparagine"; /evidence="ECO:0000255"; CARBOHYD 2360; /note="N-linked (GlcNAc...) asparagine"; /evidence="ECO:0000255"; CARBOHYD 2385; /note="N-linked (GlcNAc...) asparagine"; /evidence="ECO:0000255"; CARBOHYD 2392; /note="N-linked (GlcNAc...) asparagine"; /evidence="ECO:0000255"; CARBOHYD 2496; /note="N-linked (GlcNAc...) asparagine"; /evidence="ECO:0000255"; CARBOHYD 2628; /note="N-linked (GlcNAc...) asparagine"; /evidence="ECO:0000255"; CARBOHYD 2722; /note="O-linked (Xyl...) (chondroitin sulfate) serine"; /evidence="ECO:0000255"; CARBOHYD 2723; /note="O-linked (Xyl...) (chondroitin sulfate) serine"; /evidence="ECO:0000269|PubMed:36213313"; CARBOHYD 2767; /note="O-linked (Xyl...) (chondroitin sulfate) serine"; /evidence="ECO:0000269|PubMed:32337544"; CARBOHYD 2934; /note="N-linked (GlcNAc...) asparagine"; /evidence="ECO:0000255"; CARBOHYD 2941; /note="O-linked (Xyl...) (chondroitin sulfate) serine"; /evidence="ECO:0000269|PubMed:36213313"; CARBOHYD 3067; /note="N-linked (GlcNAc...) asparagine"; /evidence="ECO:0000255"; CARBOHYD 3369; /note="N-linked (GlcNAc...) asparagine"; /evidence="ECO:0000255"; CARBOHYD 3379; /note="N-linked (GlcNAc...) asparagine"; /evidence="ECO:0000255"	
Q8TAA9	VANGL1 STB2		
O43914	TYROBP DAP12 KARAP		
Q12933	TRAF2 TRAP3		
Q96DA0	ZG16B PAUF UNQ773/PRO1567	CARBOHYD 161; /note="N-linked (GlcNAc...) asparagine"; /evidence="ECO:0000255"	
P41587	VIPR2 VIP2R	CARBOHYD 58; /note="N-linked (GlcNAc...) asparagine"; /evidence="ECO:0000255"; CARBOHYD 88; /note="N-linked (GlcNAc...) asparagine"; /evidence="ECO:0000255"; CARBOHYD 92; /note="N-linked (GlcNAc...) asparagine"; /evidence="ECO:0000255"	
Q9UKP6	UTS2R GPR14	CARBOHYD 29; /note="N-linked (GlcNAc...) asparagine"; /evidence="ECO:0000255"; CARBOHYD 33; /note="N-linked (GlcNAc...) asparagine"; /evidence="ECO:0000255"	
P15692	VEGFA VEGF	CARBOHYD 281; /note="N-linked (GlcNAc...) asparagine"	
P01375	TNF TNFA TNFSF2	CARBOHYD 80; /note="O-linked (GalNAc...) serine; in soluble form"; /evidence="ECO:0000269|PubMed:8631363"	LIPID 19; /note="N6-myristoyl lysine"; /evidence="ECO:0000269|PubMed:1402651, ECO:0000269|PubMed:23552949"; LIPID 20; /note="N6-myristoyl lysine"; /evidence="ECO:0000269|PubMed:1402651, ECO:0000269|PubMed:23552949"
P47992	XCL1 LTN SCYC1		
Q9UBN6	TNFRSF10D DCR2 TRAILR4 TRUNDD UNQ251/PRO288	CARBOHYD 127; /note="N-linked (GlcNAc...) asparagine"; /evidence="ECO:0000255"; CARBOHYD 182; /note="N-linked (GlcNAc...) asparagine"; /evidence="ECO:0000255"	
Q02223	TNFRSF17 BCM BCMA		
O95185	UNC5C UNC5H3	CARBOHYD 236; /note="N-linked (GlcNAc...) asparagine"; /evidence="ECO:0000255"; CARBOHYD 361; /note="N-linked (GlcNAc...) asparagine"; /evidence="ECO:0000255"	
O95399	UTS2 UNQ525/PRO1068		
P32971	TNFSF8 CD30L CD30LG	CARBOHYD 81; /note="N-linked (GlcNAc...) asparagine"; /evidence="ECO:0000255"; CARBOHYD 109; /note="N-linked (GlcNAc...) asparagine"; /evidence="ECO:0000255"; CARBOHYD 153; /note="N-linked (GlcNAc...) asparagine"; /evidence="ECO:0000255"; CARBOHYD 189; /note="N-linked (GlcNAc...) asparagine"; /evidence="ECO:0000255"; CARBOHYD 201; /note="N-linked (GlcNAc...) asparagine"; /evidence="ECO:0000255"	
Q07011	TNFRSF9 CD137 ILA	CARBOHYD 138; /note="N-linked (GlcNAc...) asparagine"; /evidence="ECO:0000255"; CARBOHYD 149; /note="N-linked (GlcNAc...) asparagine"; /evidence="ECO:0000255"	
O00300	TNFRSF11B OCIF OPG	CARBOHYD 98; /note="N-linked (GlcNAc...) asparagine"; /evidence="ECO:0000255"; CARBOHYD 152; /note="N-linked (GlcNAc...) asparagine"; /evidence="ECO:0000255"; CARBOHYD 165; /note="N-linked (GlcNAc...) asparagine"; /evidence="ECO:0000255"; CARBOHYD 178; /note="N-linked (GlcNAc...) asparagine"; /evidence="ECO:0000269|PubMed:22664871"; CARBOHYD 289; /note="N-linked (GlcNAc...) asparagine"; /evidence="ECO:0000255"	
P28908	TNFRSF8 CD30 D1S166E	CARBOHYD 32; /note="N-linked (GlcNAc...) asparagine"; /evidence="ECO:0000255"; CARBOHYD 101; /note="N-linked (GlcNAc...) asparagine"; /evidence="ECO:0000255"; CARBOHYD 276; /note="N-linked (GlcNAc...) asparagine"; /evidence="ECO:0000255"; CARBOHYD 336; /note="N-linked (GlcNAc...) asparagine"; /evidence="ECO:0000255"	
P46094	XCR1 CCXCR1 GPR5		
P19438	TNFRSF1A TNFAR TNFR1	CARBOHYD 54; /note="N-linked (GlcNAc...) asparagine"; /evidence="ECO:0000255"; CARBOHYD 145; /note="N-linked (GlcNAc...) asparagine"; /evidence="ECO:0000255"; CARBOHYD 151; /note="N-linked (GlcNAc...) asparagine"; /evidence="ECO:0000255"; CARBOHYD 376; /note="(Microbial infection) N-beta-linked (GlcNAc) arginine"; /evidence="ECO:0000269|PubMed:30979585, ECO:0000305|PubMed:23955153"	
O00220	TNFRSF10A APO2 DR4 TRAILR1	CARBOHYD 156; /note="N-linked (GlcNAc...) asparagine"; /evidence="ECO:0000255"	
P16473	TSHR LGR3	CARBOHYD 77; /note="N-linked (GlcNAc...) asparagine"; /evidence="ECO:0000269|PubMed:11502179, ECO:0000269|PubMed:17542669"; CARBOHYD 99; /note="N-linked (GlcNAc...) asparagine"; /evidence="ECO:0000269|PubMed:17542669"; CARBOHYD 113; /note="N-linked (GlcNAc...) asparagine"; /evidence="ECO:0000269|PubMed:11502179, ECO:0000269|PubMed:17542669"; CARBOHYD 177; /note="N-linked (GlcNAc...) asparagine"; /evidence="ECO:0000269|PubMed:17542669"; CARBOHYD 198; /note="N-linked (GlcNAc...) asparagine"; /evidence="ECO:0000269|PubMed:11502179, ECO:0000269|PubMed:17542669"; CARBOHYD 302; /note="N-linked (GlcNAc...) asparagine"; /evidence="ECO:0000269|PubMed:11502179"	
P20333	TNFRSF1B TNFBR TNFR2	CARBOHYD 30; /note="O-linked (GalNAc...) threonine"; /evidence="ECO:0000269|PubMed:25456591"; CARBOHYD 171; /note="N-linked (GlcNAc...) asparagine"; /evidence="ECO:0000255"; CARBOHYD 193; /note="N-linked (GlcNAc...) asparagine"; /evidence="ECO:0000255"; CARBOHYD 206; /note="O-linked (GalNAc...) threonine"; /evidence="ECO:0000269|PubMed:25456591"; CARBOHYD 221; /note="O-linked (GalNAc...) serine"; /evidence="ECO:0000269|PubMed:25456591"; CARBOHYD 222; /note="O-linked (GalNAc...) threonine"; /evidence="ECO:0000269|PubMed:25456591"	
P04275	VWF F8VWF	CARBOHYD 99; /note="N-linked (GlcNAc...) asparagine"; /evidence="ECO:0000255"; CARBOHYD 156; /note="N-linked (GlcNAc...) asparagine"; /evidence="ECO:0000255"; CARBOHYD 211; /note="N-linked (GlcNAc...) asparagine"; /evidence="ECO:0000255"; CARBOHYD 666; /note="N-linked (GlcNAc...) asparagine"; /evidence="ECO:0000255"; CARBOHYD 857; /note="N-linked (GlcNAc...) asparagine"; CARBOHYD 1147; /note="N-linked (GlcNAc...) asparagine; atypical"; CARBOHYD 1231; /note="N-linked (GlcNAc...) asparagine"; CARBOHYD 1248; /note="O-linked (GalNAc...) threonine"; /evidence="ECO:0000305"; CARBOHYD 1255; /note="O-linked (GalNAc...) threonine"; /evidence="ECO:0000305"; CARBOHYD 1256; /note="O-linked (GalNAc...) threonine"; /evidence="ECO:0000305"; CARBOHYD 1263; /note="O-linked (GalNAc...) serine"; /evidence="ECO:0000269|PubMed:3524673"; CARBOHYD 1468; /note="O-linked (GalNAc...) threonine"; /evidence="ECO:0000305"; CARBOHYD 1477; /note="O-linked (GalNAc...) threonine"; /evidence="ECO:0000305"; CARBOHYD 1486; /note="O-linked (GalNAc...) serine"; /evidence="ECO:0000305"; CARBOHYD 1487; /note="O-linked (GalNAc...) threonine"; /evidence="ECO:0000305"; CARBOHYD 1515; /note="N-linked (GlcNAc...) (complex) asparagine"; /evidence="ECO:0000269|PubMed:14760718, ECO:0000269|PubMed:19139490"; CARBOHYD 1574; /note="N-linked (GlcNAc...) asparagine"; CARBOHYD 1679; /note="O-linked (GalNAc...) threonine"; /evidence="ECO:0000305"; CARBOHYD 2223; /note="N-linked (GlcNAc...) asparagine"; CARBOHYD 2290; /note="N-linked (GlcNAc...) asparagine"; CARBOHYD 2298; /note="O-linked (GalNAc...) threonine"; /evidence="ECO:0000305"; CARBOHYD 2357; /note="N-linked (GlcNAc...) asparagine"; CARBOHYD 2400; /note="N-linked (GlcNAc...) asparagine"; CARBOHYD 2546; /note="N-linked (GlcNAc...) asparagine"; /evidence="ECO:0000269|PubMed:19159218"; CARBOHYD 2585; /note="N-linked (GlcNAc...) asparagine"; CARBOHYD 2790; /note="N-linked (GlcNAc...) asparagine"	
Q9ULT6	ZNRF3 KIAA1133 RNF203		
P09544	WNT2 INT1L1 IRP	CARBOHYD 295; /note="N-linked (GlcNAc...) asparagine"; /evidence="ECO:0000255"	LIPID 212; /note="O-palmitoleoyl serine; by PORCN"; /evidence="ECO:0000250|UniProtKB:P56704"
Q92844	TANK ITRAF TRAF2		
P56705	WNT4 UNQ426/PRO864	CARBOHYD 88; /note="N-linked (GlcNAc...) asparagine"; /evidence="ECO:0000255"; CARBOHYD 297; /note="N-linked (GlcNAc...) asparagine"; /evidence="ECO:0000255"	LIPID 212; /note="O-palmitoleoyl serine; by PORCN"; /evidence="ECO:0000250|UniProtKB:P56704"
P50591	TNFSF10 APO2L TRAIL		
Q6ZN44	UNC5A KIAA1976 UNC5H1	CARBOHYD 107; /note="N-linked (GlcNAc...) asparagine"; /evidence="ECO:0000255"; CARBOHYD 218; /note="N-linked (GlcNAc...) asparagine"; /evidence="ECO:0000255, ECO:0007744|PDB:4V2A"; CARBOHYD 245; /note="C-linked (Man) tryptophan"; /evidence="ECO:0000250|UniProtKB:Q8K1S4"; CARBOHYD 248; /note="C-linked (Man) tryptophan"; /evidence="ECO:0000250|UniProtKB:Q8K1S4"; CARBOHYD 251; /note="C-linked (Man) tryptophan"; /evidence="ECO:0000250|UniProtKB:Q8K1S4"; CARBOHYD 287; /note="N-linked (GlcNAc...) asparagine"; /evidence="ECO:0000255"	
O95150	TNFSF15 TL1 TL1A VEGI	CARBOHYD 133; /note="N-linked (GlcNAc...) asparagine"; /evidence="ECO:0000255"; CARBOHYD 229; /note="N-linked (GlcNAc...) asparagine"; /evidence="ECO:0000255"	
O14788	TNFSF11 OPGL RANKL TRANCE	CARBOHYD 171; /note="N-linked (GlcNAc...) asparagine"; /evidence="ECO:0000255"; CARBOHYD 198; /note="N-linked (GlcNAc...) asparagine"; /evidence="ECO:0000255"	
O75509	TNFRSF21 DR6 UNQ437/PRO868	CARBOHYD 82; /note="N-linked (GlcNAc...) asparagine"; /evidence="ECO:0000269|PubMed:19654028"; CARBOHYD 141; /note="N-linked (GlcNAc...) asparagine"; /evidence="ECO:0000269|PubMed:19654028"; CARBOHYD 252; /note="N-linked (GlcNAc...) asparagine"; /evidence="ECO:0000269|PubMed:19654028"; CARBOHYD 257; /note="N-linked (GlcNAc...) asparagine"; /evidence="ECO:0000269|PubMed:19654028"; CARBOHYD 278; /note="N-linked (GlcNAc...) asparagine"; /evidence="ECO:0000269|PubMed:19654028"; CARBOHYD 289; /note="N-linked (GlcNAc...) asparagine"; /evidence="ECO:0000269|PubMed:19654028"	LIPID 368; /note="S-palmitoyl cysteine"; /evidence="ECO:0000269|PubMed:19654028"
Q92956	TNFRSF14 HVEA HVEM UNQ329/PRO509	CARBOHYD 110; /note="N-linked (GlcNAc...) asparagine"; /evidence="ECO:0000269|PubMed:16169851"; CARBOHYD 173; /note="N-linked (GlcNAc...) asparagine"; /evidence="ECO:0000255"	
O43508	TNFSF12 APO3L DR3LG UNQ181/PRO207	CARBOHYD 139; /note="N-linked (GlcNAc...) asparagine"	
Q7Z7D3	VTCN1 B7H4 UNQ659/PRO1291	CARBOHYD 216; /note="N-linked (GlcNAc...) asparagine"; /evidence="ECO:0000255"	
O14798	TNFRSF10C DCR1 LIT TRAILR3 TRID UNQ321/PRO366	CARBOHYD 77; /note="N-linked (GlcNAc...) (high mannose) asparagine"; /evidence="ECO:0000255"; CARBOHYD 140; /note="N-linked (GlcNAc...) (high mannose) asparagine"; /evidence="ECO:0000255"; CARBOHYD 156; /note="N-linked (GlcNAc...) (high mannose) asparagine"; /evidence="ECO:0000255"	LIPID 236; /note="GPI-anchor amidated alanine"; /evidence="ECO:0000255, ECO:0000305|PubMed:9373179"
O43557	TNFSF14 HVEML LIGHT UNQ391/PRO726	CARBOHYD 102; /note="N-linked (GlcNAc...) asparagine"; /evidence="ECO:0000269|PubMed:25087510, ECO:0000269|Ref.10"	
Q9UNG2	TNFSF18 AITRL GITRL TL6 UNQ149/PRO175	CARBOHYD 129; /note="N-linked (GlcNAc...) asparagine"; /evidence="ECO:0000255"; CARBOHYD 161; /note="N-linked (GlcNAc...) asparagine"; /evidence="ECO:0000255"	
Q9Y5U5	TNFRSF18 AITR GITR UNQ319/PRO364	CARBOHYD 146; /note="N-linked (GlcNAc...) asparagine"; /evidence="ECO:0000255"	
P21754	ZP3 ZP3A ZP3B ZPC	CARBOHYD 125; /note="N-linked (GlcNAc...) asparagine"; /evidence="ECO:0000269|PubMed:15379548"; CARBOHYD 147; /note="N-linked (GlcNAc...) asparagine"; /evidence="ECO:0000269|PubMed:15379548"; CARBOHYD 156; /note="O-linked (GalNAc...) threonine"; /evidence="ECO:0000250"; CARBOHYD 162; /note="O-linked (GalNAc...) threonine"; /evidence="ECO:0000250"; CARBOHYD 163; /note="O-linked (GalNAc...) threonine"; /evidence="ECO:0000250"; CARBOHYD 272; /note="N-linked (GlcNAc...) asparagine"; /evidence="ECO:0000269|PubMed:15379548"	
O95407	TNFRSF6B DCR3 TR6 UNQ186/PRO212	CARBOHYD 173; /note="N-linked (GlcNAc...) asparagine"; /evidence="ECO:0000269|PubMed:25087510, ECO:0007744|PDB:4J6G, ECO:0007744|PDB:4KGG"	
Q9NS68	TNFRSF19 TAJ TROY UNQ1888/PRO4333	CARBOHYD 105; /note="N-linked (GlcNAc...) asparagine"; /evidence="ECO:0000255"	
O75888	TNFSF13 APRIL TALL2 ZTNF2 UNQ383/PRO715	CARBOHYD 124; /note="N-linked (GlcNAc...) asparagine"; /evidence="ECO:0000255"	
Q13114	TRAF3 CAP-1 CRAF1 TRAFAMN		
Q6UXZ4	UNC5D KIAA1777 UNC5H4 UNQ6012/PRO34692	CARBOHYD 117; /note="N-linked (GlcNAc...) asparagine"; /evidence="ECO:0000255"; CARBOHYD 228; /note="N-linked (GlcNAc...) asparagine"; /evidence="ECO:0000255"; CARBOHYD 353; /note="N-linked (GlcNAc...) asparagine"; /evidence="ECO:0000255"; CARBOHYD 376; /note="N-linked (GlcNAc...) asparagine"; /evidence="ECO:0000255"	
Q8IZJ1	UNC5B P53RDL1 UNC5H2 UNQ1883/PRO4326	CARBOHYD 222; /note="N-linked (GlcNAc...) asparagine"; /evidence="ECO:0000255"; CARBOHYD 347; /note="N-linked (GlcNAc...) asparagine"; /evidence="ECO:0000255"	LIPID 403; /note="S-palmitoyl cysteine"; /evidence="ECO:0000250|UniProtKB:O08722"
O14763	TNFRSF10B DR5 KILLER TRAILR2 TRICK2 ZTNFR9 UNQ160/PRO186		
Q06418	TYRO3 BYK DTK RSE SKY TIF	CARBOHYD 63; /note="N-linked (GlcNAc...) asparagine"; /evidence="ECO:0000255"; CARBOHYD 191; /note="N-linked (GlcNAc...) asparagine"; /evidence="ECO:0000255"; CARBOHYD 230; /note="N-linked (GlcNAc...) asparagine"; /evidence="ECO:0000255"; CARBOHYD 240; /note="N-linked (GlcNAc...) asparagine"; /evidence="ECO:0000255"; CARBOHYD 293; /note="N-linked (GlcNAc...) asparagine"; /evidence="ECO:0000255"; CARBOHYD 366; /note="N-linked (GlcNAc...) asparagine"; /evidence="ECO:0000255"; CARBOHYD 380; /note="N-linked (GlcNAc...) asparagine"; /evidence="ECO:0000255"	
Q9Y275	TNFSF13B BAFF BLYS TALL1 TNFSF20 ZTNF4 UNQ401/PRO738	CARBOHYD 124; /note="N-linked (GlcNAc...) asparagine"; CARBOHYD 242; /note="N-linked (GlcNAc...) (high mannose) asparagine"	
Q93038	TNFRSF25 APO3 DDR3 DR3 TNFRSF12 WSL WSL1 UNQ455/PRO779	CARBOHYD 67; /note="N-linked (GlcNAc...) asparagine"; /evidence="ECO:0000255"; CARBOHYD 106; /note="N-linked (GlcNAc...) asparagine"; /evidence="ECO:0000255"; CARBOHYD 352; /note="(Microbial infection) N-beta-linked (GlcNAc) arginine"; /evidence="ECO:0000305|PubMed:30979585"	
Q765I0	UTS2B URP UTS2D		
