{"tissue_hires_scalef": 0.07287567, "tissue_lowres_scalef": 0.021862702, "fiducial_diameter_fullres": 304.6773679023793, "spot_diameter_fullres": 188.60979917766335}